contact_id,customer_id,contact_date,channel,proposed_product,result,employee_id,note
H000001,C00001,2026-01-22,メール,外国債券,情報提供のみ,E023,外国債券を提案。前向きな反応。
H000002,C00001,2025-10-20,メール,NISA,再訪問予定,E023,NISAを提案。前向きな反応。
H000003,C00002,2025-12-06,メール,NISA,見送り,E039,NISAを提案。反応は限定的。
H000004,C00003,2026-04-22,来店,投資信託,再訪問予定,E049,投資信託を提案。前向きな反応。
H000005,C00003,2025-05-12,メール,外国債券,情報提供のみ,E049,外国債券を提案。前向きな反応。
H000006,C00005,2026-03-20,電話,相続コンサル,検討中,E005,相続コンサルを提案。前向きな反応。
H000007,C00006,2025-08-27,メール,外貨預金,検討中,E043,外貨預金を提案。前向きな反応。
H000008,C00006,2024-08-01,訪問,国内債券,検討中,E043,国内債券を提案。前向きな反応。
H000009,C00006,2025-07-05,来店,外国債券,検討中,E043,外国債券を提案。前向きな反応。
H000010,C00008,2025-12-03,訪問,ファンドラップ,情報提供のみ,E040,ファンドラップを提案。前向きな反応。
H000011,C00008,2025-11-30,オンライン面談,投資信託,成約,E040,投資信託を提案。前向きな反応。
H000012,C00009,2025-11-26,メール,相続コンサル,再訪問予定,E073,相続コンサルを提案。前向きな反応。
H000013,C00009,2025-02-13,電話,一時払い保険,情報提供のみ,E073,一時払い保険を提案。前向きな反応。
H000014,C00009,2025-08-30,オンライン面談,NISA,検討中,E073,NISAを提案。前向きな反応。
H000015,C00009,2025-11-20,訪問,相続コンサル,成約,E073,相続コンサルを提案。前向きな反応。
H000016,C00010,2026-01-20,訪問,外国債券,見送り,E009,外国債券を提案。反応は限定的。
H000017,C00010,2025-06-17,来店,外国債券,再訪問予定,E009,外国債券を提案。前向きな反応。
H000018,C00010,2025-10-28,来店,一時払い保険,見送り,E009,一時払い保険を提案。反応は限定的。
H000019,C00010,2025-09-25,メール,NISA,成約,E009,NISAを提案。前向きな反応。
H000020,C00010,2025-07-27,オンライン面談,ファンドラップ,情報提供のみ,E009,ファンドラップを提案。前向きな反応。
H000021,C00011,2026-07-24,メール,NISA,情報提供のみ,E075,NISAを提案。前向きな反応。
H000022,C00011,2025-09-02,電話,NISA,情報提供のみ,E075,NISAを提案。前向きな反応。
H000023,C00011,2025-11-03,電話,外貨預金,成約,E075,外貨預金を提案。前向きな反応。
H000024,C00011,2025-08-15,オンライン面談,一時払い保険,見送り,E075,一時払い保険を提案。反応は限定的。
H000025,C00012,2026-02-13,訪問,投資信託,成約,E014,投資信託を提案。前向きな反応。
H000026,C00012,2025-07-09,訪問,外貨預金,見送り,E014,外貨預金を提案。反応は限定的。
H000027,C00013,2025-09-18,メール,NISA,再訪問予定,E060,NISAを提案。前向きな反応。
H000028,C00013,2025-06-10,来店,国内債券,成約,E060,国内債券を提案。前向きな反応。
H000029,C00014,2025-11-13,メール,外貨預金,情報提供のみ,E001,外貨預金を提案。前向きな反応。
H000030,C00015,2025-07-22,メール,国内債券,検討中,E016,国内債券を提案。前向きな反応。
H000031,C00015,2024-06-21,メール,一時払い保険,成約,E016,一時払い保険を提案。前向きな反応。
H000032,C00015,2025-02-22,電話,相続コンサル,成約,E016,相続コンサルを提案。前向きな反応。
H000033,C00015,2025-04-15,オンライン面談,ファンドラップ,再訪問予定,E016,ファンドラップを提案。前向きな反応。
H000034,C00017,2025-08-17,来店,投資信託,再訪問予定,E024,投資信託を提案。前向きな反応。
H000035,C00017,2025-07-14,オンライン面談,ファンドラップ,情報提供のみ,E024,ファンドラップを提案。前向きな反応。
H000036,C00018,2025-09-22,訪問,一時払い保険,成約,E040,一時払い保険を提案。前向きな反応。
H000037,C00019,2024-12-21,電話,NISA,再訪問予定,E036,NISAを提案。前向きな反応。
H000038,C00019,2024-04-08,電話,外貨預金,見送り,E036,外貨預金を提案。反応は限定的。
H000039,C00019,2024-08-26,訪問,一時払い保険,情報提供のみ,E036,一時払い保険を提案。前向きな反応。
H000040,C00021,2025-09-27,来店,国内債券,再訪問予定,E037,国内債券を提案。前向きな反応。
H000041,C00021,2025-03-09,メール,相続コンサル,見送り,E037,相続コンサルを提案。反応は限定的。
H000042,C00021,2025-01-07,来店,ファンドラップ,検討中,E037,ファンドラップを提案。前向きな反応。
H000043,C00021,2025-07-01,訪問,外貨預金,検討中,E037,外貨預金を提案。前向きな反応。
H000044,C00021,2024-10-19,訪問,外貨預金,検討中,E037,外貨預金を提案。前向きな反応。
H000045,C00023,2025-11-17,訪問,国内債券,検討中,E059,国内債券を提案。前向きな反応。
H000046,C00024,2026-04-28,メール,国内債券,成約,E012,国内債券を提案。前向きな反応。
H000047,C00024,2025-05-12,訪問,一時払い保険,見送り,E012,一時払い保険を提案。反応は限定的。
H000048,C00024,2026-02-24,電話,相続コンサル,情報提供のみ,E012,相続コンサルを提案。前向きな反応。
H000049,C00024,2025-08-09,訪問,ファンドラップ,再訪問予定,E012,ファンドラップを提案。前向きな反応。
H000050,C00025,2025-04-09,メール,外国債券,情報提供のみ,E024,外国債券を提案。前向きな反応。
H000051,C00025,2024-03-14,オンライン面談,投資信託,見送り,E024,投資信託を提案。反応は限定的。
H000052,C00025,2024-10-30,メール,外国債券,情報提供のみ,E024,外国債券を提案。前向きな反応。
H000053,C00027,2025-09-03,電話,外貨預金,検討中,E014,外貨預金を提案。前向きな反応。
H000054,C00027,2025-08-16,来店,ファンドラップ,再訪問予定,E014,ファンドラップを提案。前向きな反応。
H000055,C00027,2025-06-06,訪問,外国債券,情報提供のみ,E014,外国債券を提案。前向きな反応。
H000056,C00028,2025-09-19,電話,相続コンサル,成約,E058,相続コンサルを提案。前向きな反応。
H000057,C00028,2025-05-22,電話,国内債券,成約,E058,国内債券を提案。前向きな反応。
H000058,C00028,2025-07-24,オンライン面談,相続コンサル,成約,E058,相続コンサルを提案。前向きな反応。
H000059,C00028,2025-07-01,オンライン面談,一時払い保険,情報提供のみ,E058,一時払い保険を提案。前向きな反応。
H000060,C00029,2025-11-27,来店,一時払い保険,成約,E034,一時払い保険を提案。前向きな反応。
H000061,C00029,2025-09-26,来店,国内債券,成約,E034,国内債券を提案。前向きな反応。
H000062,C00029,2025-08-02,電話,投資信託,成約,E034,投資信託を提案。前向きな反応。
H000063,C00029,2024-12-08,オンライン面談,ファンドラップ,検討中,E034,ファンドラップを提案。前向きな反応。
H000064,C00030,2026-06-20,来店,投資信託,見送り,E021,投資信託を提案。反応は限定的。
H000065,C00030,2025-08-01,オンライン面談,相続コンサル,再訪問予定,E021,相続コンサルを提案。前向きな反応。
H000066,C00030,2026-04-19,来店,国内債券,再訪問予定,E021,国内債券を提案。前向きな反応。
H000067,C00031,2026-02-08,メール,国内債券,検討中,E046,国内債券を提案。前向きな反応。
H000068,C00032,2026-04-19,オンライン面談,外貨預金,情報提供のみ,E078,外貨預金を提案。前向きな反応。
H000069,C00032,2025-05-22,電話,国内債券,見送り,E078,国内債券を提案。反応は限定的。
H000070,C00032,2025-03-29,来店,相続コンサル,検討中,E078,相続コンサルを提案。前向きな反応。
H000071,C00032,2025-03-15,オンライン面談,外国債券,成約,E078,外国債券を提案。前向きな反応。
H000072,C00032,2025-11-12,メール,NISA,再訪問予定,E078,NISAを提案。前向きな反応。
H000073,C00035,2025-07-18,来店,相続コンサル,情報提供のみ,E034,相続コンサルを提案。前向きな反応。
H000074,C00035,2024-12-24,電話,投資信託,検討中,E034,投資信託を提案。前向きな反応。
H000075,C00035,2025-02-26,訪問,ファンドラップ,検討中,E034,ファンドラップを提案。前向きな反応。
H000076,C00035,2025-06-10,訪問,投資信託,情報提供のみ,E034,投資信託を提案。前向きな反応。
H000077,C00035,2025-06-25,メール,ファンドラップ,情報提供のみ,E034,ファンドラップを提案。前向きな反応。
H000078,C00036,2026-01-30,メール,外貨預金,成約,E051,外貨預金を提案。前向きな反応。
H000079,C00036,2026-01-24,メール,NISA,検討中,E051,NISAを提案。前向きな反応。
H000080,C00036,2025-12-17,来店,一時払い保険,情報提供のみ,E051,一時払い保険を提案。前向きな反応。
H000081,C00036,2026-01-30,メール,NISA,成約,E051,NISAを提案。前向きな反応。
H000082,C00036,2025-03-22,オンライン面談,外貨預金,再訪問予定,E051,外貨預金を提案。前向きな反応。
H000083,C00037,2026-07-27,オンライン面談,投資信託,検討中,E006,投資信託を提案。前向きな反応。
H000084,C00037,2025-10-13,電話,ファンドラップ,検討中,E006,ファンドラップを提案。前向きな反応。
H000085,C00037,2026-04-15,訪問,外国債券,検討中,E006,外国債券を提案。前向きな反応。
H000086,C00038,2025-10-31,オンライン面談,ファンドラップ,成約,E035,ファンドラップを提案。前向きな反応。
H000087,C00038,2024-12-25,メール,投資信託,見送り,E035,投資信託を提案。反応は限定的。
H000088,C00038,2025-01-28,メール,国内債券,検討中,E035,国内債券を提案。前向きな反応。
H000089,C00038,2024-11-16,メール,国内債券,検討中,E035,国内債券を提案。前向きな反応。
H000090,C00038,2025-04-25,オンライン面談,ファンドラップ,成約,E035,ファンドラップを提案。前向きな反応。
H000091,C00039,2024-11-24,来店,相続コンサル,情報提供のみ,E011,相続コンサルを提案。前向きな反応。
H000092,C00039,2024-11-13,オンライン面談,一時払い保険,検討中,E011,一時払い保険を提案。前向きな反応。
H000093,C00041,2025-08-23,訪問,相続コンサル,情報提供のみ,E057,相続コンサルを提案。前向きな反応。
H000094,C00041,2024-10-04,オンライン面談,外国債券,検討中,E057,外国債券を提案。前向きな反応。
H000095,C00041,2025-03-22,来店,投資信託,再訪問予定,E057,投資信託を提案。前向きな反応。
H000096,C00042,2026-02-10,電話,国内債券,再訪問予定,E061,国内債券を提案。前向きな反応。
H000097,C00042,2025-08-10,訪問,NISA,情報提供のみ,E061,NISAを提案。前向きな反応。
H000098,C00042,2025-12-12,メール,相続コンサル,検討中,E061,相続コンサルを提案。前向きな反応。
H000099,C00042,2025-02-14,来店,外国債券,検討中,E061,外国債券を提案。前向きな反応。
H000100,C00043,2025-10-13,電話,国内債券,成約,E064,国内債券を提案。前向きな反応。
H000101,C00043,2024-11-03,オンライン面談,外国債券,検討中,E064,外国債券を提案。前向きな反応。
H000102,C00043,2024-12-06,オンライン面談,ファンドラップ,情報提供のみ,E064,ファンドラップを提案。前向きな反応。
H000103,C00044,2026-04-03,電話,外国債券,成約,E056,外国債券を提案。前向きな反応。
H000104,C00044,2025-08-02,訪問,国内債券,検討中,E056,国内債券を提案。前向きな反応。
H000105,C00044,2025-04-06,訪問,NISA,検討中,E056,NISAを提案。前向きな反応。
H000106,C00045,2026-06-25,オンライン面談,NISA,再訪問予定,E036,NISAを提案。前向きな反応。
H000107,C00046,2025-05-27,来店,NISA,見送り,E038,NISAを提案。反応は限定的。
H000108,C00046,2024-09-11,電話,投資信託,情報提供のみ,E038,投資信託を提案。前向きな反応。
H000109,C00047,2026-06-14,訪問,相続コンサル,再訪問予定,E069,相続コンサルを提案。前向きな反応。
H000110,C00048,2025-10-27,来店,投資信託,成約,E001,投資信託を提案。前向きな反応。
H000111,C00048,2025-04-06,電話,NISA,検討中,E001,NISAを提案。前向きな反応。
H000112,C00048,2025-09-30,メール,外国債券,成約,E001,外国債券を提案。前向きな反応。
H000113,C00048,2025-08-19,訪問,相続コンサル,情報提供のみ,E001,相続コンサルを提案。前向きな反応。
H000114,C00048,2025-02-12,電話,NISA,情報提供のみ,E001,NISAを提案。前向きな反応。
H000115,C00049,2026-01-28,来店,国内債券,見送り,E012,国内債券を提案。反応は限定的。
H000116,C00049,2025-03-01,オンライン面談,外国債券,検討中,E012,外国債券を提案。前向きな反応。
H000117,C00050,2025-08-15,メール,一時払い保険,成約,E008,一時払い保険を提案。前向きな反応。
H000118,C00050,2025-01-13,来店,ファンドラップ,情報提供のみ,E008,ファンドラップを提案。前向きな反応。
H000119,C00051,2025-07-18,訪問,投資信託,検討中,E073,投資信託を提案。前向きな反応。
H000120,C00051,2025-06-18,訪問,投資信託,成約,E073,投資信託を提案。前向きな反応。
H000121,C00051,2024-09-27,訪問,投資信託,見送り,E073,投資信託を提案。反応は限定的。
H000122,C00051,2024-11-23,来店,国内債券,検討中,E073,国内債券を提案。前向きな反応。
H000123,C00052,2025-12-20,来店,NISA,検討中,E003,NISAを提案。前向きな反応。
H000124,C00052,2025-05-09,来店,外国債券,検討中,E003,外国債券を提案。前向きな反応。
H000125,C00055,2026-03-10,来店,投資信託,情報提供のみ,E062,投資信託を提案。前向きな反応。
H000126,C00055,2025-10-30,来店,外貨預金,見送り,E062,外貨預金を提案。反応は限定的。
H000127,C00055,2025-09-24,訪問,一時払い保険,再訪問予定,E062,一時払い保険を提案。前向きな反応。
H000128,C00055,2025-12-28,オンライン面談,相続コンサル,検討中,E062,相続コンサルを提案。前向きな反応。
H000129,C00056,2025-10-28,電話,ファンドラップ,検討中,E073,ファンドラップを提案。前向きな反応。
H000130,C00056,2024-12-28,訪問,外貨預金,情報提供のみ,E073,外貨預金を提案。前向きな反応。
H000131,C00056,2024-10-01,来店,ファンドラップ,情報提供のみ,E073,ファンドラップを提案。前向きな反応。
H000132,C00056,2025-09-13,オンライン面談,外国債券,情報提供のみ,E073,外国債券を提案。前向きな反応。
H000133,C00057,2026-03-11,オンライン面談,国内債券,成約,E029,国内債券を提案。前向きな反応。
H000134,C00058,2024-12-30,来店,投資信託,見送り,E035,投資信託を提案。反応は限定的。
H000135,C00058,2024-12-07,電話,NISA,情報提供のみ,E035,NISAを提案。前向きな反応。
H000136,C00058,2024-01-26,オンライン面談,ファンドラップ,検討中,E035,ファンドラップを提案。前向きな反応。
H000137,C00059,2025-12-26,メール,外貨預金,検討中,E034,外貨預金を提案。前向きな反応。
H000138,C00060,2025-07-30,メール,外貨預金,見送り,E021,外貨預金を提案。反応は限定的。
H000139,C00060,2025-03-29,訪問,外国債券,見送り,E021,外国債券を提案。反応は限定的。
H000140,C00060,2025-06-30,メール,外貨預金,情報提供のみ,E021,外貨預金を提案。前向きな反応。
H000141,C00061,2026-07-29,メール,相続コンサル,成約,E066,相続コンサルを提案。前向きな反応。
H000142,C00061,2025-10-22,電話,外貨預金,情報提供のみ,E066,外貨預金を提案。前向きな反応。
H000143,C00061,2025-10-25,オンライン面談,一時払い保険,見送り,E066,一時払い保険を提案。反応は限定的。
H000144,C00062,2026-03-08,電話,ファンドラップ,情報提供のみ,E037,ファンドラップを提案。前向きな反応。
H000145,C00063,2026-03-18,メール,外国債券,見送り,E026,外国債券を提案。反応は限定的。
H000146,C00063,2025-09-30,訪問,投資信託,検討中,E026,投資信託を提案。前向きな反応。
H000147,C00063,2025-08-03,訪問,投資信託,検討中,E026,投資信託を提案。前向きな反応。
H000148,C00063,2025-08-01,オンライン面談,NISA,検討中,E026,NISAを提案。前向きな反応。
H000149,C00063,2025-09-13,メール,外国債券,成約,E026,外国債券を提案。前向きな反応。
H000150,C00064,2025-08-09,来店,投資信託,見送り,E080,投資信託を提案。反応は限定的。
H000151,C00065,2025-07-21,訪問,国内債券,成約,E010,国内債券を提案。前向きな反応。
H000152,C00065,2024-09-02,訪問,投資信託,見送り,E010,投資信託を提案。反応は限定的。
H000153,C00066,2026-06-26,電話,国内債券,情報提供のみ,E051,国内債券を提案。前向きな反応。
H000154,C00066,2026-05-06,メール,ファンドラップ,成約,E051,ファンドラップを提案。前向きな反応。
H000155,C00066,2025-07-10,来店,外国債券,検討中,E051,外国債券を提案。前向きな反応。
H000156,C00066,2026-01-26,メール,ファンドラップ,成約,E051,ファンドラップを提案。前向きな反応。
H000157,C00067,2026-05-19,電話,投資信託,検討中,E041,投資信託を提案。前向きな反応。
H000158,C00067,2025-07-06,訪問,一時払い保険,検討中,E041,一時払い保険を提案。前向きな反応。
H000159,C00067,2026-01-02,来店,外国債券,情報提供のみ,E041,外国債券を提案。前向きな反応。
H000160,C00067,2026-04-07,電話,外国債券,検討中,E041,外国債券を提案。前向きな反応。
H000161,C00067,2025-12-10,オンライン面談,NISA,情報提供のみ,E041,NISAを提案。前向きな反応。
H000162,C00068,2026-01-25,電話,ファンドラップ,情報提供のみ,E065,ファンドラップを提案。前向きな反応。
H000163,C00069,2024-10-17,来店,国内債券,見送り,E042,国内債券を提案。反応は限定的。
H000164,C00069,2024-04-28,電話,外国債券,情報提供のみ,E042,外国債券を提案。前向きな反応。
H000165,C00069,2024-04-23,オンライン面談,外貨預金,見送り,E042,外貨預金を提案。反応は限定的。
H000166,C00070,2026-02-25,来店,相続コンサル,検討中,E031,相続コンサルを提案。前向きな反応。
H000167,C00070,2025-06-18,来店,相続コンサル,再訪問予定,E031,相続コンサルを提案。前向きな反応。
H000168,C00070,2025-12-21,メール,投資信託,情報提供のみ,E031,投資信託を提案。前向きな反応。
H000169,C00070,2025-02-28,オンライン面談,NISA,見送り,E031,NISAを提案。反応は限定的。
H000170,C00071,2025-09-10,来店,投資信託,成約,E074,投資信託を提案。前向きな反応。
H000171,C00072,2026-03-23,オンライン面談,一時払い保険,情報提供のみ,E029,一時払い保険を提案。前向きな反応。
H000172,C00072,2025-02-21,来店,一時払い保険,再訪問予定,E029,一時払い保険を提案。前向きな反応。
H000173,C00072,2025-05-31,来店,投資信託,検討中,E029,投資信託を提案。前向きな反応。
H000174,C00073,2024-10-07,来店,一時払い保険,見送り,E005,一時払い保険を提案。反応は限定的。
H000175,C00074,2025-10-08,訪問,国内債券,成約,E008,国内債券を提案。前向きな反応。
H000176,C00074,2025-05-08,オンライン面談,国内債券,情報提供のみ,E008,国内債券を提案。前向きな反応。
H000177,C00074,2024-11-08,訪問,外国債券,情報提供のみ,E008,外国債券を提案。前向きな反応。
H000178,C00074,2025-04-08,訪問,一時払い保険,情報提供のみ,E008,一時払い保険を提案。前向きな反応。
H000179,C00075,2025-10-31,訪問,外国債券,成約,E003,外国債券を提案。前向きな反応。
H000180,C00075,2025-04-16,来店,投資信託,成約,E003,投資信託を提案。前向きな反応。
H000181,C00075,2025-02-24,オンライン面談,投資信託,見送り,E003,投資信託を提案。反応は限定的。
H000182,C00075,2025-04-11,オンライン面談,ファンドラップ,情報提供のみ,E003,ファンドラップを提案。前向きな反応。
H000183,C00075,2025-01-24,来店,国内債券,見送り,E003,国内債券を提案。反応は限定的。
H000184,C00076,2026-01-05,メール,外貨預金,成約,E048,外貨預金を提案。前向きな反応。
H000185,C00076,2025-01-14,電話,相続コンサル,見送り,E048,相続コンサルを提案。反応は限定的。
H000186,C00076,2025-01-15,電話,一時払い保険,見送り,E048,一時払い保険を提案。反応は限定的。
H000187,C00076,2025-03-20,訪問,外貨預金,見送り,E048,外貨預金を提案。反応は限定的。
H000188,C00076,2025-06-28,電話,投資信託,成約,E048,投資信託を提案。前向きな反応。
H000189,C00077,2025-12-26,メール,外国債券,検討中,E075,外国債券を提案。前向きな反応。
H000190,C00077,2025-12-22,電話,外国債券,見送り,E075,外国債券を提案。反応は限定的。
H000191,C00077,2025-12-21,来店,相続コンサル,成約,E075,相続コンサルを提案。前向きな反応。
H000192,C00078,2026-03-10,訪問,外国債券,情報提供のみ,E044,外国債券を提案。前向きな反応。
H000193,C00078,2025-12-06,訪問,国内債券,検討中,E044,国内債券を提案。前向きな反応。
H000194,C00078,2025-10-31,電話,投資信託,見送り,E044,投資信託を提案。反応は限定的。
H000195,C00079,2025-10-28,電話,一時払い保険,再訪問予定,E077,一時払い保険を提案。前向きな反応。
H000196,C00079,2025-05-24,訪問,国内債券,成約,E077,国内債券を提案。前向きな反応。
H000197,C00079,2024-10-16,来店,投資信託,見送り,E077,投資信託を提案。反応は限定的。
H000198,C00079,2025-03-27,来店,NISA,成約,E077,NISAを提案。前向きな反応。
H000199,C00079,2024-12-06,オンライン面談,ファンドラップ,見送り,E077,ファンドラップを提案。反応は限定的。
H000200,C00080,2026-08-10,電話,国内債券,成約,E055,国内債券を提案。前向きな反応。
H000201,C00081,2026-01-02,電話,外国債券,見送り,E047,外国債券を提案。反応は限定的。
H000202,C00081,2025-12-30,訪問,NISA,情報提供のみ,E047,NISAを提案。前向きな反応。
H000203,C00081,2025-05-14,訪問,相続コンサル,検討中,E047,相続コンサルを提案。前向きな反応。
H000204,C00082,2026-05-14,来店,外国債券,見送り,E072,外国債券を提案。反応は限定的。
H000205,C00082,2025-07-15,メール,外貨預金,成約,E072,外貨預金を提案。前向きな反応。
H000206,C00082,2026-04-21,電話,一時払い保険,検討中,E072,一時払い保険を提案。前向きな反応。
H000207,C00082,2026-02-12,来店,外国債券,検討中,E072,外国債券を提案。前向きな反応。
H000208,C00083,2025-11-24,電話,国内債券,検討中,E074,国内債券を提案。前向きな反応。
H000209,C00083,2025-04-01,来店,外国債券,成約,E074,外国債券を提案。前向きな反応。
H000210,C00084,2025-12-03,来店,NISA,情報提供のみ,E019,NISAを提案。前向きな反応。
H000211,C00084,2025-08-10,オンライン面談,投資信託,検討中,E019,投資信託を提案。前向きな反応。
H000212,C00085,2025-08-24,電話,国内債券,見送り,E080,国内債券を提案。反応は限定的。
H000213,C00085,2024-10-17,電話,国内債券,検討中,E080,国内債券を提案。前向きな反応。
H000214,C00085,2024-11-29,来店,相続コンサル,再訪問予定,E080,相続コンサルを提案。前向きな反応。
H000215,C00086,2026-02-11,オンライン面談,国内債券,検討中,E054,国内債券を提案。前向きな反応。
H000216,C00086,2025-01-12,来店,ファンドラップ,成約,E054,ファンドラップを提案。前向きな反応。
H000217,C00086,2025-08-05,訪問,国内債券,再訪問予定,E054,国内債券を提案。前向きな反応。
H000218,C00086,2025-09-04,オンライン面談,相続コンサル,再訪問予定,E054,相続コンサルを提案。前向きな反応。
H000219,C00086,2025-06-16,電話,国内債券,検討中,E054,国内債券を提案。前向きな反応。
H000220,C00087,2026-07-26,来店,NISA,情報提供のみ,E004,NISAを提案。前向きな反応。
H000221,C00087,2025-11-23,オンライン面談,一時払い保険,成約,E004,一時払い保険を提案。前向きな反応。
H000222,C00087,2026-01-15,オンライン面談,外国債券,見送り,E004,外国債券を提案。反応は限定的。
H000223,C00087,2025-10-02,メール,外国債券,再訪問予定,E004,外国債券を提案。前向きな反応。
H000224,C00088,2026-03-01,訪問,投資信託,見送り,E019,投資信託を提案。反応は限定的。
H000225,C00088,2025-06-11,電話,外国債券,再訪問予定,E019,外国債券を提案。前向きな反応。
H000226,C00089,2026-05-26,来店,投資信託,成約,E070,投資信託を提案。前向きな反応。
H000227,C00089,2026-02-06,オンライン面談,外貨預金,見送り,E070,外貨預金を提案。反応は限定的。
H000228,C00089,2025-07-10,電話,外国債券,見送り,E070,外国債券を提案。反応は限定的。
H000229,C00090,2026-07-18,訪問,国内債券,検討中,E029,国内債券を提案。前向きな反応。
H000230,C00091,2025-09-10,電話,外国債券,情報提供のみ,E079,外国債券を提案。前向きな反応。
H000231,C00091,2024-12-16,来店,国内債券,見送り,E079,国内債券を提案。反応は限定的。
H000232,C00092,2025-10-26,オンライン面談,一時払い保険,再訪問予定,E007,一時払い保険を提案。前向きな反応。
H000233,C00092,2024-11-16,電話,投資信託,成約,E007,投資信託を提案。前向きな反応。
H000234,C00093,2026-05-03,来店,外貨預金,情報提供のみ,E047,外貨預金を提案。前向きな反応。
H000235,C00093,2025-05-12,電話,一時払い保険,情報提供のみ,E047,一時払い保険を提案。前向きな反応。
H000236,C00093,2026-02-26,メール,相続コンサル,検討中,E047,相続コンサルを提案。前向きな反応。
H000237,C00093,2026-02-27,来店,一時払い保険,検討中,E047,一時払い保険を提案。前向きな反応。
H000238,C00093,2026-01-24,来店,外国債券,見送り,E047,外国債券を提案。反応は限定的。
H000239,C00094,2026-02-27,来店,ファンドラップ,検討中,E009,ファンドラップを提案。前向きな反応。
H000240,C00094,2025-11-19,来店,投資信託,検討中,E009,投資信託を提案。前向きな反応。
H000241,C00094,2025-04-29,電話,相続コンサル,検討中,E009,相続コンサルを提案。前向きな反応。
H000242,C00095,2026-01-26,オンライン面談,国内債券,見送り,E058,国内債券を提案。反応は限定的。
H000243,C00095,2025-10-04,電話,国内債券,再訪問予定,E058,国内債券を提案。前向きな反応。
H000244,C00096,2026-05-27,オンライン面談,国内債券,検討中,E008,国内債券を提案。前向きな反応。
H000245,C00096,2025-06-10,来店,相続コンサル,検討中,E008,相続コンサルを提案。前向きな反応。
H000246,C00096,2025-07-20,来店,外国債券,見送り,E008,外国債券を提案。反応は限定的。
H000247,C00096,2025-08-29,電話,国内債券,情報提供のみ,E008,国内債券を提案。前向きな反応。
H000248,C00096,2026-05-13,訪問,一時払い保険,情報提供のみ,E008,一時払い保険を提案。前向きな反応。
H000249,C00097,2025-04-28,訪問,国内債券,見送り,E068,国内債券を提案。反応は限定的。
H000250,C00097,2024-10-10,電話,外国債券,見送り,E068,外国債券を提案。反応は限定的。
H000251,C00097,2025-01-15,来店,ファンドラップ,見送り,E068,ファンドラップを提案。反応は限定的。
H000252,C00098,2026-07-20,訪問,ファンドラップ,見送り,E069,ファンドラップを提案。反応は限定的。
H000253,C00098,2026-01-13,メール,ファンドラップ,検討中,E069,ファンドラップを提案。前向きな反応。
H000254,C00098,2025-06-30,来店,ファンドラップ,成約,E069,ファンドラップを提案。前向きな反応。
H000255,C00098,2025-12-31,電話,国内債券,見送り,E069,国内債券を提案。反応は限定的。
H000256,C00099,2025-07-29,訪問,投資信託,見送り,E011,投資信託を提案。反応は限定的。
H000257,C00099,2025-03-05,訪問,外貨預金,見送り,E011,外貨預金を提案。反応は限定的。
H000258,C00100,2026-01-09,メール,一時払い保険,再訪問予定,E066,一時払い保険を提案。前向きな反応。
H000259,C00100,2025-03-06,電話,一時払い保険,見送り,E066,一時払い保険を提案。反応は限定的。
H000260,C00100,2025-07-17,来店,外貨預金,見送り,E066,外貨預金を提案。反応は限定的。
H000261,C00101,2026-05-24,メール,一時払い保険,成約,E014,一時払い保険を提案。前向きな反応。
H000262,C00101,2026-02-27,メール,外国債券,検討中,E014,外国債券を提案。前向きな反応。
H000263,C00101,2026-03-25,来店,外貨預金,情報提供のみ,E014,外貨預金を提案。前向きな反応。
H000264,C00102,2026-04-29,メール,外国債券,情報提供のみ,E070,外国債券を提案。前向きな反応。
H000265,C00102,2025-04-16,訪問,NISA,検討中,E070,NISAを提案。前向きな反応。
H000266,C00103,2026-06-27,オンライン面談,投資信託,見送り,E038,投資信託を提案。反応は限定的。
H000267,C00104,2024-10-02,オンライン面談,国内債券,再訪問予定,E039,国内債券を提案。前向きな反応。
H000268,C00104,2024-03-08,電話,一時払い保険,再訪問予定,E039,一時払い保険を提案。前向きな反応。
H000269,C00105,2026-07-05,オンライン面談,ファンドラップ,検討中,E060,ファンドラップを提案。前向きな反応。
H000270,C00105,2026-03-25,オンライン面談,NISA,再訪問予定,E060,NISAを提案。前向きな反応。
H000271,C00105,2026-04-28,訪問,相続コンサル,情報提供のみ,E060,相続コンサルを提案。前向きな反応。
H000272,C00105,2026-04-01,訪問,投資信託,検討中,E060,投資信託を提案。前向きな反応。
H000273,C00105,2026-03-07,電話,一時払い保険,検討中,E060,一時払い保険を提案。前向きな反応。
H000274,C00106,2026-07-31,電話,国内債券,成約,E060,国内債券を提案。前向きな反応。
H000275,C00107,2025-09-09,オンライン面談,相続コンサル,検討中,E007,相続コンサルを提案。前向きな反応。
H000276,C00107,2025-03-02,訪問,NISA,情報提供のみ,E007,NISAを提案。前向きな反応。
H000277,C00108,2025-07-15,オンライン面談,外貨預金,見送り,E046,外貨預金を提案。反応は限定的。
H000278,C00108,2024-11-25,メール,外貨預金,再訪問予定,E046,外貨預金を提案。前向きな反応。
H000279,C00108,2024-08-24,訪問,一時払い保険,見送り,E046,一時払い保険を提案。反応は限定的。
H000280,C00109,2026-01-06,訪問,相続コンサル,情報提供のみ,E009,相続コンサルを提案。前向きな反応。
H000281,C00110,2026-01-28,メール,ファンドラップ,情報提供のみ,E015,ファンドラップを提案。前向きな反応。
H000282,C00110,2025-12-27,メール,一時払い保険,情報提供のみ,E015,一時払い保険を提案。前向きな反応。
H000283,C00111,2026-07-08,電話,NISA,検討中,E061,NISAを提案。前向きな反応。
H000284,C00113,2026-08-13,オンライン面談,NISA,情報提供のみ,E038,NISAを提案。前向きな反応。
H000285,C00113,2025-10-01,訪問,国内債券,再訪問予定,E038,国内債券を提案。前向きな反応。
H000286,C00113,2026-05-11,メール,外国債券,検討中,E038,外国債券を提案。前向きな反応。
H000287,C00113,2026-02-04,オンライン面談,ファンドラップ,検討中,E038,ファンドラップを提案。前向きな反応。
H000288,C00113,2025-12-28,電話,国内債券,情報提供のみ,E038,国内債券を提案。前向きな反応。
H000289,C00114,2026-08-11,メール,外貨預金,成約,E077,外貨預金を提案。前向きな反応。
H000290,C00115,2025-07-16,オンライン面談,国内債券,検討中,E027,国内債券を提案。前向きな反応。
H000291,C00115,2024-12-31,来店,外貨預金,成約,E027,外貨預金を提案。前向きな反応。
H000292,C00116,2026-04-04,オンライン面談,一時払い保険,成約,E036,一時払い保険を提案。前向きな反応。
H000293,C00116,2026-01-14,メール,国内債券,検討中,E036,国内債券を提案。前向きな反応。
H000294,C00116,2025-10-24,訪問,一時払い保険,再訪問予定,E036,一時払い保険を提案。前向きな反応。
H000295,C00116,2026-03-07,メール,ファンドラップ,成約,E036,ファンドラップを提案。前向きな反応。
H000296,C00116,2025-03-06,メール,一時払い保険,成約,E036,一時払い保険を提案。前向きな反応。
H000297,C00117,2024-10-25,来店,投資信託,見送り,E002,投資信託を提案。反応は限定的。
H000298,C00117,2023-11-09,来店,相続コンサル,情報提供のみ,E002,相続コンサルを提案。前向きな反応。
H000299,C00117,2024-04-26,電話,外国債券,情報提供のみ,E002,外国債券を提案。前向きな反応。
H000300,C00119,2025-11-09,メール,国内債券,情報提供のみ,E037,国内債券を提案。前向きな反応。
H000301,C00119,2025-01-28,訪問,NISA,成約,E037,NISAを提案。前向きな反応。
H000302,C00119,2025-05-08,訪問,外国債券,検討中,E037,外国債券を提案。前向きな反応。
H000303,C00119,2025-02-24,メール,外貨預金,検討中,E037,外貨預金を提案。前向きな反応。
H000304,C00119,2024-11-26,メール,投資信託,成約,E037,投資信託を提案。前向きな反応。
H000305,C00120,2025-03-07,電話,投資信託,再訪問予定,E035,投資信託を提案。前向きな反応。
H000306,C00121,2026-02-24,電話,一時払い保険,情報提供のみ,E048,一時払い保険を提案。前向きな反応。
H000307,C00121,2025-07-03,メール,外国債券,見送り,E048,外国債券を提案。反応は限定的。
H000308,C00121,2025-08-04,訪問,ファンドラップ,成約,E048,ファンドラップを提案。前向きな反応。
H000309,C00122,2026-08-16,来店,外貨預金,情報提供のみ,E052,外貨預金を提案。前向きな反応。
H000310,C00122,2025-09-20,来店,NISA,再訪問予定,E052,NISAを提案。前向きな反応。
H000311,C00122,2026-01-04,オンライン面談,国内債券,成約,E052,国内債券を提案。前向きな反応。
H000312,C00123,2026-03-04,オンライン面談,投資信託,成約,E024,投資信託を提案。前向きな反応。
H000313,C00123,2025-12-17,メール,外国債券,再訪問予定,E024,外国債券を提案。前向きな反応。
H000314,C00125,2026-03-07,メール,一時払い保険,成約,E031,一時払い保険を提案。前向きな反応。
H000315,C00127,2026-04-23,オンライン面談,国内債券,再訪問予定,E058,国内債券を提案。前向きな反応。
H000316,C00127,2026-01-02,メール,国内債券,検討中,E058,国内債券を提案。前向きな反応。
H000317,C00128,2026-07-31,電話,国内債券,成約,E001,国内債券を提案。前向きな反応。
H000318,C00129,2026-02-21,訪問,外国債券,見送り,E040,外国債券を提案。反応は限定的。
H000319,C00129,2025-08-05,電話,投資信託,見送り,E040,投資信託を提案。反応は限定的。
H000320,C00129,2025-11-18,オンライン面談,相続コンサル,再訪問予定,E040,相続コンサルを提案。前向きな反応。
H000321,C00129,2025-08-29,電話,NISA,情報提供のみ,E040,NISAを提案。前向きな反応。
H000322,C00130,2025-09-14,電話,一時払い保険,成約,E066,一時払い保険を提案。前向きな反応。
H000323,C00130,2025-06-29,メール,一時払い保険,再訪問予定,E066,一時払い保険を提案。前向きな反応。
H000324,C00131,2024-10-30,オンライン面談,外国債券,成約,E036,外国債券を提案。前向きな反応。
H000325,C00132,2025-12-18,電話,NISA,成約,E030,NISAを提案。前向きな反応。
H000326,C00132,2025-08-24,メール,ファンドラップ,成約,E030,ファンドラップを提案。前向きな反応。
H000327,C00133,2026-07-31,メール,ファンドラップ,成約,E022,ファンドラップを提案。前向きな反応。
H000328,C00133,2026-07-06,オンライン面談,相続コンサル,成約,E022,相続コンサルを提案。前向きな反応。
H000329,C00134,2026-01-30,オンライン面談,相続コンサル,再訪問予定,E021,相続コンサルを提案。前向きな反応。
H000330,C00136,2026-05-28,電話,ファンドラップ,成約,E018,ファンドラップを提案。前向きな反応。
H000331,C00136,2026-05-21,メール,国内債券,成約,E018,国内債券を提案。前向きな反応。
H000332,C00136,2026-04-07,訪問,一時払い保険,情報提供のみ,E018,一時払い保険を提案。前向きな反応。
H000333,C00136,2025-08-16,オンライン面談,外国債券,再訪問予定,E018,外国債券を提案。前向きな反応。
H000334,C00137,2025-09-10,メール,外貨預金,見送り,E042,外貨預金を提案。反応は限定的。
H000335,C00137,2025-05-01,メール,相続コンサル,成約,E042,相続コンサルを提案。前向きな反応。
H000336,C00137,2025-01-27,訪問,外国債券,成約,E042,外国債券を提案。前向きな反応。
H000337,C00138,2025-02-11,電話,外国債券,情報提供のみ,E042,外国債券を提案。前向きな反応。
H000338,C00139,2025-11-30,来店,国内債券,再訪問予定,E040,国内債券を提案。前向きな反応。
H000339,C00139,2025-07-04,訪問,外国債券,検討中,E040,外国債券を提案。前向きな反応。
H000340,C00139,2024-12-22,オンライン面談,外国債券,再訪問予定,E040,外国債券を提案。前向きな反応。
H000341,C00139,2024-12-25,電話,外国債券,再訪問予定,E040,外国債券を提案。前向きな反応。
H000342,C00139,2025-06-02,メール,投資信託,検討中,E040,投資信託を提案。前向きな反応。
H000343,C00140,2026-02-26,電話,NISA,見送り,E072,NISAを提案。反応は限定的。
H000344,C00140,2025-08-11,電話,相続コンサル,情報提供のみ,E072,相続コンサルを提案。前向きな反応。
H000345,C00140,2025-10-24,来店,国内債券,見送り,E072,国内債券を提案。反応は限定的。
H000346,C00140,2025-10-10,メール,相続コンサル,検討中,E072,相続コンサルを提案。前向きな反応。
H000347,C00141,2026-08-14,メール,NISA,成約,E068,NISAを提案。前向きな反応。
H000348,C00142,2024-10-01,訪問,国内債券,見送り,E011,国内債券を提案。反応は限定的。
H000349,C00142,2024-04-19,電話,投資信託,情報提供のみ,E011,投資信託を提案。前向きな反応。
H000350,C00142,2024-08-26,電話,ファンドラップ,検討中,E011,ファンドラップを提案。前向きな反応。
H000351,C00143,2026-01-01,オンライン面談,外貨預金,見送り,E036,外貨預金を提案。反応は限定的。
H000352,C00143,2025-09-06,オンライン面談,相続コンサル,見送り,E036,相続コンサルを提案。反応は限定的。
H000353,C00143,2025-06-18,来店,NISA,再訪問予定,E036,NISAを提案。前向きな反応。
H000354,C00144,2026-01-07,訪問,NISA,見送り,E002,NISAを提案。反応は限定的。
H000355,C00144,2025-12-01,電話,国内債券,見送り,E002,国内債券を提案。反応は限定的。
H000356,C00145,2024-09-17,訪問,国内債券,成約,E013,国内債券を提案。前向きな反応。
H000357,C00145,2023-08-22,訪問,NISA,見送り,E013,NISAを提案。反応は限定的。
H000358,C00147,2026-07-02,オンライン面談,ファンドラップ,見送り,E048,ファンドラップを提案。反応は限定的。
H000359,C00147,2026-03-16,オンライン面談,NISA,検討中,E048,NISAを提案。前向きな反応。
H000360,C00147,2025-10-21,訪問,外国債券,成約,E048,外国債券を提案。前向きな反応。
H000361,C00147,2026-07-02,電話,投資信託,検討中,E048,投資信託を提案。前向きな反応。
H000362,C00147,2025-11-22,電話,投資信託,成約,E048,投資信託を提案。前向きな反応。
H000363,C00148,2025-12-06,来店,外国債券,再訪問予定,E047,外国債券を提案。前向きな反応。
H000364,C00148,2025-10-22,電話,外貨預金,成約,E047,外貨預金を提案。前向きな反応。
H000365,C00148,2025-08-25,オンライン面談,一時払い保険,再訪問予定,E047,一時払い保険を提案。前向きな反応。
H000366,C00148,2025-04-30,オンライン面談,ファンドラップ,検討中,E047,ファンドラップを提案。前向きな反応。
H000367,C00148,2025-02-19,メール,ファンドラップ,成約,E047,ファンドラップを提案。前向きな反応。
H000368,C00149,2025-12-18,電話,国内債券,成約,E009,国内債券を提案。前向きな反応。
H000369,C00149,2025-04-11,メール,一時払い保険,成約,E009,一時払い保険を提案。前向きな反応。
H000370,C00149,2025-02-13,電話,外国債券,検討中,E009,外国債券を提案。前向きな反応。
H000371,C00149,2025-06-02,来店,相続コンサル,情報提供のみ,E009,相続コンサルを提案。前向きな反応。
H000372,C00150,2025-10-26,オンライン面談,相続コンサル,見送り,E024,相続コンサルを提案。反応は限定的。
H000373,C00150,2025-03-25,訪問,一時払い保険,情報提供のみ,E024,一時払い保険を提案。前向きな反応。
H000374,C00150,2025-07-12,オンライン面談,外貨預金,成約,E024,外貨預金を提案。前向きな反応。
H000375,C00150,2024-12-22,来店,ファンドラップ,検討中,E024,ファンドラップを提案。前向きな反応。
H000376,C00150,2025-07-22,来店,NISA,成約,E024,NISAを提案。前向きな反応。
H000377,C00151,2025-11-17,来店,外国債券,検討中,E018,外国債券を提案。前向きな反応。
H000378,C00152,2025-08-03,来店,NISA,見送り,E054,NISAを提案。反応は限定的。
H000379,C00153,2025-09-13,訪問,相続コンサル,情報提供のみ,E039,相続コンサルを提案。前向きな反応。
H000380,C00153,2025-04-21,メール,投資信託,再訪問予定,E039,投資信託を提案。前向きな反応。
H000381,C00155,2024-09-22,オンライン面談,相続コンサル,見送り,E039,相続コンサルを提案。反応は限定的。
H000382,C00155,2024-04-17,オンライン面談,ファンドラップ,見送り,E039,ファンドラップを提案。反応は限定的。
H000383,C00156,2025-10-28,メール,相続コンサル,情報提供のみ,E012,相続コンサルを提案。前向きな反応。
H000384,C00156,2025-09-13,メール,一時払い保険,検討中,E012,一時払い保険を提案。前向きな反応。
H000385,C00157,2026-01-11,来店,外貨預金,情報提供のみ,E014,外貨預金を提案。前向きな反応。
H000386,C00157,2025-12-26,来店,ファンドラップ,成約,E014,ファンドラップを提案。前向きな反応。
H000387,C00158,2025-02-07,電話,相続コンサル,検討中,E003,相続コンサルを提案。前向きな反応。
H000388,C00158,2024-04-12,メール,外貨預金,見送り,E003,外貨預金を提案。反応は限定的。
H000389,C00159,2026-05-14,メール,相続コンサル,成約,E005,相続コンサルを提案。前向きな反応。
H000390,C00159,2025-06-23,オンライン面談,NISA,成約,E005,NISAを提案。前向きな反応。
H000391,C00159,2025-05-23,メール,一時払い保険,検討中,E005,一時払い保険を提案。前向きな反応。
H000392,C00159,2026-04-19,訪問,相続コンサル,再訪問予定,E005,相続コンサルを提案。前向きな反応。
H000393,C00160,2026-02-10,訪問,国内債券,成約,E035,国内債券を提案。前向きな反応。
H000394,C00161,2025-06-08,メール,一時払い保険,見送り,E021,一時払い保険を提案。反応は限定的。
H000395,C00162,2025-12-21,訪問,外貨預金,情報提供のみ,E010,外貨預金を提案。前向きな反応。
H000396,C00163,2025-11-04,オンライン面談,NISA,見送り,E009,NISAを提案。反応は限定的。
H000397,C00163,2025-05-10,訪問,ファンドラップ,見送り,E009,ファンドラップを提案。反応は限定的。
H000398,C00163,2025-07-01,訪問,NISA,再訪問予定,E009,NISAを提案。前向きな反応。
H000399,C00163,2025-06-08,電話,外貨預金,再訪問予定,E009,外貨預金を提案。前向きな反応。
H000400,C00165,2026-06-16,メール,一時払い保険,再訪問予定,E081,一時払い保険を提案。前向きな反応。
H000401,C00165,2026-02-12,訪問,外貨預金,見送り,E081,外貨預金を提案。反応は限定的。
H000402,C00165,2026-01-22,電話,外貨預金,情報提供のみ,E081,外貨預金を提案。前向きな反応。
H000403,C00165,2026-02-01,来店,外国債券,成約,E081,外国債券を提案。前向きな反応。
H000404,C00167,2025-12-04,メール,外国債券,見送り,E049,外国債券を提案。反応は限定的。
H000405,C00167,2025-04-04,電話,外貨預金,成約,E049,外貨預金を提案。前向きな反応。
H000406,C00168,2026-06-25,来店,相続コンサル,成約,E076,相続コンサルを提案。前向きな反応。
H000407,C00169,2026-05-21,来店,相続コンサル,再訪問予定,E014,相続コンサルを提案。前向きな反応。
H000408,C00169,2025-09-18,訪問,外貨預金,情報提供のみ,E014,外貨預金を提案。前向きな反応。
H000409,C00169,2025-08-29,訪問,一時払い保険,検討中,E014,一時払い保険を提案。前向きな反応。
H000410,C00169,2025-05-23,メール,NISA,検討中,E014,NISAを提案。前向きな反応。
H000411,C00169,2025-07-26,電話,外国債券,成約,E014,外国債券を提案。前向きな反応。
H000412,C00171,2026-03-28,オンライン面談,ファンドラップ,情報提供のみ,E001,ファンドラップを提案。前向きな反応。
H000413,C00171,2025-09-14,来店,外国債券,再訪問予定,E001,外国債券を提案。前向きな反応。
H000414,C00172,2025-04-15,来店,投資信託,検討中,E034,投資信託を提案。前向きな反応。
H000415,C00173,2026-02-16,来店,外国債券,再訪問予定,E063,外国債券を提案。前向きな反応。
H000416,C00173,2025-11-04,メール,NISA,情報提供のみ,E063,NISAを提案。前向きな反応。
H000417,C00173,2025-08-18,オンライン面談,ファンドラップ,成約,E063,ファンドラップを提案。前向きな反応。
H000418,C00173,2025-04-24,訪問,相続コンサル,情報提供のみ,E063,相続コンサルを提案。前向きな反応。
H000419,C00173,2025-05-08,メール,国内債券,情報提供のみ,E063,国内債券を提案。前向きな反応。
H000420,C00174,2026-04-28,来店,外貨預金,再訪問予定,E045,外貨預金を提案。前向きな反応。
H000421,C00174,2025-07-20,訪問,一時払い保険,検討中,E045,一時払い保険を提案。前向きな反応。
H000422,C00174,2025-11-12,メール,ファンドラップ,成約,E045,ファンドラップを提案。前向きな反応。
H000423,C00174,2026-03-22,電話,NISA,成約,E045,NISAを提案。前向きな反応。
H000424,C00175,2026-03-19,電話,一時払い保険,再訪問予定,E077,一時払い保険を提案。前向きな反応。
H000425,C00176,2024-10-10,電話,投資信託,情報提供のみ,E066,投資信託を提案。前向きな反応。
H000426,C00177,2026-03-12,メール,外貨預金,成約,E071,外貨預金を提案。前向きな反応。
H000427,C00178,2026-05-03,来店,投資信託,検討中,E038,投資信託を提案。前向きな反応。
H000428,C00178,2025-05-29,メール,ファンドラップ,見送り,E038,ファンドラップを提案。反応は限定的。
H000429,C00178,2025-05-14,メール,投資信託,成約,E038,投資信託を提案。前向きな反応。
H000430,C00179,2026-03-10,電話,外貨預金,検討中,E012,外貨預金を提案。前向きな反応。
H000431,C00179,2025-05-16,来店,外国債券,情報提供のみ,E012,外国債券を提案。前向きな反応。
H000432,C00179,2025-04-10,来店,相続コンサル,検討中,E012,相続コンサルを提案。前向きな反応。
H000433,C00179,2025-10-15,来店,相続コンサル,検討中,E012,相続コンサルを提案。前向きな反応。
H000434,C00179,2026-02-19,訪問,一時払い保険,情報提供のみ,E012,一時払い保険を提案。前向きな反応。
H000435,C00180,2025-11-12,電話,NISA,情報提供のみ,E040,NISAを提案。前向きな反応。
H000436,C00181,2026-05-27,オンライン面談,外貨預金,検討中,E010,外貨預金を提案。前向きな反応。
H000437,C00182,2025-10-30,メール,NISA,再訪問予定,E074,NISAを提案。前向きな反応。
H000438,C00182,2024-10-10,電話,一時払い保険,検討中,E074,一時払い保険を提案。前向きな反応。
H000439,C00183,2025-11-13,オンライン面談,一時払い保険,成約,E036,一時払い保険を提案。前向きな反応。
H000440,C00183,2025-11-05,電話,NISA,見送り,E036,NISAを提案。反応は限定的。
H000441,C00183,2025-09-19,電話,一時払い保険,情報提供のみ,E036,一時払い保険を提案。前向きな反応。
H000442,C00184,2026-08-06,電話,一時払い保険,検討中,E064,一時払い保険を提案。前向きな反応。
H000443,C00185,2026-01-04,来店,国内債券,再訪問予定,E013,国内債券を提案。前向きな反応。
H000444,C00185,2025-05-30,メール,NISA,情報提供のみ,E013,NISAを提案。前向きな反応。
H000445,C00185,2025-12-30,メール,ファンドラップ,成約,E013,ファンドラップを提案。前向きな反応。
H000446,C00186,2025-10-09,オンライン面談,NISA,再訪問予定,E028,NISAを提案。前向きな反応。
H000447,C00186,2025-05-01,電話,投資信託,成約,E028,投資信託を提案。前向きな反応。
H000448,C00186,2024-11-15,訪問,一時払い保険,成約,E028,一時払い保険を提案。前向きな反応。
H000449,C00187,2024-10-21,電話,外貨預金,情報提供のみ,E067,外貨預金を提案。前向きな反応。
H000450,C00188,2026-04-19,来店,一時払い保険,検討中,E058,一時払い保険を提案。前向きな反応。
H000451,C00189,2026-07-25,電話,外貨預金,検討中,E046,外貨預金を提案。前向きな反応。
H000452,C00190,2024-12-12,来店,国内債券,見送り,E080,国内債券を提案。反応は限定的。
H000453,C00190,2024-09-20,電話,外国債券,見送り,E080,外国債券を提案。反応は限定的。
H000454,C00190,2024-06-04,来店,相続コンサル,情報提供のみ,E080,相続コンサルを提案。前向きな反応。
H000455,C00191,2026-01-18,訪問,相続コンサル,再訪問予定,E035,相続コンサルを提案。前向きな反応。
H000456,C00191,2025-11-27,メール,相続コンサル,検討中,E035,相続コンサルを提案。前向きな反応。
H000457,C00191,2025-09-07,メール,国内債券,見送り,E035,国内債券を提案。反応は限定的。
H000458,C00191,2025-03-17,電話,外貨預金,成約,E035,外貨預金を提案。前向きな反応。
H000459,C00191,2025-07-18,オンライン面談,一時払い保険,見送り,E035,一時払い保険を提案。反応は限定的。
H000460,C00192,2025-11-13,メール,外国債券,見送り,E078,外国債券を提案。反応は限定的。
H000461,C00192,2025-10-12,電話,外国債券,見送り,E078,外国債券を提案。反応は限定的。
H000462,C00194,2026-02-23,メール,ファンドラップ,再訪問予定,E040,ファンドラップを提案。前向きな反応。
H000463,C00194,2025-10-02,訪問,外国債券,情報提供のみ,E040,外国債券を提案。前向きな反応。
H000464,C00194,2025-06-20,電話,一時払い保険,検討中,E040,一時払い保険を提案。前向きな反応。
H000465,C00194,2025-01-26,来店,外国債券,成約,E040,外国債券を提案。前向きな反応。
H000466,C00194,2026-01-11,来店,投資信託,成約,E040,投資信託を提案。前向きな反応。
H000467,C00195,2025-11-28,来店,一時払い保険,再訪問予定,E027,一時払い保険を提案。前向きな反応。
H000468,C00195,2024-12-11,オンライン面談,ファンドラップ,再訪問予定,E027,ファンドラップを提案。前向きな反応。
H000469,C00195,2024-11-13,オンライン面談,投資信託,再訪問予定,E027,投資信託を提案。前向きな反応。
H000470,C00198,2025-08-27,来店,一時払い保険,見送り,E001,一時払い保険を提案。反応は限定的。
H000471,C00198,2025-02-28,来店,外貨預金,再訪問予定,E001,外貨預金を提案。前向きな反応。
H000472,C00199,2025-10-15,訪問,国内債券,検討中,E052,国内債券を提案。前向きな反応。
H000473,C00200,2025-11-02,電話,相続コンサル,情報提供のみ,E043,相続コンサルを提案。前向きな反応。
H000474,C00201,2026-04-09,電話,一時払い保険,見送り,E007,一時払い保険を提案。反応は限定的。
H000475,C00201,2026-01-06,電話,投資信託,検討中,E007,投資信託を提案。前向きな反応。
H000476,C00201,2025-11-12,電話,外国債券,成約,E007,外国債券を提案。前向きな反応。
H000477,C00201,2026-01-09,メール,NISA,再訪問予定,E007,NISAを提案。前向きな反応。
H000478,C00201,2025-11-27,オンライン面談,ファンドラップ,情報提供のみ,E007,ファンドラップを提案。前向きな反応。
H000479,C00202,2026-05-10,来店,一時払い保険,成約,E068,一時払い保険を提案。前向きな反応。
H000480,C00203,2026-03-20,訪問,相続コンサル,情報提供のみ,E061,相続コンサルを提案。前向きな反応。
H000481,C00203,2026-03-11,訪問,相続コンサル,見送り,E061,相続コンサルを提案。反応は限定的。
H000482,C00204,2024-10-15,訪問,投資信託,見送り,E040,投資信託を提案。反応は限定的。
H000483,C00204,2024-10-05,電話,投資信託,情報提供のみ,E040,投資信託を提案。前向きな反応。
H000484,C00204,2023-12-06,メール,NISA,成約,E040,NISAを提案。前向きな反応。
H000485,C00205,2026-05-12,メール,相続コンサル,検討中,E036,相続コンサルを提案。前向きな反応。
H000486,C00205,2025-05-18,電話,ファンドラップ,検討中,E036,ファンドラップを提案。前向きな反応。
H000487,C00206,2026-05-02,電話,NISA,検討中,E042,NISAを提案。前向きな反応。
H000488,C00206,2025-12-16,電話,相続コンサル,情報提供のみ,E042,相続コンサルを提案。前向きな反応。
H000489,C00206,2025-09-02,訪問,外国債券,成約,E042,外国債券を提案。前向きな反応。
H000490,C00206,2025-10-31,オンライン面談,外国債券,成約,E042,外国債券を提案。前向きな反応。
H000491,C00206,2026-03-22,メール,NISA,見送り,E042,NISAを提案。反応は限定的。
H000492,C00207,2025-10-12,電話,投資信託,見送り,E001,投資信託を提案。反応は限定的。
H000493,C00208,2025-08-11,電話,外国債券,見送り,E078,外国債券を提案。反応は限定的。
H000494,C00208,2025-06-13,来店,NISA,情報提供のみ,E078,NISAを提案。前向きな反応。
H000495,C00208,2024-07-14,メール,一時払い保険,成約,E078,一時払い保険を提案。前向きな反応。
H000496,C00208,2024-10-13,訪問,NISA,再訪問予定,E078,NISAを提案。前向きな反応。
H000497,C00209,2025-04-08,メール,一時払い保険,見送り,E041,一時払い保険を提案。反応は限定的。
H000498,C00209,2024-08-14,電話,ファンドラップ,検討中,E041,ファンドラップを提案。前向きな反応。
H000499,C00209,2024-05-25,訪問,外国債券,成約,E041,外国債券を提案。前向きな反応。
H000500,C00210,2026-07-10,訪問,外貨預金,見送り,E076,外貨預金を提案。反応は限定的。
H000501,C00210,2026-06-27,オンライン面談,NISA,成約,E076,NISAを提案。前向きな反応。
H000502,C00210,2026-03-28,来店,一時払い保険,見送り,E076,一時払い保険を提案。反応は限定的。
H000503,C00212,2025-10-28,オンライン面談,一時払い保険,再訪問予定,E078,一時払い保険を提案。前向きな反応。
H000504,C00212,2025-08-09,来店,国内債券,成約,E078,国内債券を提案。前向きな反応。
H000505,C00213,2025-12-13,電話,国内債券,見送り,E041,国内債券を提案。反応は限定的。
H000506,C00214,2025-11-29,来店,NISA,見送り,E060,NISAを提案。反応は限定的。
H000507,C00214,2025-04-21,オンライン面談,ファンドラップ,見送り,E060,ファンドラップを提案。反応は限定的。
H000508,C00215,2026-03-18,来店,国内債券,再訪問予定,E037,国内債券を提案。前向きな反応。
H000509,C00215,2026-01-21,オンライン面談,NISA,検討中,E037,NISAを提案。前向きな反応。
H000510,C00215,2025-06-16,来店,ファンドラップ,検討中,E037,ファンドラップを提案。前向きな反応。
H000511,C00216,2025-07-29,電話,投資信託,成約,E005,投資信託を提案。前向きな反応。
H000512,C00216,2025-01-12,電話,相続コンサル,検討中,E005,相続コンサルを提案。前向きな反応。
H000513,C00217,2025-12-15,電話,NISA,見送り,E036,NISAを提案。反応は限定的。
H000514,C00217,2024-11-13,メール,ファンドラップ,検討中,E036,ファンドラップを提案。前向きな反応。
H000515,C00217,2025-05-25,訪問,国内債券,見送り,E036,国内債券を提案。反応は限定的。
H000516,C00217,2024-12-10,電話,一時払い保険,検討中,E036,一時払い保険を提案。前向きな反応。
H000517,C00218,2025-12-04,オンライン面談,外国債券,再訪問予定,E042,外国債券を提案。前向きな反応。
H000518,C00219,2026-06-04,電話,国内債券,成約,E032,国内債券を提案。前向きな反応。
H000519,C00219,2026-05-27,訪問,国内債券,成約,E032,国内債券を提案。前向きな反応。
H000520,C00219,2026-03-13,オンライン面談,外貨預金,見送り,E032,外貨預金を提案。反応は限定的。
H000521,C00221,2025-12-12,オンライン面談,国内債券,成約,E001,国内債券を提案。前向きな反応。
H000522,C00221,2025-02-01,メール,外国債券,再訪問予定,E001,外国債券を提案。前向きな反応。
H000523,C00221,2025-05-18,オンライン面談,外貨預金,見送り,E001,外貨預金を提案。反応は限定的。
H000524,C00221,2025-03-18,来店,外国債券,見送り,E001,外国債券を提案。反応は限定的。
H000525,C00221,2025-09-02,来店,投資信託,成約,E001,投資信託を提案。前向きな反応。
H000526,C00222,2025-06-28,メール,投資信託,再訪問予定,E009,投資信託を提案。前向きな反応。
H000527,C00222,2024-06-12,電話,投資信託,成約,E009,投資信託を提案。前向きな反応。
H000528,C00223,2026-05-09,電話,NISA,成約,E044,NISAを提案。前向きな反応。
H000529,C00223,2025-10-19,電話,国内債券,成約,E044,国内債券を提案。前向きな反応。
H000530,C00224,2026-07-25,訪問,外国債券,検討中,E056,外国債券を提案。前向きな反応。
H000531,C00224,2025-10-27,電話,投資信託,情報提供のみ,E056,投資信託を提案。前向きな反応。
H000532,C00224,2025-10-15,電話,ファンドラップ,情報提供のみ,E056,ファンドラップを提案。前向きな反応。
H000533,C00224,2025-09-13,電話,投資信託,成約,E056,投資信託を提案。前向きな反応。
H000534,C00224,2026-01-03,オンライン面談,ファンドラップ,成約,E056,ファンドラップを提案。前向きな反応。
H000535,C00225,2025-07-26,メール,一時払い保険,情報提供のみ,E022,一時払い保険を提案。前向きな反応。
H000536,C00225,2025-04-27,オンライン面談,一時払い保険,情報提供のみ,E022,一時払い保険を提案。前向きな反応。
H000537,C00225,2024-11-12,オンライン面談,ファンドラップ,再訪問予定,E022,ファンドラップを提案。前向きな反応。
H000538,C00226,2026-04-30,メール,ファンドラップ,情報提供のみ,E010,ファンドラップを提案。前向きな反応。
H000539,C00228,2025-03-11,来店,ファンドラップ,検討中,E041,ファンドラップを提案。前向きな反応。
H000540,C00228,2024-07-22,来店,一時払い保険,見送り,E041,一時払い保険を提案。反応は限定的。
H000541,C00229,2025-07-16,来店,投資信託,情報提供のみ,E067,投資信託を提案。前向きな反応。
H000542,C00229,2025-04-10,電話,外国債券,成約,E067,外国債券を提案。前向きな反応。
H000543,C00230,2025-01-28,オンライン面談,外国債券,検討中,E074,外国債券を提案。前向きな反応。
H000544,C00231,2025-11-30,電話,NISA,情報提供のみ,E078,NISAを提案。前向きな反応。
H000545,C00231,2025-04-08,オンライン面談,国内債券,見送り,E078,国内債券を提案。反応は限定的。
H000546,C00231,2025-06-17,来店,ファンドラップ,情報提供のみ,E078,ファンドラップを提案。前向きな反応。
H000547,C00231,2025-03-29,メール,ファンドラップ,成約,E078,ファンドラップを提案。前向きな反応。
H000548,C00233,2025-08-12,訪問,外国債券,成約,E047,外国債券を提案。前向きな反応。
H000549,C00233,2024-11-10,オンライン面談,国内債券,情報提供のみ,E047,国内債券を提案。前向きな反応。
H000550,C00233,2025-03-29,電話,国内債券,見送り,E047,国内債券を提案。反応は限定的。
H000551,C00233,2024-12-16,オンライン面談,相続コンサル,情報提供のみ,E047,相続コンサルを提案。前向きな反応。
H000552,C00233,2025-06-14,メール,国内債券,検討中,E047,国内債券を提案。前向きな反応。
H000553,C00234,2026-01-15,オンライン面談,一時払い保険,見送り,E024,一時払い保険を提案。反応は限定的。
H000554,C00234,2025-08-15,訪問,相続コンサル,成約,E024,相続コンサルを提案。前向きな反応。
H000555,C00234,2025-02-04,来店,外国債券,再訪問予定,E024,外国債券を提案。前向きな反応。
H000556,C00234,2025-07-07,訪問,ファンドラップ,見送り,E024,ファンドラップを提案。反応は限定的。
H000557,C00235,2025-03-23,訪問,国内債券,検討中,E035,国内債券を提案。前向きな反応。
H000558,C00236,2026-05-05,訪問,外国債券,検討中,E003,外国債券を提案。前向きな反応。
H000559,C00236,2026-01-11,オンライン面談,外貨預金,再訪問予定,E003,外貨預金を提案。前向きな反応。
H000560,C00236,2025-06-18,来店,相続コンサル,再訪問予定,E003,相続コンサルを提案。前向きな反応。
H000561,C00237,2025-10-25,オンライン面談,投資信託,検討中,E074,投資信託を提案。前向きな反応。
H000562,C00238,2025-12-17,電話,ファンドラップ,検討中,E003,ファンドラップを提案。前向きな反応。
H000563,C00238,2025-07-15,来店,相続コンサル,見送り,E003,相続コンサルを提案。反応は限定的。
H000564,C00238,2025-05-29,メール,投資信託,見送り,E003,投資信託を提案。反応は限定的。
H000565,C00238,2025-03-09,オンライン面談,相続コンサル,検討中,E003,相続コンサルを提案。前向きな反応。
H000566,C00238,2025-01-03,メール,外貨預金,見送り,E003,外貨預金を提案。反応は限定的。
H000567,C00239,2025-03-20,オンライン面談,外貨預金,見送り,E042,外貨預金を提案。反応は限定的。
H000568,C00239,2025-02-10,オンライン面談,一時払い保険,情報提供のみ,E042,一時払い保険を提案。前向きな反応。
H000569,C00239,2024-07-05,訪問,国内債券,見送り,E042,国内債券を提案。反応は限定的。
H000570,C00240,2026-03-23,メール,NISA,成約,E002,NISAを提案。前向きな反応。
H000571,C00241,2025-04-08,オンライン面談,国内債券,情報提供のみ,E010,国内債券を提案。前向きな反応。
H000572,C00241,2024-11-10,オンライン面談,投資信託,見送り,E010,投資信託を提案。反応は限定的。
H000573,C00241,2024-10-29,来店,外国債券,見送り,E010,外国債券を提案。反応は限定的。
H000574,C00242,2026-01-28,来店,NISA,情報提供のみ,E066,NISAを提案。前向きな反応。
H000575,C00242,2025-11-29,来店,外国債券,検討中,E066,外国債券を提案。前向きな反応。
H000576,C00242,2025-06-08,来店,ファンドラップ,検討中,E066,ファンドラップを提案。前向きな反応。
H000577,C00242,2025-04-20,オンライン面談,投資信託,成約,E066,投資信託を提案。前向きな反応。
H000578,C00243,2026-05-18,訪問,外貨預金,検討中,E038,外貨預金を提案。前向きな反応。
H000579,C00243,2026-03-26,電話,投資信託,見送り,E038,投資信託を提案。反応は限定的。
H000580,C00243,2025-08-15,オンライン面談,一時払い保険,情報提供のみ,E038,一時払い保険を提案。前向きな反応。
H000581,C00243,2026-04-27,訪問,相続コンサル,検討中,E038,相続コンサルを提案。前向きな反応。
H000582,C00244,2025-11-08,電話,相続コンサル,検討中,E013,相続コンサルを提案。前向きな反応。
H000583,C00244,2024-10-24,来店,NISA,検討中,E013,NISAを提案。前向きな反応。
H000584,C00244,2025-07-10,来店,外国債券,情報提供のみ,E013,外国債券を提案。前向きな反応。
H000585,C00244,2025-03-25,訪問,投資信託,成約,E013,投資信託を提案。前向きな反応。
H000586,C00245,2026-07-25,訪問,ファンドラップ,再訪問予定,E070,ファンドラップを提案。前向きな反応。
H000587,C00246,2026-06-26,オンライン面談,NISA,見送り,E012,NISAを提案。反応は限定的。
H000588,C00246,2026-06-18,訪問,ファンドラップ,検討中,E012,ファンドラップを提案。前向きな反応。
H000589,C00246,2025-09-14,訪問,一時払い保険,再訪問予定,E012,一時払い保険を提案。前向きな反応。
H000590,C00247,2025-09-11,訪問,ファンドラップ,検討中,E005,ファンドラップを提案。前向きな反応。
H000591,C00247,2025-08-16,オンライン面談,相続コンサル,情報提供のみ,E005,相続コンサルを提案。前向きな反応。
H000592,C00247,2025-09-02,来店,相続コンサル,成約,E005,相続コンサルを提案。前向きな反応。
H000593,C00247,2024-10-17,来店,投資信託,成約,E005,投資信託を提案。前向きな反応。
H000594,C00248,2026-01-11,訪問,国内債券,成約,E074,国内債券を提案。前向きな反応。
H000595,C00249,2026-03-19,訪問,外貨預金,成約,E013,外貨預金を提案。前向きな反応。
H000596,C00249,2025-05-19,来店,ファンドラップ,検討中,E013,ファンドラップを提案。前向きな反応。
H000597,C00250,2026-02-23,メール,ファンドラップ,再訪問予定,E059,ファンドラップを提案。前向きな反応。
H000598,C00250,2025-08-16,電話,外貨預金,情報提供のみ,E059,外貨預金を提案。前向きな反応。
H000599,C00250,2025-08-14,電話,外国債券,成約,E059,外国債券を提案。前向きな反応。
H000600,C00250,2025-08-31,オンライン面談,ファンドラップ,情報提供のみ,E059,ファンドラップを提案。前向きな反応。
H000601,C00250,2025-12-15,訪問,ファンドラップ,再訪問予定,E059,ファンドラップを提案。前向きな反応。
H000602,C00251,2024-10-07,電話,国内債券,見送り,E040,国内債券を提案。反応は限定的。
H000603,C00252,2026-04-19,電話,外貨預金,検討中,E070,外貨預金を提案。前向きな反応。
H000604,C00252,2026-04-04,訪問,相続コンサル,検討中,E070,相続コンサルを提案。前向きな反応。
H000605,C00253,2025-08-28,オンライン面談,外貨預金,再訪問予定,E080,外貨預金を提案。前向きな反応。
H000606,C00253,2025-03-15,訪問,一時払い保険,見送り,E080,一時払い保険を提案。反応は限定的。
H000607,C00254,2025-11-04,来店,一時払い保険,見送り,E009,一時払い保険を提案。反応は限定的。
H000608,C00254,2025-05-28,来店,相続コンサル,情報提供のみ,E009,相続コンサルを提案。前向きな反応。
H000609,C00255,2026-03-23,訪問,NISA,成約,E066,NISAを提案。前向きな反応。
H000610,C00256,2025-08-23,オンライン面談,投資信託,成約,E076,投資信託を提案。前向きな反応。
H000611,C00257,2026-01-28,電話,外国債券,情報提供のみ,E007,外国債券を提案。前向きな反応。
H000612,C00259,2025-10-01,電話,相続コンサル,見送り,E015,相続コンサルを提案。反応は限定的。
H000613,C00259,2025-02-26,訪問,一時払い保険,見送り,E015,一時払い保険を提案。反応は限定的。
H000614,C00260,2026-03-06,訪問,NISA,成約,E070,NISAを提案。前向きな反応。
H000615,C00260,2025-05-11,訪問,外国債券,再訪問予定,E070,外国債券を提案。前向きな反応。
H000616,C00260,2025-09-10,電話,NISA,成約,E070,NISAを提案。前向きな反応。
H000617,C00260,2026-01-06,オンライン面談,NISA,検討中,E070,NISAを提案。前向きな反応。
H000618,C00261,2025-12-18,メール,国内債券,成約,E011,国内債券を提案。前向きな反応。
H000619,C00261,2025-11-22,オンライン面談,投資信託,見送り,E011,投資信託を提案。反応は限定的。
H000620,C00261,2025-02-15,来店,外貨預金,見送り,E011,外貨預金を提案。反応は限定的。
H000621,C00262,2025-09-15,メール,一時払い保険,情報提供のみ,E074,一時払い保険を提案。前向きな反応。
H000622,C00262,2024-10-24,電話,NISA,情報提供のみ,E074,NISAを提案。前向きな反応。
H000623,C00263,2026-01-05,オンライン面談,外貨預金,成約,E080,外貨預金を提案。前向きな反応。
H000624,C00263,2025-05-14,来店,NISA,見送り,E080,NISAを提案。反応は限定的。
H000625,C00264,2024-12-14,オンライン面談,相続コンサル,検討中,E012,相続コンサルを提案。前向きな反応。
H000626,C00264,2024-07-19,オンライン面談,一時払い保険,成約,E012,一時払い保険を提案。前向きな反応。
H000627,C00264,2024-08-18,メール,投資信託,検討中,E012,投資信託を提案。前向きな反応。
H000628,C00266,2026-01-14,来店,国内債券,再訪問予定,E009,国内債券を提案。前向きな反応。
H000629,C00267,2025-09-22,オンライン面談,外国債券,検討中,E067,外国債券を提案。前向きな反応。
H000630,C00268,2025-05-13,メール,外国債券,情報提供のみ,E001,外国債券を提案。前向きな反応。
H000631,C00269,2026-07-14,訪問,外国債券,検討中,E035,外国債券を提案。前向きな反応。
H000632,C00269,2025-11-13,電話,投資信託,検討中,E035,投資信託を提案。前向きな反応。
H000633,C00269,2025-10-03,メール,外国債券,検討中,E035,外国債券を提案。前向きな反応。
H000634,C00269,2026-06-12,訪問,外国債券,成約,E035,外国債券を提案。前向きな反応。
H000635,C00270,2026-03-14,メール,NISA,再訪問予定,E017,NISAを提案。前向きな反応。
H000636,C00270,2025-11-26,訪問,一時払い保険,検討中,E017,一時払い保険を提案。前向きな反応。
H000637,C00270,2025-06-25,来店,国内債券,見送り,E017,国内債券を提案。反応は限定的。
H000638,C00270,2026-01-19,訪問,ファンドラップ,再訪問予定,E017,ファンドラップを提案。前向きな反応。
H000639,C00270,2025-12-08,訪問,外貨預金,情報提供のみ,E017,外貨預金を提案。前向きな反応。
H000640,C00271,2026-07-04,メール,相続コンサル,再訪問予定,E068,相続コンサルを提案。前向きな反応。
H000641,C00271,2026-04-12,オンライン面談,ファンドラップ,見送り,E068,ファンドラップを提案。反応は限定的。
H000642,C00271,2026-06-01,訪問,一時払い保険,成約,E068,一時払い保険を提案。前向きな反応。
H000643,C00272,2026-06-09,オンライン面談,外貨預金,情報提供のみ,E046,外貨預金を提案。前向きな反応。
H000644,C00272,2025-07-22,メール,外貨預金,情報提供のみ,E046,外貨預金を提案。前向きな反応。
H000645,C00272,2025-12-17,来店,投資信託,再訪問予定,E046,投資信託を提案。前向きな反応。
H000646,C00274,2025-10-17,オンライン面談,NISA,検討中,E010,NISAを提案。前向きな反応。
H000647,C00274,2024-12-26,来店,一時払い保険,再訪問予定,E010,一時払い保険を提案。前向きな反応。
H000648,C00274,2024-11-01,訪問,外国債券,成約,E010,外国債券を提案。前向きな反応。
H000649,C00274,2025-09-04,オンライン面談,ファンドラップ,見送り,E010,ファンドラップを提案。反応は限定的。
H000650,C00275,2026-03-23,電話,外貨預金,検討中,E078,外貨預金を提案。前向きな反応。
H000651,C00275,2025-03-12,オンライン面談,外貨預金,見送り,E078,外貨預金を提案。反応は限定的。
H000652,C00276,2025-10-07,メール,NISA,検討中,E049,NISAを提案。前向きな反応。
H000653,C00276,2024-12-24,訪問,相続コンサル,検討中,E049,相続コンサルを提案。前向きな反応。
H000654,C00276,2024-10-09,オンライン面談,NISA,再訪問予定,E049,NISAを提案。前向きな反応。
H000655,C00276,2025-08-04,オンライン面談,国内債券,情報提供のみ,E049,国内債券を提案。前向きな反応。
H000656,C00276,2025-09-11,電話,外国債券,成約,E049,外国債券を提案。前向きな反応。
H000657,C00277,2025-10-23,メール,国内債券,再訪問予定,E035,国内債券を提案。前向きな反応。
H000658,C00277,2025-05-23,オンライン面談,一時払い保険,見送り,E035,一時払い保険を提案。反応は限定的。
H000659,C00277,2025-03-06,来店,相続コンサル,成約,E035,相続コンサルを提案。前向きな反応。
H000660,C00277,2025-05-08,オンライン面談,外貨預金,情報提供のみ,E035,外貨預金を提案。前向きな反応。
H000661,C00277,2025-06-11,訪問,国内債券,再訪問予定,E035,国内債券を提案。前向きな反応。
H000662,C00278,2025-06-27,メール,外国債券,見送り,E074,外国債券を提案。反応は限定的。
H000663,C00279,2025-11-23,来店,国内債券,成約,E080,国内債券を提案。前向きな反応。
H000664,C00279,2025-08-04,来店,一時払い保険,見送り,E080,一時払い保険を提案。反応は限定的。
H000665,C00279,2025-06-02,メール,国内債券,再訪問予定,E080,国内債券を提案。前向きな反応。
H000666,C00280,2025-09-27,オンライン面談,相続コンサル,情報提供のみ,E018,相続コンサルを提案。前向きな反応。
H000667,C00280,2025-08-18,訪問,NISA,見送り,E018,NISAを提案。反応は限定的。
H000668,C00280,2025-09-16,オンライン面談,外国債券,情報提供のみ,E018,外国債券を提案。前向きな反応。
H000669,C00281,2025-12-21,オンライン面談,投資信託,検討中,E073,投資信託を提案。前向きな反応。
H000670,C00281,2025-10-07,オンライン面談,ファンドラップ,情報提供のみ,E073,ファンドラップを提案。前向きな反応。
H000671,C00281,2025-02-25,電話,一時払い保険,再訪問予定,E073,一時払い保険を提案。前向きな反応。
H000672,C00282,2026-07-03,訪問,投資信託,再訪問予定,E004,投資信託を提案。前向きな反応。
H000673,C00282,2025-11-08,来店,NISA,成約,E004,NISAを提案。前向きな反応。
H000674,C00283,2026-01-27,来店,国内債券,成約,E007,国内債券を提案。前向きな反応。
H000675,C00283,2025-09-26,オンライン面談,国内債券,成約,E007,国内債券を提案。前向きな反応。
H000676,C00283,2025-04-30,電話,相続コンサル,検討中,E007,相続コンサルを提案。前向きな反応。
H000677,C00283,2025-03-03,訪問,NISA,成約,E007,NISAを提案。前向きな反応。
H000678,C00283,2025-01-22,メール,投資信託,見送り,E007,投資信託を提案。反応は限定的。
H000679,C00284,2025-11-19,訪問,国内債券,情報提供のみ,E035,国内債券を提案。前向きな反応。
H000680,C00284,2024-11-17,来店,投資信託,検討中,E035,投資信託を提案。前向きな反応。
H000681,C00284,2025-10-19,電話,外貨預金,成約,E035,外貨預金を提案。前向きな反応。
H000682,C00284,2025-03-28,電話,ファンドラップ,成約,E035,ファンドラップを提案。前向きな反応。
H000683,C00284,2025-05-28,オンライン面談,相続コンサル,成約,E035,相続コンサルを提案。前向きな反応。
H000684,C00285,2026-06-07,メール,国内債券,成約,E062,国内債券を提案。前向きな反応。
H000685,C00285,2025-12-11,オンライン面談,ファンドラップ,見送り,E062,ファンドラップを提案。反応は限定的。
H000686,C00285,2026-02-20,訪問,一時払い保険,再訪問予定,E062,一時払い保険を提案。前向きな反応。
H000687,C00288,2025-11-12,訪問,ファンドラップ,成約,E016,ファンドラップを提案。前向きな反応。
H000688,C00288,2024-12-23,訪問,相続コンサル,見送り,E016,相続コンサルを提案。反応は限定的。
H000689,C00289,2025-03-03,訪問,ファンドラップ,情報提供のみ,E032,ファンドラップを提案。前向きな反応。
H000690,C00290,2025-10-22,メール,外国債券,検討中,E018,外国債券を提案。前向きな反応。
H000691,C00291,2025-12-10,メール,外貨預金,検討中,E013,外貨預金を提案。前向きな反応。
H000692,C00292,2025-03-22,来店,外国債券,情報提供のみ,E034,外国債券を提案。前向きな反応。
H000693,C00292,2024-11-20,メール,相続コンサル,検討中,E034,相続コンサルを提案。前向きな反応。
H000694,C00292,2025-03-08,電話,ファンドラップ,情報提供のみ,E034,ファンドラップを提案。前向きな反応。
H000695,C00293,2026-02-05,メール,投資信託,検討中,E008,投資信託を提案。前向きな反応。
H000696,C00293,2025-10-01,訪問,外国債券,見送り,E008,外国債券を提案。反応は限定的。
H000697,C00293,2025-07-27,訪問,外貨預金,成約,E008,外貨預金を提案。前向きな反応。
H000698,C00293,2025-02-10,メール,国内債券,成約,E008,国内債券を提案。前向きな反応。
H000699,C00293,2025-12-14,オンライン面談,相続コンサル,情報提供のみ,E008,相続コンサルを提案。前向きな反応。
H000700,C00294,2025-03-12,電話,NISA,見送り,E012,NISAを提案。反応は限定的。
H000701,C00294,2024-04-21,訪問,ファンドラップ,情報提供のみ,E012,ファンドラップを提案。前向きな反応。
H000702,C00296,2026-01-11,電話,投資信託,検討中,E049,投資信託を提案。前向きな反応。
H000703,C00297,2026-08-13,訪問,外国債券,検討中,E028,外国債券を提案。前向きな反応。
H000704,C00298,2026-01-13,電話,国内債券,検討中,E072,国内債券を提案。前向きな反応。
H000705,C00299,2025-09-05,訪問,相続コンサル,成約,E037,相続コンサルを提案。前向きな反応。
H000706,C00299,2024-08-15,オンライン面談,一時払い保険,見送り,E037,一時払い保険を提案。反応は限定的。
H000707,C00300,2026-08-06,オンライン面談,ファンドラップ,見送り,E013,ファンドラップを提案。反応は限定的。
H000708,C00301,2025-06-30,メール,ファンドラップ,見送り,E039,ファンドラップを提案。反応は限定的。
H000709,C00302,2025-10-11,来店,外国債券,成約,E067,外国債券を提案。前向きな反応。
H000710,C00302,2025-01-10,訪問,相続コンサル,再訪問予定,E067,相続コンサルを提案。前向きな反応。
H000711,C00302,2025-05-01,訪問,国内債券,情報提供のみ,E067,国内債券を提案。前向きな反応。
H000712,C00302,2025-06-12,訪問,相続コンサル,成約,E067,相続コンサルを提案。前向きな反応。
H000713,C00302,2025-02-02,来店,相続コンサル,検討中,E067,相続コンサルを提案。前向きな反応。
H000714,C00303,2026-08-07,メール,国内債券,再訪問予定,E051,国内債券を提案。前向きな反応。
H000715,C00304,2026-04-01,来店,一時払い保険,検討中,E032,一時払い保険を提案。前向きな反応。
H000716,C00304,2025-12-16,オンライン面談,国内債券,見送り,E032,国内債券を提案。反応は限定的。
H000717,C00304,2025-12-17,オンライン面談,相続コンサル,検討中,E032,相続コンサルを提案。前向きな反応。
H000718,C00305,2025-07-31,オンライン面談,一時払い保険,再訪問予定,E002,一時払い保険を提案。前向きな反応。
H000719,C00305,2025-04-13,メール,外貨預金,情報提供のみ,E002,外貨預金を提案。前向きな反応。
H000720,C00305,2024-12-13,来店,外貨預金,検討中,E002,外貨預金を提案。前向きな反応。
H000721,C00306,2026-08-13,オンライン面談,投資信託,見送り,E041,投資信託を提案。反応は限定的。
H000722,C00306,2026-06-17,訪問,一時払い保険,見送り,E041,一時払い保険を提案。反応は限定的。
H000723,C00306,2025-09-21,メール,投資信託,成約,E041,投資信託を提案。前向きな反応。
H000724,C00306,2026-06-09,メール,外国債券,検討中,E041,外国債券を提案。前向きな反応。
H000725,C00306,2026-05-20,来店,外貨預金,成約,E041,外貨預金を提案。前向きな反応。
H000726,C00307,2026-04-20,来店,投資信託,再訪問予定,E050,投資信託を提案。前向きな反応。
H000727,C00308,2025-12-30,メール,外国債券,成約,E050,外国債券を提案。前向きな反応。
H000728,C00308,2024-12-07,訪問,国内債券,成約,E050,国内債券を提案。前向きな反応。
H000729,C00309,2025-08-29,メール,外貨預金,成約,E029,外貨預金を提案。前向きな反応。
H000730,C00309,2025-05-11,電話,外貨預金,検討中,E029,外貨預金を提案。前向きな反応。
H000731,C00309,2024-07-26,電話,国内債券,成約,E029,国内債券を提案。前向きな反応。
H000732,C00309,2024-12-25,オンライン面談,外貨預金,成約,E029,外貨預金を提案。前向きな反応。
H000733,C00309,2024-10-09,電話,外国債券,再訪問予定,E029,外国債券を提案。前向きな反応。
H000734,C00310,2025-12-22,来店,相続コンサル,成約,E008,相続コンサルを提案。前向きな反応。
H000735,C00310,2025-06-06,訪問,ファンドラップ,成約,E008,ファンドラップを提案。前向きな反応。
H000736,C00310,2025-09-23,訪問,国内債券,情報提供のみ,E008,国内債券を提案。前向きな反応。
H000737,C00310,2025-07-23,電話,外国債券,検討中,E008,外国債券を提案。前向きな反応。
H000738,C00311,2024-11-30,電話,外国債券,見送り,E005,外国債券を提案。反応は限定的。
H000739,C00311,2024-10-06,オンライン面談,投資信託,成約,E005,投資信託を提案。前向きな反応。
H000740,C00312,2026-02-03,オンライン面談,ファンドラップ,成約,E037,ファンドラップを提案。前向きな反応。
H000741,C00312,2025-07-23,電話,投資信託,検討中,E037,投資信託を提案。前向きな反応。
H000742,C00313,2025-11-11,メール,相続コンサル,再訪問予定,E002,相続コンサルを提案。前向きな反応。
H000743,C00314,2026-07-20,電話,投資信託,成約,E041,投資信託を提案。前向きな反応。
H000744,C00315,2025-07-14,電話,ファンドラップ,情報提供のみ,E012,ファンドラップを提案。前向きな反応。
H000745,C00315,2024-12-14,電話,国内債券,見送り,E012,国内債券を提案。反応は限定的。
H000746,C00316,2026-01-20,オンライン面談,投資信託,成約,E077,投資信託を提案。前向きな反応。
H000747,C00317,2025-12-17,オンライン面談,NISA,成約,E047,NISAを提案。前向きな反応。
H000748,C00317,2025-10-29,メール,一時払い保険,成約,E047,一時払い保険を提案。前向きな反応。
H000749,C00317,2025-03-04,来店,投資信託,再訪問予定,E047,投資信託を提案。前向きな反応。
H000750,C00318,2025-10-06,メール,国内債券,成約,E004,国内債券を提案。前向きな反応。
H000751,C00319,2025-03-01,メール,外国債券,検討中,E035,外国債券を提案。前向きな反応。
H000752,C00321,2024-12-10,メール,投資信託,再訪問予定,E041,投資信託を提案。前向きな反応。
H000753,C00321,2024-04-13,来店,ファンドラップ,見送り,E041,ファンドラップを提案。反応は限定的。
H000754,C00321,2024-09-06,来店,投資信託,情報提供のみ,E041,投資信託を提案。前向きな反応。
H000755,C00322,2025-08-22,訪問,ファンドラップ,情報提供のみ,E041,ファンドラップを提案。前向きな反応。
H000756,C00322,2024-12-12,来店,外国債券,見送り,E041,外国債券を提案。反応は限定的。
H000757,C00325,2025-08-27,電話,ファンドラップ,成約,E047,ファンドラップを提案。前向きな反応。
H000758,C00325,2025-06-14,電話,外貨預金,見送り,E047,外貨預金を提案。反応は限定的。
H000759,C00326,2025-10-28,訪問,外国債券,検討中,E011,外国債券を提案。前向きな反応。
H000760,C00327,2026-08-10,電話,NISA,成約,E008,NISAを提案。前向きな反応。
H000761,C00327,2025-10-14,訪問,国内債券,成約,E008,国内債券を提案。前向きな反応。
H000762,C00327,2025-07-31,来店,外貨預金,検討中,E008,外貨預金を提案。前向きな反応。
H000763,C00328,2025-12-18,電話,ファンドラップ,見送り,E061,ファンドラップを提案。反応は限定的。
H000764,C00328,2025-09-03,電話,ファンドラップ,見送り,E061,ファンドラップを提案。反応は限定的。
H000765,C00328,2025-06-21,訪問,国内債券,成約,E061,国内債券を提案。前向きな反応。
H000766,C00329,2025-12-20,メール,国内債券,見送り,E004,国内債券を提案。反応は限定的。
H000767,C00330,2026-03-17,オンライン面談,投資信託,情報提供のみ,E075,投資信託を提案。前向きな反応。
H000768,C00330,2025-04-05,電話,外貨預金,情報提供のみ,E075,外貨預金を提案。前向きな反応。
H000769,C00330,2025-03-28,訪問,NISA,成約,E075,NISAを提案。前向きな反応。
H000770,C00330,2026-02-27,電話,国内債券,成約,E075,国内債券を提案。前向きな反応。
H000771,C00331,2026-06-22,訪問,国内債券,成約,E039,国内債券を提案。前向きな反応。
H000772,C00331,2025-11-14,オンライン面談,ファンドラップ,情報提供のみ,E039,ファンドラップを提案。前向きな反応。
H000773,C00331,2025-06-28,訪問,ファンドラップ,検討中,E039,ファンドラップを提案。前向きな反応。
H000774,C00331,2025-09-11,メール,ファンドラップ,成約,E039,ファンドラップを提案。前向きな反応。
H000775,C00331,2025-10-28,メール,投資信託,情報提供のみ,E039,投資信託を提案。前向きな反応。
H000776,C00332,2025-11-21,訪問,外貨預金,検討中,E080,外貨預金を提案。前向きな反応。
H000777,C00332,2025-11-09,オンライン面談,一時払い保険,検討中,E080,一時払い保険を提案。前向きな反応。
H000778,C00332,2024-12-20,オンライン面談,国内債券,情報提供のみ,E080,国内債券を提案。前向きな反応。
H000779,C00332,2025-09-26,オンライン面談,投資信託,検討中,E080,投資信託を提案。前向きな反応。
H000780,C00333,2025-10-31,電話,国内債券,検討中,E058,国内債券を提案。前向きな反応。
H000781,C00333,2025-10-09,来店,ファンドラップ,見送り,E058,ファンドラップを提案。反応は限定的。
H000782,C00333,2024-10-25,オンライン面談,一時払い保険,検討中,E058,一時払い保険を提案。前向きな反応。
H000783,C00333,2024-10-23,電話,一時払い保険,再訪問予定,E058,一時払い保険を提案。前向きな反応。
H000784,C00334,2025-09-10,オンライン面談,外貨預金,見送り,E031,外貨預金を提案。反応は限定的。
H000785,C00335,2025-12-31,来店,外国債券,成約,E034,外国債券を提案。前向きな反応。
H000786,C00335,2025-03-13,オンライン面談,ファンドラップ,検討中,E034,ファンドラップを提案。前向きな反応。
H000787,C00336,2026-05-14,電話,投資信託,成約,E036,投資信託を提案。前向きな反応。
H000788,C00336,2026-02-18,電話,相続コンサル,再訪問予定,E036,相続コンサルを提案。前向きな反応。
H000789,C00336,2025-04-29,電話,投資信託,検討中,E036,投資信託を提案。前向きな反応。
H000790,C00337,2026-08-17,電話,一時払い保険,成約,E038,一時払い保険を提案。前向きな反応。
H000791,C00337,2026-08-07,来店,ファンドラップ,成約,E038,ファンドラップを提案。前向きな反応。
H000792,C00338,2025-01-15,メール,相続コンサル,検討中,E038,相続コンサルを提案。前向きな反応。
H000793,C00338,2024-11-20,オンライン面談,投資信託,成約,E038,投資信託を提案。前向きな反応。
H000794,C00339,2025-10-29,オンライン面談,国内債券,成約,E023,国内債券を提案。前向きな反応。
H000795,C00339,2025-08-30,メール,投資信託,成約,E023,投資信託を提案。前向きな反応。
H000796,C00339,2025-09-12,メール,外国債券,再訪問予定,E023,外国債券を提案。前向きな反応。
H000797,C00339,2025-08-19,メール,一時払い保険,情報提供のみ,E023,一時払い保険を提案。前向きな反応。
H000798,C00340,2025-10-24,オンライン面談,相続コンサル,再訪問予定,E039,相続コンサルを提案。前向きな反応。
H000799,C00340,2024-12-12,来店,ファンドラップ,成約,E039,ファンドラップを提案。前向きな反応。
H000800,C00340,2024-10-14,訪問,外貨預金,見送り,E039,外貨預金を提案。反応は限定的。
H000801,C00340,2025-09-12,オンライン面談,ファンドラップ,検討中,E039,ファンドラップを提案。前向きな反応。
H000802,C00340,2025-06-14,メール,一時払い保険,成約,E039,一時払い保険を提案。前向きな反応。
H000803,C00342,2025-05-12,訪問,一時払い保険,検討中,E002,一時払い保険を提案。前向きな反応。
H000804,C00342,2025-03-13,来店,一時払い保険,情報提供のみ,E002,一時払い保険を提案。前向きな反応。
H000805,C00342,2025-03-31,来店,国内債券,見送り,E002,国内債券を提案。反応は限定的。
H000806,C00343,2025-10-12,オンライン面談,NISA,再訪問予定,E058,NISAを提案。前向きな反応。
H000807,C00343,2025-04-27,オンライン面談,外国債券,再訪問予定,E058,外国債券を提案。前向きな反応。
H000808,C00343,2025-05-07,電話,投資信託,成約,E058,投資信託を提案。前向きな反応。
H000809,C00343,2025-06-01,来店,国内債券,検討中,E058,国内債券を提案。前向きな反応。
H000810,C00343,2025-04-30,電話,外貨預金,検討中,E058,外貨預金を提案。前向きな反応。
H000811,C00345,2025-07-22,オンライン面談,外貨預金,見送り,E009,外貨預金を提案。反応は限定的。
H000812,C00345,2024-07-27,訪問,ファンドラップ,見送り,E009,ファンドラップを提案。反応は限定的。
H000813,C00346,2025-08-16,来店,国内債券,成約,E054,国内債券を提案。前向きな反応。
H000814,C00347,2025-09-16,来店,外国債券,再訪問予定,E031,外国債券を提案。前向きな反応。
H000815,C00348,2026-07-02,オンライン面談,外国債券,情報提供のみ,E013,外国債券を提案。前向きな反応。
H000816,C00348,2025-08-02,電話,相続コンサル,見送り,E013,相続コンサルを提案。反応は限定的。
H000817,C00348,2025-06-05,訪問,投資信託,成約,E013,投資信託を提案。前向きな反応。
H000818,C00348,2025-12-14,電話,投資信託,見送り,E013,投資信託を提案。反応は限定的。
H000819,C00349,2026-07-13,メール,外貨預金,再訪問予定,E073,外貨預金を提案。前向きな反応。
H000820,C00349,2026-05-05,メール,一時払い保険,再訪問予定,E073,一時払い保険を提案。前向きな反応。
H000821,C00349,2026-01-11,電話,ファンドラップ,検討中,E073,ファンドラップを提案。前向きな反応。
H000822,C00349,2026-03-22,訪問,相続コンサル,成約,E073,相続コンサルを提案。前向きな反応。
H000823,C00350,2026-07-04,電話,国内債券,情報提供のみ,E038,国内債券を提案。前向きな反応。
H000824,C00350,2025-09-21,電話,NISA,成約,E038,NISAを提案。前向きな反応。
H000825,C00352,2026-07-13,電話,NISA,検討中,E022,NISAを提案。前向きな反応。
H000826,C00352,2026-07-04,訪問,ファンドラップ,成約,E022,ファンドラップを提案。前向きな反応。
H000827,C00352,2026-06-27,来店,相続コンサル,見送り,E022,相続コンサルを提案。反応は限定的。
H000828,C00353,2026-07-20,訪問,ファンドラップ,検討中,E066,ファンドラップを提案。前向きな反応。
H000829,C00355,2025-04-18,電話,外国債券,見送り,E035,外国債券を提案。反応は限定的。
H000830,C00356,2025-12-16,電話,一時払い保険,情報提供のみ,E035,一時払い保険を提案。前向きな反応。
H000831,C00357,2025-10-31,メール,国内債券,検討中,E053,国内債券を提案。前向きな反応。
H000832,C00358,2026-08-02,訪問,NISA,成約,E068,NISAを提案。前向きな反応。
H000833,C00359,2026-01-10,メール,NISA,成約,E054,NISAを提案。前向きな反応。
H000834,C00359,2024-12-11,訪問,外貨預金,検討中,E054,外貨預金を提案。前向きな反応。
H000835,C00359,2025-12-18,訪問,外国債券,情報提供のみ,E054,外国債券を提案。前向きな反応。
H000836,C00359,2025-05-30,メール,一時払い保険,情報提供のみ,E054,一時払い保険を提案。前向きな反応。
H000837,C00359,2025-08-10,メール,投資信託,成約,E054,投資信託を提案。前向きな反応。
H000838,C00361,2026-01-27,訪問,相続コンサル,再訪問予定,E034,相続コンサルを提案。前向きな反応。
H000839,C00362,2026-05-05,訪問,相続コンサル,情報提供のみ,E063,相続コンサルを提案。前向きな反応。
H000840,C00362,2025-12-24,電話,NISA,見送り,E063,NISAを提案。反応は限定的。
H000841,C00362,2025-10-02,来店,相続コンサル,情報提供のみ,E063,相続コンサルを提案。前向きな反応。
H000842,C00362,2025-08-05,電話,外国債券,情報提供のみ,E063,外国債券を提案。前向きな反応。
H000843,C00362,2025-04-13,来店,外国債券,再訪問予定,E063,外国債券を提案。前向きな反応。
H000844,C00363,2026-05-16,メール,相続コンサル,情報提供のみ,E063,相続コンサルを提案。前向きな反応。
H000845,C00363,2025-08-29,メール,ファンドラップ,再訪問予定,E063,ファンドラップを提案。前向きな反応。
H000846,C00363,2025-10-30,訪問,ファンドラップ,情報提供のみ,E063,ファンドラップを提案。前向きな反応。
H000847,C00363,2026-03-11,訪問,国内債券,情報提供のみ,E063,国内債券を提案。前向きな反応。
H000848,C00363,2025-07-02,メール,ファンドラップ,情報提供のみ,E063,ファンドラップを提案。前向きな反応。
H000849,C00364,2025-11-29,訪問,外貨預金,検討中,E031,外貨預金を提案。前向きな反応。
H000850,C00364,2025-10-19,電話,投資信託,見送り,E031,投資信託を提案。反応は限定的。
H000851,C00364,2025-05-28,来店,投資信託,検討中,E031,投資信託を提案。前向きな反応。
H000852,C00365,2024-12-14,オンライン面談,外貨預金,見送り,E050,外貨預金を提案。反応は限定的。
H000853,C00366,2026-03-16,電話,外国債券,成約,E030,外国債券を提案。前向きな反応。
H000854,C00366,2025-10-28,電話,外貨預金,成約,E030,外貨預金を提案。前向きな反応。
H000855,C00366,2025-03-10,メール,ファンドラップ,見送り,E030,ファンドラップを提案。反応は限定的。
H000856,C00369,2026-01-08,訪問,NISA,成約,E070,NISAを提案。前向きな反応。
H000857,C00369,2025-08-30,オンライン面談,外国債券,成約,E070,外国債券を提案。前向きな反応。
H000858,C00369,2025-06-18,訪問,外貨預金,見送り,E070,外貨預金を提案。反応は限定的。
H000859,C00369,2025-11-24,来店,国内債券,再訪問予定,E070,国内債券を提案。前向きな反応。
H000860,C00369,2025-03-01,メール,一時払い保険,見送り,E070,一時払い保険を提案。反応は限定的。
H000861,C00371,2025-12-23,電話,投資信託,情報提供のみ,E068,投資信託を提案。前向きな反応。
H000862,C00372,2026-04-20,訪問,一時払い保険,検討中,E074,一時払い保険を提案。前向きな反応。
H000863,C00372,2025-06-24,訪問,外国債券,再訪問予定,E074,外国債券を提案。前向きな反応。
H000864,C00372,2025-07-24,オンライン面談,外貨預金,見送り,E074,外貨預金を提案。反応は限定的。
H000865,C00373,2025-11-16,来店,ファンドラップ,検討中,E046,ファンドラップを提案。前向きな反応。
H000866,C00373,2024-10-16,来店,NISA,情報提供のみ,E046,NISAを提案。前向きな反応。
H000867,C00373,2025-09-26,来店,外国債券,成約,E046,外国債券を提案。前向きな反応。
H000868,C00374,2025-08-24,電話,外貨預金,成約,E003,外貨預金を提案。前向きな反応。
H000869,C00374,2024-08-18,電話,一時払い保険,情報提供のみ,E003,一時払い保険を提案。前向きな反応。
H000870,C00376,2026-01-04,訪問,ファンドラップ,成約,E042,ファンドラップを提案。前向きな反応。
H000871,C00376,2025-09-04,メール,外国債券,検討中,E042,外国債券を提案。前向きな反応。
H000872,C00377,2025-03-08,オンライン面談,ファンドラップ,成約,E034,ファンドラップを提案。前向きな反応。
H000873,C00377,2025-02-07,電話,外国債券,成約,E034,外国債券を提案。前向きな反応。
H000874,C00377,2024-03-16,電話,国内債券,見送り,E034,国内債券を提案。反応は限定的。
H000875,C00378,2025-10-18,オンライン面談,投資信託,成約,E065,投資信託を提案。前向きな反応。
H000876,C00378,2025-05-30,来店,投資信託,成約,E065,投資信託を提案。前向きな反応。
H000877,C00378,2025-02-17,来店,一時払い保険,成約,E065,一時払い保険を提案。前向きな反応。
H000878,C00378,2024-10-30,メール,国内債券,見送り,E065,国内債券を提案。反応は限定的。
H000879,C00379,2025-07-23,オンライン面談,ファンドラップ,成約,E017,ファンドラップを提案。前向きな反応。
H000880,C00379,2024-07-05,来店,ファンドラップ,情報提供のみ,E017,ファンドラップを提案。前向きな反応。
H000881,C00379,2025-05-05,訪問,投資信託,再訪問予定,E017,投資信託を提案。前向きな反応。
H000882,C00380,2026-06-28,オンライン面談,外貨預金,情報提供のみ,E034,外貨預金を提案。前向きな反応。
H000883,C00380,2025-08-07,メール,NISA,情報提供のみ,E034,NISAを提案。前向きな反応。
H000884,C00383,2026-01-05,訪問,一時払い保険,検討中,E050,一時払い保険を提案。前向きな反応。
H000885,C00384,2025-08-21,来店,投資信託,検討中,E003,投資信託を提案。前向きな反応。
H000886,C00385,2025-11-05,オンライン面談,相続コンサル,見送り,E072,相続コンサルを提案。反応は限定的。
H000887,C00387,2025-07-14,メール,投資信託,再訪問予定,E048,投資信託を提案。前向きな反応。
H000888,C00388,2026-06-21,メール,国内債券,検討中,E068,国内債券を提案。前向きな反応。
H000889,C00388,2025-09-12,オンライン面談,国内債券,再訪問予定,E068,国内債券を提案。前向きな反応。
H000890,C00388,2025-10-24,電話,外国債券,情報提供のみ,E068,外国債券を提案。前向きな反応。
H000891,C00389,2025-10-16,オンライン面談,ファンドラップ,検討中,E040,ファンドラップを提案。前向きな反応。
H000892,C00389,2025-02-07,来店,一時払い保険,検討中,E040,一時払い保険を提案。前向きな反応。
H000893,C00389,2025-06-22,来店,相続コンサル,情報提供のみ,E040,相続コンサルを提案。前向きな反応。
H000894,C00389,2025-01-03,来店,投資信託,成約,E040,投資信託を提案。前向きな反応。
H000895,C00389,2025-05-23,オンライン面談,投資信託,再訪問予定,E040,投資信託を提案。前向きな反応。
H000896,C00390,2025-11-09,訪問,NISA,検討中,E016,NISAを提案。前向きな反応。
H000897,C00390,2025-02-26,来店,投資信託,成約,E016,投資信託を提案。前向きな反応。
H000898,C00390,2025-07-01,訪問,一時払い保険,再訪問予定,E016,一時払い保険を提案。前向きな反応。
H000899,C00390,2025-09-01,電話,ファンドラップ,情報提供のみ,E016,ファンドラップを提案。前向きな反応。
H000900,C00390,2025-08-18,来店,ファンドラップ,見送り,E016,ファンドラップを提案。反応は限定的。
H000901,C00391,2025-10-13,メール,NISA,情報提供のみ,E041,NISAを提案。前向きな反応。
H000902,C00391,2025-06-03,メール,相続コンサル,成約,E041,相続コンサルを提案。前向きな反応。
H000903,C00391,2025-03-01,訪問,国内債券,検討中,E041,国内債券を提案。前向きな反応。
H000904,C00392,2026-06-18,電話,NISA,再訪問予定,E069,NISAを提案。前向きな反応。
H000905,C00392,2026-04-07,来店,NISA,成約,E069,NISAを提案。前向きな反応。
H000906,C00392,2026-04-20,メール,外貨預金,再訪問予定,E069,外貨預金を提案。前向きな反応。
H000907,C00392,2025-12-02,来店,投資信託,検討中,E069,投資信託を提案。前向きな反応。
H000908,C00392,2026-06-14,電話,一時払い保険,検討中,E069,一時払い保険を提案。前向きな反応。
H000909,C00393,2025-11-23,訪問,外国債券,検討中,E059,外国債券を提案。前向きな反応。
H000910,C00393,2025-08-07,来店,一時払い保険,見送り,E059,一時払い保険を提案。反応は限定的。
H000911,C00393,2025-06-29,オンライン面談,外貨預金,見送り,E059,外貨預金を提案。反応は限定的。
H000912,C00393,2025-08-03,来店,投資信託,検討中,E059,投資信託を提案。前向きな反応。
H000913,C00393,2025-09-30,メール,国内債券,再訪問予定,E059,国内債券を提案。前向きな反応。
H000914,C00394,2024-11-17,電話,投資信託,検討中,E003,投資信託を提案。前向きな反応。
H000915,C00394,2024-05-13,来店,ファンドラップ,見送り,E003,ファンドラップを提案。反応は限定的。
H000916,C00395,2025-01-05,オンライン面談,ファンドラップ,再訪問予定,E012,ファンドラップを提案。前向きな反応。
H000917,C00395,2024-06-13,電話,一時払い保険,再訪問予定,E012,一時払い保険を提案。前向きな反応。
H000918,C00396,2024-11-15,訪問,一時払い保険,見送り,E068,一時払い保険を提案。反応は限定的。
H000919,C00396,2024-09-30,来店,投資信託,見送り,E068,投資信託を提案。反応は限定的。
H000920,C00396,2024-09-16,訪問,相続コンサル,見送り,E068,相続コンサルを提案。反応は限定的。
H000921,C00397,2025-12-09,オンライン面談,ファンドラップ,情報提供のみ,E032,ファンドラップを提案。前向きな反応。
H000922,C00399,2026-04-13,オンライン面談,NISA,検討中,E073,NISAを提案。前向きな反応。
H000923,C00399,2025-03-18,来店,外国債券,見送り,E073,外国債券を提案。反応は限定的。
H000924,C00399,2026-03-05,メール,相続コンサル,検討中,E073,相続コンサルを提案。前向きな反応。
H000925,C00400,2025-11-23,電話,NISA,情報提供のみ,E060,NISAを提案。前向きな反応。
H000926,C00401,2025-05-16,来店,NISA,見送り,E054,NISAを提案。反応は限定的。
H000927,C00401,2025-02-26,メール,投資信託,情報提供のみ,E054,投資信託を提案。前向きな反応。
H000928,C00402,2025-12-24,電話,一時払い保険,再訪問予定,E009,一時払い保険を提案。前向きな反応。
H000929,C00402,2025-12-15,電話,外貨預金,再訪問予定,E009,外貨預金を提案。前向きな反応。
H000930,C00402,2025-05-16,訪問,外貨預金,検討中,E009,外貨預金を提案。前向きな反応。
H000931,C00402,2025-05-02,メール,外国債券,成約,E009,外国債券を提案。前向きな反応。
H000932,C00405,2026-05-05,来店,相続コンサル,成約,E069,相続コンサルを提案。前向きな反応。
H000933,C00405,2025-10-21,訪問,相続コンサル,見送り,E069,相続コンサルを提案。反応は限定的。
H000934,C00405,2025-06-11,電話,相続コンサル,見送り,E069,相続コンサルを提案。反応は限定的。
H000935,C00408,2026-03-13,電話,投資信託,再訪問予定,E058,投資信託を提案。前向きな反応。
H000936,C00408,2025-07-30,訪問,国内債券,情報提供のみ,E058,国内債券を提案。前向きな反応。
H000937,C00409,2026-03-04,メール,外国債券,検討中,E037,外国債券を提案。前向きな反応。
H000938,C00409,2025-12-12,オンライン面談,外国債券,検討中,E037,外国債券を提案。前向きな反応。
H000939,C00409,2025-02-03,メール,ファンドラップ,情報提供のみ,E037,ファンドラップを提案。前向きな反応。
H000940,C00409,2025-07-17,電話,外貨預金,情報提供のみ,E037,外貨預金を提案。前向きな反応。
H000941,C00410,2026-01-16,メール,外貨預金,成約,E054,外貨預金を提案。前向きな反応。
H000942,C00410,2025-06-02,メール,一時払い保険,成約,E054,一時払い保険を提案。前向きな反応。
H000943,C00410,2025-12-13,電話,NISA,成約,E054,NISAを提案。前向きな反応。
H000944,C00411,2026-01-24,メール,ファンドラップ,再訪問予定,E030,ファンドラップを提案。前向きな反応。
H000945,C00411,2025-07-25,オンライン面談,外国債券,成約,E030,外国債券を提案。前向きな反応。
H000946,C00411,2025-04-29,メール,相続コンサル,見送り,E030,相続コンサルを提案。反応は限定的。
H000947,C00411,2025-06-30,来店,外貨預金,見送り,E030,外貨預金を提案。反応は限定的。
H000948,C00412,2026-01-28,オンライン面談,一時払い保険,成約,E048,一時払い保険を提案。前向きな反応。
H000949,C00412,2025-02-07,訪問,NISA,再訪問予定,E048,NISAを提案。前向きな反応。
H000950,C00412,2025-09-18,来店,NISA,再訪問予定,E048,NISAを提案。前向きな反応。
H000951,C00412,2025-02-11,オンライン面談,外国債券,検討中,E048,外国債券を提案。前向きな反応。
H000952,C00413,2026-01-15,来店,NISA,見送り,E001,NISAを提案。反応は限定的。
H000953,C00413,2025-05-30,メール,外貨預金,再訪問予定,E001,外貨預金を提案。前向きな反応。
H000954,C00413,2025-08-08,電話,NISA,検討中,E001,NISAを提案。前向きな反応。
H000955,C00413,2025-12-17,メール,相続コンサル,検討中,E001,相続コンサルを提案。前向きな反応。
H000956,C00414,2026-02-22,訪問,外国債券,検討中,E042,外国債券を提案。前向きな反応。
H000957,C00414,2026-01-14,オンライン面談,投資信託,成約,E042,投資信託を提案。前向きな反応。
H000958,C00415,2026-04-07,電話,外国債券,検討中,E015,外国債券を提案。前向きな反応。
H000959,C00415,2025-09-13,電話,相続コンサル,再訪問予定,E015,相続コンサルを提案。前向きな反応。
H000960,C00415,2026-01-05,来店,外国債券,成約,E015,外国債券を提案。前向きな反応。
H000961,C00415,2025-05-13,電話,相続コンサル,成約,E015,相続コンサルを提案。前向きな反応。
H000962,C00416,2024-11-29,メール,NISA,見送り,E034,NISAを提案。反応は限定的。
H000963,C00417,2026-01-11,オンライン面談,国内債券,情報提供のみ,E039,国内債券を提案。前向きな反応。
H000964,C00417,2025-11-18,メール,外国債券,成約,E039,外国債券を提案。前向きな反応。
H000965,C00417,2025-08-14,電話,NISA,成約,E039,NISAを提案。前向きな反応。
H000966,C00418,2024-11-28,オンライン面談,ファンドラップ,見送り,E048,ファンドラップを提案。反応は限定的。
H000967,C00418,2024-08-01,来店,NISA,検討中,E048,NISAを提案。前向きな反応。
H000968,C00419,2024-11-29,メール,投資信託,検討中,E039,投資信託を提案。前向きな反応。
H000969,C00420,2025-10-27,来店,外国債券,再訪問予定,E040,外国債券を提案。前向きな反応。
H000970,C00421,2024-12-20,オンライン面談,投資信託,検討中,E012,投資信託を提案。前向きな反応。
H000971,C00421,2024-08-06,電話,ファンドラップ,見送り,E012,ファンドラップを提案。反応は限定的。
H000972,C00421,2024-11-11,来店,ファンドラップ,見送り,E012,ファンドラップを提案。反応は限定的。
H000973,C00423,2025-07-25,来店,一時払い保険,再訪問予定,E072,一時払い保険を提案。前向きな反応。
H000974,C00423,2025-06-14,メール,一時払い保険,検討中,E072,一時払い保険を提案。前向きな反応。
H000975,C00423,2024-06-22,来店,NISA,再訪問予定,E072,NISAを提案。前向きな反応。
H000976,C00424,2025-09-03,オンライン面談,一時払い保険,検討中,E074,一時払い保険を提案。前向きな反応。
H000977,C00425,2025-12-26,電話,外貨預金,情報提供のみ,E034,外貨預金を提案。前向きな反応。
H000978,C00425,2025-06-17,オンライン面談,一時払い保険,情報提供のみ,E034,一時払い保険を提案。前向きな反応。
H000979,C00425,2025-05-15,電話,外貨預金,再訪問予定,E034,外貨預金を提案。前向きな反応。
H000980,C00426,2026-04-16,オンライン面談,投資信託,見送り,E072,投資信託を提案。反応は限定的。
H000981,C00426,2025-07-02,来店,ファンドラップ,再訪問予定,E072,ファンドラップを提案。前向きな反応。
H000982,C00426,2025-11-01,訪問,投資信託,成約,E072,投資信託を提案。前向きな反応。
H000983,C00427,2025-10-06,オンライン面談,NISA,成約,E013,NISAを提案。前向きな反応。
H000984,C00427,2024-12-01,電話,一時払い保険,成約,E013,一時払い保険を提案。前向きな反応。
H000985,C00428,2025-11-11,メール,外国債券,見送り,E044,外国債券を提案。反応は限定的。
H000986,C00428,2025-09-28,電話,国内債券,情報提供のみ,E044,国内債券を提案。前向きな反応。
H000987,C00428,2025-07-21,訪問,投資信託,見送り,E044,投資信託を提案。反応は限定的。
H000988,C00429,2026-01-10,来店,外国債券,再訪問予定,E029,外国債券を提案。前向きな反応。
H000989,C00429,2025-01-08,メール,相続コンサル,検討中,E029,相続コンサルを提案。前向きな反応。
H000990,C00429,2025-07-25,電話,相続コンサル,情報提供のみ,E029,相続コンサルを提案。前向きな反応。
H000991,C00429,2025-04-02,訪問,NISA,情報提供のみ,E029,NISAを提案。前向きな反応。
H000992,C00430,2025-05-25,訪問,NISA,成約,E016,NISAを提案。前向きな反応。
H000993,C00430,2024-05-20,来店,ファンドラップ,見送り,E016,ファンドラップを提案。反応は限定的。
H000994,C00430,2025-05-24,メール,相続コンサル,情報提供のみ,E016,相続コンサルを提案。前向きな反応。
H000995,C00431,2026-08-06,電話,投資信託,見送り,E002,投資信託を提案。反応は限定的。
H000996,C00431,2025-08-31,来店,外国債券,見送り,E002,外国債券を提案。反応は限定的。
H000997,C00431,2026-05-14,電話,国内債券,情報提供のみ,E002,国内債券を提案。前向きな反応。
H000998,C00432,2026-04-18,オンライン面談,投資信託,検討中,E051,投資信託を提案。前向きな反応。
H000999,C00432,2025-07-15,オンライン面談,投資信託,見送り,E051,投資信託を提案。反応は限定的。
H001000,C00433,2026-05-29,訪問,一時払い保険,成約,E074,一時払い保険を提案。前向きな反応。
H001001,C00434,2026-08-14,電話,一時払い保険,検討中,E012,一時払い保険を提案。前向きな反応。
H001002,C00436,2025-09-18,訪問,NISA,情報提供のみ,E042,NISAを提案。前向きな反応。
H001003,C00436,2025-08-19,来店,一時払い保険,情報提供のみ,E042,一時払い保険を提案。前向きな反応。
H001004,C00437,2026-03-02,来店,一時払い保険,情報提供のみ,E026,一時払い保険を提案。前向きな反応。
H001005,C00437,2025-05-09,オンライン面談,外貨預金,再訪問予定,E026,外貨預金を提案。前向きな反応。
H001006,C00438,2025-10-02,電話,一時払い保険,成約,E038,一時払い保険を提案。前向きな反応。
H001007,C00439,2026-03-20,電話,ファンドラップ,情報提供のみ,E080,ファンドラップを提案。前向きな反応。
H001008,C00440,2026-01-11,電話,投資信託,再訪問予定,E075,投資信託を提案。前向きな反応。
H001009,C00440,2025-12-29,訪問,一時払い保険,成約,E075,一時払い保険を提案。前向きな反応。
H001010,C00440,2025-08-27,訪問,国内債券,成約,E075,国内債券を提案。前向きな反応。
H001011,C00440,2025-03-21,来店,相続コンサル,再訪問予定,E075,相続コンサルを提案。前向きな反応。
H001012,C00441,2026-01-28,訪問,外国債券,情報提供のみ,E060,外国債券を提案。前向きな反応。
H001013,C00441,2025-11-29,電話,一時払い保険,情報提供のみ,E060,一時払い保険を提案。前向きな反応。
H001014,C00441,2025-07-07,電話,国内債券,検討中,E060,国内債券を提案。前向きな反応。
H001015,C00441,2025-08-23,オンライン面談,NISA,検討中,E060,NISAを提案。前向きな反応。
H001016,C00443,2026-05-16,オンライン面談,外貨預金,見送り,E010,外貨預金を提案。反応は限定的。
H001017,C00443,2025-07-31,電話,相続コンサル,検討中,E010,相続コンサルを提案。前向きな反応。
H001018,C00443,2026-03-27,オンライン面談,外国債券,成約,E010,外国債券を提案。前向きな反応。
H001019,C00444,2025-12-23,電話,国内債券,見送り,E041,国内債券を提案。反応は限定的。
H001020,C00444,2025-08-27,メール,外国債券,情報提供のみ,E041,外国債券を提案。前向きな反応。
H001021,C00445,2025-12-18,訪問,外国債券,再訪問予定,E004,外国債券を提案。前向きな反応。
H001022,C00445,2025-04-02,メール,外貨預金,検討中,E004,外貨預金を提案。前向きな反応。
H001023,C00446,2025-08-23,来店,ファンドラップ,成約,E014,ファンドラップを提案。前向きな反応。
H001024,C00447,2026-01-17,来店,外国債券,見送り,E005,外国債券を提案。反応は限定的。
H001025,C00448,2026-04-02,訪問,外国債券,検討中,E030,外国債券を提案。前向きな反応。
H001026,C00448,2025-12-26,電話,国内債券,成約,E030,国内債券を提案。前向きな反応。
H001027,C00448,2025-04-14,電話,NISA,検討中,E030,NISAを提案。前向きな反応。
H001028,C00448,2025-10-22,来店,外貨預金,成約,E030,外貨預金を提案。前向きな反応。
H001029,C00449,2025-12-10,オンライン面談,国内債券,見送り,E004,国内債券を提案。反応は限定的。
H001030,C00450,2026-07-23,オンライン面談,相続コンサル,検討中,E056,相続コンサルを提案。前向きな反応。
H001031,C00450,2025-09-24,メール,外国債券,検討中,E056,外国債券を提案。前向きな反応。
H001032,C00450,2025-09-17,電話,NISA,再訪問予定,E056,NISAを提案。前向きな反応。
H001033,C00450,2026-03-17,電話,外国債券,情報提供のみ,E056,外国債券を提案。前向きな反応。
H001034,C00450,2025-11-09,オンライン面談,一時払い保険,再訪問予定,E056,一時払い保険を提案。前向きな反応。
H001035,C00451,2025-09-30,訪問,国内債券,見送り,E021,国内債券を提案。反応は限定的。
H001036,C00451,2024-09-19,来店,外貨預金,再訪問予定,E021,外貨預金を提案。前向きな反応。
H001037,C00452,2025-12-08,来店,ファンドラップ,検討中,E017,ファンドラップを提案。前向きな反応。
H001038,C00452,2025-05-27,オンライン面談,一時払い保険,情報提供のみ,E017,一時払い保険を提案。前向きな反応。
H001039,C00452,2025-08-10,電話,ファンドラップ,検討中,E017,ファンドラップを提案。前向きな反応。
H001040,C00453,2025-10-05,来店,外国債券,検討中,E020,外国債券を提案。前向きな反応。
H001041,C00453,2024-10-04,オンライン面談,外貨預金,情報提供のみ,E020,外貨預金を提案。前向きな反応。
H001042,C00454,2026-07-19,オンライン面談,NISA,見送り,E035,NISAを提案。反応は限定的。
H001043,C00454,2026-01-17,オンライン面談,一時払い保険,再訪問予定,E035,一時払い保険を提案。前向きな反応。
H001044,C00455,2026-05-22,訪問,ファンドラップ,再訪問予定,E009,ファンドラップを提案。前向きな反応。
H001045,C00455,2025-09-20,電話,ファンドラップ,再訪問予定,E009,ファンドラップを提案。前向きな反応。
H001046,C00455,2026-05-13,オンライン面談,外貨預金,検討中,E009,外貨預金を提案。前向きな反応。
H001047,C00455,2026-03-19,オンライン面談,外国債券,検討中,E009,外国債券を提案。前向きな反応。
H001048,C00456,2025-07-14,訪問,NISA,成約,E013,NISAを提案。前向きな反応。
H001049,C00457,2026-01-29,電話,外国債券,成約,E056,外国債券を提案。前向きな反応。
H001050,C00457,2025-08-03,来店,国内債券,見送り,E056,国内債券を提案。反応は限定的。
H001051,C00457,2025-08-02,メール,外国債券,再訪問予定,E056,外国債券を提案。前向きな反応。
H001052,C00457,2025-08-29,メール,外国債券,見送り,E056,外国債券を提案。反応は限定的。
H001053,C00458,2025-04-04,訪問,外国債券,見送り,E012,外国債券を提案。反応は限定的。
H001054,C00460,2026-04-14,訪問,国内債券,検討中,E030,国内債券を提案。前向きな反応。
H001055,C00461,2026-05-20,オンライン面談,投資信託,再訪問予定,E017,投資信託を提案。前向きな反応。
H001056,C00461,2025-07-14,メール,ファンドラップ,成約,E017,ファンドラップを提案。前向きな反応。
H001057,C00461,2025-05-30,メール,投資信託,成約,E017,投資信託を提案。前向きな反応。
H001058,C00461,2025-10-28,来店,外貨預金,情報提供のみ,E017,外貨預金を提案。前向きな反応。
H001059,C00462,2024-12-03,来店,NISA,見送り,E045,NISAを提案。反応は限定的。
H001060,C00462,2024-08-31,来店,相続コンサル,情報提供のみ,E045,相続コンサルを提案。前向きな反応。
H001061,C00463,2026-01-10,来店,一時払い保険,見送り,E013,一時払い保険を提案。反応は限定的。
H001062,C00463,2025-12-16,来店,一時払い保険,検討中,E013,一時払い保険を提案。前向きな反応。
H001063,C00463,2024-12-16,電話,外国債券,検討中,E013,外国債券を提案。前向きな反応。
H001064,C00464,2025-12-23,来店,国内債券,情報提供のみ,E076,国内債券を提案。前向きな反応。
H001065,C00464,2025-09-01,メール,投資信託,再訪問予定,E076,投資信託を提案。前向きな反応。
H001066,C00465,2024-09-23,来店,外国債券,見送り,E002,外国債券を提案。反応は限定的。
H001067,C00465,2023-10-22,来店,NISA,見送り,E002,NISAを提案。反応は限定的。
H001068,C00466,2026-06-22,メール,投資信託,検討中,E064,投資信託を提案。前向きな反応。
H001069,C00466,2025-11-11,電話,ファンドラップ,検討中,E064,ファンドラップを提案。前向きな反応。
H001070,C00466,2025-06-25,オンライン面談,NISA,成約,E064,NISAを提案。前向きな反応。
H001071,C00467,2026-03-04,電話,相続コンサル,成約,E066,相続コンサルを提案。前向きな反応。
H001072,C00467,2025-10-17,メール,国内債券,検討中,E066,国内債券を提案。前向きな反応。
H001073,C00467,2025-07-30,電話,一時払い保険,再訪問予定,E066,一時払い保険を提案。前向きな反応。
H001074,C00467,2025-11-19,電話,ファンドラップ,成約,E066,ファンドラップを提案。前向きな反応。
H001075,C00468,2025-10-05,訪問,外貨預金,再訪問予定,E004,外貨預金を提案。前向きな反応。
H001076,C00468,2025-02-25,訪問,外国債券,情報提供のみ,E004,外国債券を提案。前向きな反応。
H001077,C00468,2024-10-04,来店,ファンドラップ,検討中,E004,ファンドラップを提案。前向きな反応。
H001078,C00468,2025-05-11,来店,一時払い保険,検討中,E004,一時払い保険を提案。前向きな反応。
H001079,C00468,2025-02-10,メール,ファンドラップ,見送り,E004,ファンドラップを提案。反応は限定的。
H001080,C00469,2026-01-14,来店,ファンドラップ,情報提供のみ,E002,ファンドラップを提案。前向きな反応。
H001081,C00469,2025-09-30,訪問,外貨預金,成約,E002,外貨預金を提案。前向きな反応。
H001082,C00469,2025-12-22,訪問,ファンドラップ,再訪問予定,E002,ファンドラップを提案。前向きな反応。
H001083,C00470,2025-08-16,訪問,国内債券,見送り,E068,国内債券を提案。反応は限定的。
H001084,C00470,2025-01-03,来店,国内債券,情報提供のみ,E068,国内債券を提案。前向きな反応。
H001085,C00471,2025-03-19,オンライン面談,一時払い保険,検討中,E041,一時払い保険を提案。前向きな反応。
H001086,C00471,2024-03-27,電話,投資信託,情報提供のみ,E041,投資信託を提案。前向きな反応。
H001087,C00472,2025-11-04,電話,相続コンサル,検討中,E078,相続コンサルを提案。前向きな反応。
H001088,C00472,2024-10-05,訪問,国内債券,再訪問予定,E078,国内債券を提案。前向きな反応。
H001089,C00473,2025-10-10,訪問,NISA,見送り,E008,NISAを提案。反応は限定的。
H001090,C00474,2026-05-09,オンライン面談,ファンドラップ,見送り,E012,ファンドラップを提案。反応は限定的。
H001091,C00474,2025-09-22,オンライン面談,投資信託,成約,E012,投資信託を提案。前向きな反応。
H001092,C00475,2025-07-18,オンライン面談,NISA,再訪問予定,E045,NISAを提案。前向きな反応。
H001093,C00475,2025-01-06,電話,ファンドラップ,見送り,E045,ファンドラップを提案。反応は限定的。
H001094,C00477,2025-12-21,電話,一時払い保険,見送り,E040,一時払い保険を提案。反応は限定的。
H001095,C00477,2024-12-11,訪問,国内債券,見送り,E040,国内債券を提案。反応は限定的。
H001096,C00477,2025-12-20,オンライン面談,NISA,成約,E040,NISAを提案。前向きな反応。
H001097,C00477,2025-07-02,訪問,相続コンサル,再訪問予定,E040,相続コンサルを提案。前向きな反応。
H001098,C00477,2025-08-06,電話,国内債券,検討中,E040,国内債券を提案。前向きな反応。
H001099,C00478,2026-04-19,訪問,投資信託,情報提供のみ,E061,投資信託を提案。前向きな反応。
H001100,C00478,2026-04-03,オンライン面談,一時払い保険,検討中,E061,一時払い保険を提案。前向きな反応。
H001101,C00479,2025-09-18,メール,投資信託,見送り,E009,投資信託を提案。反応は限定的。
H001102,C00480,2025-09-26,メール,国内債券,検討中,E010,国内債券を提案。前向きな反応。
H001103,C00480,2025-02-05,オンライン面談,外貨預金,検討中,E010,外貨預金を提案。前向きな反応。
H001104,C00480,2025-02-04,来店,ファンドラップ,再訪問予定,E010,ファンドラップを提案。前向きな反応。
H001105,C00480,2025-08-15,オンライン面談,相続コンサル,情報提供のみ,E010,相続コンサルを提案。前向きな反応。
H001106,C00480,2025-03-31,メール,外貨預金,情報提供のみ,E010,外貨預金を提案。前向きな反応。
H001107,C00481,2026-06-11,メール,一時払い保険,検討中,E049,一時払い保険を提案。前向きな反応。
H001108,C00481,2025-05-07,来店,NISA,見送り,E049,NISAを提案。反応は限定的。
H001109,C00481,2025-06-21,来店,NISA,再訪問予定,E049,NISAを提案。前向きな反応。
H001110,C00482,2025-10-10,オンライン面談,投資信託,情報提供のみ,E010,投資信託を提案。前向きな反応。
H001111,C00482,2025-07-26,メール,相続コンサル,情報提供のみ,E010,相続コンサルを提案。前向きな反応。
H001112,C00482,2025-07-17,オンライン面談,国内債券,成約,E010,国内債券を提案。前向きな反応。
H001113,C00482,2025-01-19,訪問,NISA,成約,E010,NISAを提案。前向きな反応。
H001114,C00482,2025-02-20,オンライン面談,ファンドラップ,成約,E010,ファンドラップを提案。前向きな反応。
H001115,C00483,2025-07-28,メール,ファンドラップ,成約,E011,ファンドラップを提案。前向きな反応。
H001116,C00485,2026-04-13,メール,外貨預金,情報提供のみ,E007,外貨預金を提案。前向きな反応。
H001117,C00485,2025-06-14,オンライン面談,一時払い保険,成約,E007,一時払い保険を提案。前向きな反応。
H001118,C00485,2025-09-23,メール,相続コンサル,見送り,E007,相続コンサルを提案。反応は限定的。
H001119,C00485,2026-04-02,メール,相続コンサル,再訪問予定,E007,相続コンサルを提案。前向きな反応。
H001120,C00485,2026-02-11,オンライン面談,外国債券,成約,E007,外国債券を提案。前向きな反応。
H001121,C00486,2026-01-14,メール,相続コンサル,情報提供のみ,E076,相続コンサルを提案。前向きな反応。
H001122,C00487,2026-03-27,来店,投資信託,再訪問予定,E008,投資信託を提案。前向きな反応。
H001123,C00487,2025-08-08,オンライン面談,ファンドラップ,検討中,E008,ファンドラップを提案。前向きな反応。
H001124,C00487,2025-07-13,訪問,投資信託,検討中,E008,投資信託を提案。前向きな反応。
H001125,C00487,2025-03-08,電話,ファンドラップ,成約,E008,ファンドラップを提案。前向きな反応。
H001126,C00487,2025-04-13,電話,相続コンサル,情報提供のみ,E008,相続コンサルを提案。前向きな反応。
H001127,C00489,2025-09-25,訪問,投資信託,情報提供のみ,E002,投資信託を提案。前向きな反応。
H001128,C00489,2024-11-03,訪問,外国債券,成約,E002,外国債券を提案。前向きな反応。
H001129,C00491,2026-07-18,訪問,ファンドラップ,再訪問予定,E020,ファンドラップを提案。前向きな反応。
H001130,C00491,2025-06-22,来店,ファンドラップ,再訪問予定,E020,ファンドラップを提案。前向きな反応。
H001131,C00491,2025-12-04,来店,ファンドラップ,検討中,E020,ファンドラップを提案。前向きな反応。
H001132,C00492,2024-11-27,来店,国内債券,見送り,E036,国内債券を提案。反応は限定的。
H001133,C00493,2025-10-26,来店,相続コンサル,成約,E052,相続コンサルを提案。前向きな反応。
H001134,C00494,2025-10-24,電話,国内債券,再訪問予定,E066,国内債券を提案。前向きな反応。
H001135,C00494,2025-01-07,オンライン面談,外国債券,検討中,E066,外国債券を提案。前向きな反応。
H001136,C00494,2025-01-10,電話,ファンドラップ,再訪問予定,E066,ファンドラップを提案。前向きな反応。
H001137,C00494,2024-09-26,電話,一時払い保険,検討中,E066,一時払い保険を提案。前向きな反応。
H001138,C00495,2025-08-05,来店,ファンドラップ,再訪問予定,E079,ファンドラップを提案。前向きな反応。
H001139,C00495,2025-03-01,オンライン面談,外貨預金,成約,E079,外貨預金を提案。前向きな反応。
H001140,C00495,2024-10-09,訪問,外国債券,成約,E079,外国債券を提案。前向きな反応。
H001141,C00496,2025-08-26,オンライン面談,一時払い保険,情報提供のみ,E012,一時払い保険を提案。前向きな反応。
H001142,C00496,2025-07-13,電話,NISA,検討中,E012,NISAを提案。前向きな反応。
H001143,C00496,2024-10-03,オンライン面談,投資信託,成約,E012,投資信託を提案。前向きな反応。
H001144,C00496,2025-02-24,オンライン面談,ファンドラップ,検討中,E012,ファンドラップを提案。前向きな反応。
H001145,C00496,2025-02-13,オンライン面談,外国債券,成約,E012,外国債券を提案。前向きな反応。
H001146,C00497,2025-11-15,メール,一時払い保険,成約,E003,一時払い保険を提案。前向きな反応。
H001147,C00497,2025-07-06,オンライン面談,外国債券,情報提供のみ,E003,外国債券を提案。前向きな反応。
H001148,C00498,2026-04-21,オンライン面談,外貨預金,見送り,E003,外貨預金を提案。反応は限定的。
H001149,C00498,2025-12-17,来店,外国債券,再訪問予定,E003,外国債券を提案。前向きな反応。
H001150,C00499,2025-09-04,来店,相続コンサル,再訪問予定,E049,相続コンサルを提案。前向きな反応。
H001151,C00499,2025-07-09,メール,相続コンサル,見送り,E049,相続コンサルを提案。反応は限定的。
H001152,C00499,2025-09-02,メール,ファンドラップ,情報提供のみ,E049,ファンドラップを提案。前向きな反応。
H001153,C00499,2025-04-19,電話,国内債券,検討中,E049,国内債券を提案。前向きな反応。
H001154,C00499,2024-10-09,オンライン面談,投資信託,成約,E049,投資信託を提案。前向きな反応。
H001155,C00500,2026-04-10,オンライン面談,外国債券,情報提供のみ,E041,外国債券を提案。前向きな反応。
H001156,C00500,2025-05-11,オンライン面談,国内債券,検討中,E041,国内債券を提案。前向きな反応。
H001157,C00500,2025-12-29,メール,投資信託,成約,E041,投資信託を提案。前向きな反応。
H001158,C00500,2026-03-14,オンライン面談,外国債券,検討中,E041,外国債券を提案。前向きな反応。
H001159,C00500,2025-11-09,来店,相続コンサル,情報提供のみ,E041,相続コンサルを提案。前向きな反応。
H001160,C00501,2026-08-02,オンライン面談,投資信託,見送り,E040,投資信託を提案。反応は限定的。
H001161,C00503,2025-07-09,電話,外国債券,見送り,E002,外国債券を提案。反応は限定的。
H001162,C00504,2025-11-09,電話,外貨預金,再訪問予定,E075,外貨預金を提案。前向きな反応。
H001163,C00504,2025-02-13,訪問,投資信託,見送り,E075,投資信託を提案。反応は限定的。
H001164,C00504,2025-10-31,メール,外国債券,見送り,E075,外国債券を提案。反応は限定的。
H001165,C00505,2025-10-25,訪問,外国債券,見送り,E030,外国債券を提案。反応は限定的。
H001166,C00505,2025-02-28,訪問,国内債券,成約,E030,国内債券を提案。前向きな反応。
H001167,C00505,2025-01-22,来店,ファンドラップ,情報提供のみ,E030,ファンドラップを提案。前向きな反応。
H001168,C00505,2024-11-09,来店,ファンドラップ,情報提供のみ,E030,ファンドラップを提案。前向きな反応。
H001169,C00505,2025-07-30,メール,ファンドラップ,検討中,E030,ファンドラップを提案。前向きな反応。
H001170,C00507,2025-05-04,電話,投資信託,検討中,E013,投資信託を提案。前向きな反応。
H001171,C00510,2026-01-14,電話,外貨預金,検討中,E025,外貨預金を提案。前向きな反応。
H001172,C00511,2026-03-04,オンライン面談,ファンドラップ,見送り,E022,ファンドラップを提案。反応は限定的。
H001173,C00512,2025-03-08,訪問,NISA,情報提供のみ,E012,NISAを提案。前向きな反応。
H001174,C00513,2025-12-12,来店,国内債券,成約,E010,国内債券を提案。前向きな反応。
H001175,C00513,2024-12-01,訪問,外国債券,検討中,E010,外国債券を提案。前向きな反応。
H001176,C00513,2025-01-10,訪問,一時払い保険,検討中,E010,一時払い保険を提案。前向きな反応。
H001177,C00513,2025-12-03,オンライン面談,国内債券,情報提供のみ,E010,国内債券を提案。前向きな反応。
H001178,C00513,2025-09-24,電話,相続コンサル,検討中,E010,相続コンサルを提案。前向きな反応。
H001179,C00515,2026-04-03,オンライン面談,相続コンサル,検討中,E080,相続コンサルを提案。前向きな反応。
H001180,C00515,2025-04-08,来店,一時払い保険,見送り,E080,一時払い保険を提案。反応は限定的。
H001181,C00515,2025-05-06,メール,投資信託,成約,E080,投資信託を提案。前向きな反応。
H001182,C00515,2025-03-13,訪問,一時払い保険,検討中,E080,一時払い保険を提案。前向きな反応。
H001183,C00516,2025-07-22,訪問,投資信託,検討中,E075,投資信託を提案。前向きな反応。
H001184,C00517,2025-02-07,メール,外貨預金,見送り,E013,外貨預金を提案。反応は限定的。
H001185,C00519,2024-12-09,メール,NISA,情報提供のみ,E066,NISAを提案。前向きな反応。
H001186,C00519,2024-07-20,来店,一時払い保険,情報提供のみ,E066,一時払い保険を提案。前向きな反応。
H001187,C00519,2023-12-16,訪問,外国債券,検討中,E066,外国債券を提案。前向きな反応。
H001188,C00520,2025-04-14,メール,相続コンサル,検討中,E029,相続コンサルを提案。前向きな反応。
H001189,C00520,2024-10-07,訪問,ファンドラップ,見送り,E029,ファンドラップを提案。反応は限定的。
H001190,C00520,2025-01-03,電話,一時払い保険,見送り,E029,一時払い保険を提案。反応は限定的。
H001191,C00521,2025-07-08,メール,ファンドラップ,見送り,E002,ファンドラップを提案。反応は限定的。
H001192,C00521,2025-06-01,電話,NISA,見送り,E002,NISAを提案。反応は限定的。
H001193,C00522,2025-12-12,電話,外国債券,再訪問予定,E007,外国債券を提案。前向きな反応。
H001194,C00522,2025-08-03,電話,ファンドラップ,成約,E007,ファンドラップを提案。前向きな反応。
H001195,C00522,2025-05-16,オンライン面談,外国債券,成約,E007,外国債券を提案。前向きな反応。
H001196,C00522,2025-05-13,メール,国内債券,情報提供のみ,E007,国内債券を提案。前向きな反応。
H001197,C00523,2025-10-23,メール,外国債券,成約,E010,外国債券を提案。前向きな反応。
H001198,C00523,2025-04-30,メール,外国債券,見送り,E010,外国債券を提案。反応は限定的。
H001199,C00523,2024-10-11,オンライン面談,一時払い保険,成約,E010,一時払い保険を提案。前向きな反応。
H001200,C00523,2024-10-04,オンライン面談,相続コンサル,情報提供のみ,E010,相続コンサルを提案。前向きな反応。
H001201,C00524,2025-11-06,オンライン面談,相続コンサル,再訪問予定,E025,相続コンサルを提案。前向きな反応。
H001202,C00524,2025-03-21,オンライン面談,外国債券,検討中,E025,外国債券を提案。前向きな反応。
H001203,C00524,2024-10-03,メール,投資信託,検討中,E025,投資信託を提案。前向きな反応。
H001204,C00525,2025-09-22,オンライン面談,外国債券,成約,E066,外国債券を提案。前向きな反応。
H001205,C00526,2025-10-10,電話,国内債券,検討中,E075,国内債券を提案。前向きな反応。
H001206,C00526,2024-12-06,オンライン面談,一時払い保険,情報提供のみ,E075,一時払い保険を提案。前向きな反応。
H001207,C00527,2026-07-05,電話,外国債券,検討中,E048,外国債券を提案。前向きな反応。
H001208,C00527,2026-06-20,来店,国内債券,検討中,E048,国内債券を提案。前向きな反応。
H001209,C00527,2026-06-10,メール,ファンドラップ,成約,E048,ファンドラップを提案。前向きな反応。
H001210,C00527,2025-08-24,来店,外貨預金,再訪問予定,E048,外貨預金を提案。前向きな反応。
H001211,C00528,2026-04-23,来店,外貨預金,再訪問予定,E001,外貨預金を提案。前向きな反応。
H001212,C00528,2025-07-09,来店,一時払い保険,検討中,E001,一時払い保険を提案。前向きな反応。
H001213,C00528,2026-04-15,電話,相続コンサル,検討中,E001,相続コンサルを提案。前向きな反応。
H001214,C00528,2025-06-02,オンライン面談,相続コンサル,成約,E001,相続コンサルを提案。前向きな反応。
H001215,C00528,2025-06-25,オンライン面談,ファンドラップ,見送り,E001,ファンドラップを提案。反応は限定的。
H001216,C00529,2026-02-02,訪問,外国債券,再訪問予定,E032,外国債券を提案。前向きな反応。
H001217,C00529,2025-02-26,電話,外貨預金,情報提供のみ,E032,外貨預金を提案。前向きな反応。
H001218,C00529,2025-08-18,オンライン面談,外国債券,成約,E032,外国債券を提案。前向きな反応。
H001219,C00529,2025-11-01,電話,NISA,再訪問予定,E032,NISAを提案。前向きな反応。
H001220,C00529,2026-01-18,オンライン面談,相続コンサル,情報提供のみ,E032,相続コンサルを提案。前向きな反応。
H001221,C00530,2025-03-25,来店,外貨預金,見送り,E035,外貨預金を提案。反応は限定的。
H001222,C00530,2024-05-12,メール,外国債券,情報提供のみ,E035,外国債券を提案。前向きな反応。
H001223,C00531,2025-07-16,オンライン面談,投資信託,見送り,E016,投資信託を提案。反応は限定的。
H001224,C00531,2025-01-08,メール,外国債券,情報提供のみ,E016,外国債券を提案。前向きな反応。
H001225,C00531,2025-06-03,メール,NISA,成約,E016,NISAを提案。前向きな反応。
H001226,C00531,2025-07-15,メール,ファンドラップ,検討中,E016,ファンドラップを提案。前向きな反応。
H001227,C00532,2026-01-09,オンライン面談,NISA,情報提供のみ,E075,NISAを提案。前向きな反応。
H001228,C00532,2025-10-23,訪問,投資信託,検討中,E075,投資信託を提案。前向きな反応。
H001229,C00532,2025-08-05,メール,外貨預金,成約,E075,外貨預金を提案。前向きな反応。
H001230,C00532,2025-10-18,訪問,一時払い保険,情報提供のみ,E075,一時払い保険を提案。前向きな反応。
H001231,C00533,2026-05-10,メール,NISA,情報提供のみ,E025,NISAを提案。前向きな反応。
H001232,C00533,2026-03-22,来店,投資信託,検討中,E025,投資信託を提案。前向きな反応。
H001233,C00533,2025-08-30,電話,外国債券,成約,E025,外国債券を提案。前向きな反応。
H001234,C00533,2025-11-12,来店,一時払い保険,検討中,E025,一時払い保険を提案。前向きな反応。
H001235,C00533,2025-04-18,オンライン面談,外国債券,情報提供のみ,E025,外国債券を提案。前向きな反応。
H001236,C00534,2025-02-09,訪問,国内債券,見送り,E009,国内債券を提案。反応は限定的。
H001237,C00535,2025-12-13,電話,一時払い保険,検討中,E027,一時払い保険を提案。前向きな反応。
H001238,C00535,2025-09-07,訪問,外国債券,再訪問予定,E027,外国債券を提案。前向きな反応。
H001239,C00535,2025-07-08,訪問,相続コンサル,検討中,E027,相続コンサルを提案。前向きな反応。
H001240,C00535,2025-02-05,来店,外貨預金,検討中,E027,外貨預金を提案。前向きな反応。
H001241,C00537,2024-09-27,オンライン面談,ファンドラップ,情報提供のみ,E004,ファンドラップを提案。前向きな反応。
H001242,C00537,2023-08-28,電話,NISA,情報提供のみ,E004,NISAを提案。前向きな反応。
H001243,C00537,2024-09-25,メール,ファンドラップ,見送り,E004,ファンドラップを提案。反応は限定的。
H001244,C00538,2025-12-25,メール,投資信託,情報提供のみ,E040,投資信託を提案。前向きな反応。
H001245,C00538,2025-01-07,オンライン面談,NISA,検討中,E040,NISAを提案。前向きな反応。
H001246,C00538,2025-01-04,電話,外国債券,情報提供のみ,E040,外国債券を提案。前向きな反応。
H001247,C00539,2025-08-06,来店,外貨預金,見送り,E035,外貨預金を提案。反応は限定的。
H001248,C00539,2025-04-30,訪問,投資信託,見送り,E035,投資信託を提案。反応は限定的。
H001249,C00539,2025-06-30,オンライン面談,NISA,見送り,E035,NISAを提案。反応は限定的。
H001250,C00540,2026-02-21,オンライン面談,国内債券,再訪問予定,E069,国内債券を提案。前向きな反応。
H001251,C00540,2026-01-04,訪問,相続コンサル,検討中,E069,相続コンサルを提案。前向きな反応。
H001252,C00541,2024-12-17,オンライン面談,ファンドラップ,再訪問予定,E037,ファンドラップを提案。前向きな反応。
H001253,C00541,2024-08-12,オンライン面談,国内債券,情報提供のみ,E037,国内債券を提案。前向きな反応。
H001254,C00541,2024-11-23,メール,相続コンサル,成約,E037,相続コンサルを提案。前向きな反応。
H001255,C00542,2026-08-12,オンライン面談,一時払い保険,情報提供のみ,E035,一時払い保険を提案。前向きな反応。
H001256,C00542,2026-08-06,訪問,NISA,情報提供のみ,E035,NISAを提案。前向きな反応。
H001257,C00544,2026-08-08,電話,外国債券,成約,E017,外国債券を提案。前向きな反応。
H001258,C00544,2025-11-05,来店,一時払い保険,見送り,E017,一時払い保険を提案。反応は限定的。
H001259,C00545,2025-07-20,電話,投資信託,成約,E056,投資信託を提案。前向きな反応。
H001260,C00545,2025-01-11,オンライン面談,ファンドラップ,再訪問予定,E056,ファンドラップを提案。前向きな反応。
H001261,C00545,2025-02-28,来店,相続コンサル,見送り,E056,相続コンサルを提案。反応は限定的。
H001262,C00547,2025-08-19,電話,NISA,検討中,E023,NISAを提案。前向きな反応。
H001263,C00547,2025-02-05,訪問,ファンドラップ,再訪問予定,E023,ファンドラップを提案。前向きな反応。
H001264,C00548,2026-05-05,電話,NISA,再訪問予定,E036,NISAを提案。前向きな反応。
H001265,C00549,2026-05-07,来店,一時払い保険,見送り,E046,一時払い保険を提案。反応は限定的。
H001266,C00550,2026-03-17,訪問,投資信託,見送り,E032,投資信託を提案。反応は限定的。
H001267,C00550,2025-07-01,来店,ファンドラップ,検討中,E032,ファンドラップを提案。前向きな反応。
H001268,C00550,2025-07-02,オンライン面談,相続コンサル,情報提供のみ,E032,相続コンサルを提案。前向きな反応。
H001269,C00552,2026-07-27,来店,国内債券,見送り,E005,国内債券を提案。反応は限定的。
H001270,C00553,2025-08-28,訪問,一時払い保険,成約,E078,一時払い保険を提案。前向きな反応。
H001271,C00553,2025-05-18,電話,ファンドラップ,検討中,E078,ファンドラップを提案。前向きな反応。
H001272,C00553,2025-07-10,訪問,外貨預金,見送り,E078,外貨預金を提案。反応は限定的。
H001273,C00553,2024-11-14,来店,NISA,成約,E078,NISAを提案。前向きな反応。
H001274,C00553,2025-02-05,電話,外国債券,見送り,E078,外国債券を提案。反応は限定的。
H001275,C00555,2025-07-08,来店,外貨預金,情報提供のみ,E010,外貨預金を提案。前向きな反応。
H001276,C00555,2024-07-23,電話,外国債券,成約,E010,外国債券を提案。前向きな反応。
H001277,C00555,2025-03-15,オンライン面談,相続コンサル,再訪問予定,E010,相続コンサルを提案。前向きな反応。
H001278,C00556,2025-05-31,訪問,NISA,再訪問予定,E040,NISAを提案。前向きな反応。
H001279,C00556,2024-12-31,メール,投資信託,情報提供のみ,E040,投資信託を提案。前向きな反応。
H001280,C00557,2025-09-04,電話,一時払い保険,成約,E025,一時払い保険を提案。前向きな反応。
H001281,C00557,2024-08-16,来店,外貨預金,検討中,E025,外貨預金を提案。前向きな反応。
H001282,C00557,2025-07-29,オンライン面談,NISA,再訪問予定,E025,NISAを提案。前向きな反応。
H001283,C00557,2024-11-13,訪問,ファンドラップ,情報提供のみ,E025,ファンドラップを提案。前向きな反応。
H001284,C00557,2024-12-30,メール,ファンドラップ,成約,E025,ファンドラップを提案。前向きな反応。
H001285,C00558,2026-05-17,電話,NISA,再訪問予定,E033,NISAを提案。前向きな反応。
H001286,C00558,2025-07-26,メール,投資信託,検討中,E033,投資信託を提案。前向きな反応。
H001287,C00558,2026-05-11,電話,ファンドラップ,成約,E033,ファンドラップを提案。前向きな反応。
H001288,C00559,2026-03-16,来店,外国債券,検討中,E005,外国債券を提案。前向きな反応。
H001289,C00559,2025-06-05,メール,投資信託,成約,E005,投資信託を提案。前向きな反応。
H001290,C00559,2025-08-30,オンライン面談,ファンドラップ,成約,E005,ファンドラップを提案。前向きな反応。
H001291,C00559,2026-02-18,メール,一時払い保険,成約,E005,一時払い保険を提案。前向きな反応。
H001292,C00560,2026-04-17,メール,投資信託,検討中,E058,投資信託を提案。前向きな反応。
H001293,C00560,2026-02-10,オンライン面談,国内債券,見送り,E058,国内債券を提案。反応は限定的。
H001294,C00560,2025-09-10,訪問,投資信託,見送り,E058,投資信託を提案。反応は限定的。
H001295,C00561,2026-06-17,来店,一時払い保険,見送り,E058,一時払い保険を提案。反応は限定的。
H001296,C00561,2025-08-18,来店,外国債券,成約,E058,外国債券を提案。前向きな反応。
H001297,C00561,2025-06-03,電話,投資信託,成約,E058,投資信託を提案。前向きな反応。
H001298,C00561,2026-04-09,来店,外貨預金,検討中,E058,外貨預金を提案。前向きな反応。
H001299,C00562,2025-10-20,メール,NISA,見送り,E037,NISAを提案。反応は限定的。
H001300,C00562,2024-10-29,オンライン面談,NISA,検討中,E037,NISAを提案。前向きな反応。
H001301,C00562,2025-08-24,オンライン面談,外国債券,情報提供のみ,E037,外国債券を提案。前向きな反応。
H001302,C00564,2025-08-16,オンライン面談,ファンドラップ,成約,E069,ファンドラップを提案。前向きな反応。
H001303,C00564,2024-12-22,訪問,相続コンサル,情報提供のみ,E069,相続コンサルを提案。前向きな反応。
H001304,C00564,2024-09-12,訪問,外貨預金,再訪問予定,E069,外貨預金を提案。前向きな反応。
H001305,C00564,2024-09-28,オンライン面談,外国債券,成約,E069,外国債券を提案。前向きな反応。
H001306,C00565,2025-07-31,オンライン面談,外貨預金,再訪問予定,E050,外貨預金を提案。前向きな反応。
H001307,C00565,2025-02-13,電話,国内債券,成約,E050,国内債券を提案。前向きな反応。
H001308,C00567,2026-06-17,オンライン面談,ファンドラップ,検討中,E009,ファンドラップを提案。前向きな反応。
H001309,C00567,2025-12-20,オンライン面談,一時払い保険,検討中,E009,一時払い保険を提案。前向きな反応。
H001310,C00567,2026-01-24,訪問,ファンドラップ,情報提供のみ,E009,ファンドラップを提案。前向きな反応。
H001311,C00567,2026-03-29,電話,NISA,成約,E009,NISAを提案。前向きな反応。
H001312,C00568,2025-03-21,メール,投資信託,見送り,E001,投資信託を提案。反応は限定的。
H001313,C00568,2024-08-25,メール,投資信託,検討中,E001,投資信託を提案。前向きな反応。
H001314,C00569,2025-12-09,メール,外国債券,見送り,E055,外国債券を提案。反応は限定的。
H001315,C00569,2025-05-07,来店,相続コンサル,成約,E055,相続コンサルを提案。前向きな反応。
H001316,C00570,2024-11-14,電話,ファンドラップ,情報提供のみ,E010,ファンドラップを提案。前向きな反応。
H001317,C00570,2024-04-21,来店,外国債券,検討中,E010,外国債券を提案。前向きな反応。
H001318,C00571,2025-07-27,オンライン面談,NISA,成約,E013,NISAを提案。前向きな反応。
H001319,C00572,2024-09-29,電話,投資信託,成約,E066,投資信託を提案。前向きな反応。
H001320,C00572,2024-06-04,来店,ファンドラップ,見送り,E066,ファンドラップを提案。反応は限定的。
H001321,C00574,2026-07-21,訪問,相続コンサル,見送り,E040,相続コンサルを提案。反応は限定的。
H001322,C00574,2026-01-11,電話,外国債券,検討中,E040,外国債券を提案。前向きな反応。
H001323,C00574,2026-06-13,電話,一時払い保険,見送り,E040,一時払い保険を提案。反応は限定的。
H001324,C00575,2025-06-18,オンライン面談,外貨預金,成約,E068,外貨預金を提案。前向きな反応。
H001325,C00575,2024-12-08,訪問,NISA,検討中,E068,NISAを提案。前向きな反応。
H001326,C00576,2026-03-07,メール,投資信託,検討中,E045,投資信託を提案。前向きな反応。
H001327,C00576,2025-07-15,来店,国内債券,再訪問予定,E045,国内債券を提案。前向きな反応。
H001328,C00576,2025-06-12,オンライン面談,ファンドラップ,検討中,E045,ファンドラップを提案。前向きな反応。
H001329,C00576,2025-02-20,訪問,ファンドラップ,見送り,E045,ファンドラップを提案。反応は限定的。
H001330,C00576,2025-07-31,訪問,ファンドラップ,情報提供のみ,E045,ファンドラップを提案。前向きな反応。
H001331,C00577,2026-04-19,電話,NISA,再訪問予定,E031,NISAを提案。前向きな反応。
H001332,C00577,2025-08-09,訪問,相続コンサル,検討中,E031,相続コンサルを提案。前向きな反応。
H001333,C00577,2026-04-16,訪問,相続コンサル,成約,E031,相続コンサルを提案。前向きな反応。
H001334,C00577,2026-01-14,電話,相続コンサル,情報提供のみ,E031,相続コンサルを提案。前向きな反応。
H001335,C00578,2026-07-03,オンライン面談,外貨預金,成約,E010,外貨預金を提案。前向きな反応。
H001336,C00578,2026-06-30,来店,外国債券,成約,E010,外国債券を提案。前向きな反応。
H001337,C00578,2025-08-29,訪問,ファンドラップ,検討中,E010,ファンドラップを提案。前向きな反応。
H001338,C00578,2026-03-14,電話,外国債券,再訪問予定,E010,外国債券を提案。前向きな反応。
H001339,C00578,2025-08-28,メール,一時払い保険,再訪問予定,E010,一時払い保険を提案。前向きな反応。
H001340,C00579,2026-05-02,オンライン面談,ファンドラップ,検討中,E080,ファンドラップを提案。前向きな反応。
H001341,C00581,2026-06-10,訪問,一時払い保険,再訪問予定,E077,一時払い保険を提案。前向きな反応。
H001342,C00581,2025-11-20,メール,ファンドラップ,見送り,E077,ファンドラップを提案。反応は限定的。
H001343,C00581,2025-08-11,電話,外貨預金,成約,E077,外貨預金を提案。前向きな反応。
H001344,C00581,2025-10-11,電話,外国債券,成約,E077,外国債券を提案。前向きな反応。
H001345,C00582,2026-02-25,電話,投資信託,成約,E061,投資信託を提案。前向きな反応。
H001346,C00582,2025-03-11,電話,投資信託,見送り,E061,投資信託を提案。反応は限定的。
H001347,C00582,2025-10-20,来店,国内債券,検討中,E061,国内債券を提案。前向きな反応。
H001348,C00582,2025-11-21,電話,外国債券,見送り,E061,外国債券を提案。反応は限定的。
H001349,C00583,2026-06-08,電話,外貨預金,検討中,E073,外貨預金を提案。前向きな反応。
H001350,C00583,2026-05-03,オンライン面談,外国債券,情報提供のみ,E073,外国債券を提案。前向きな反応。
H001351,C00585,2025-08-14,訪問,国内債券,見送り,E002,国内債券を提案。反応は限定的。
H001352,C00585,2025-03-30,訪問,外国債券,情報提供のみ,E002,外国債券を提案。前向きな反応。
H001353,C00587,2026-01-06,オンライン面談,国内債券,成約,E006,国内債券を提案。前向きな反応。
H001354,C00587,2025-09-15,来店,投資信託,成約,E006,投資信託を提案。前向きな反応。
H001355,C00588,2024-12-23,訪問,一時払い保険,検討中,E004,一時払い保険を提案。前向きな反応。
H001356,C00588,2024-10-05,電話,ファンドラップ,情報提供のみ,E004,ファンドラップを提案。前向きな反応。
H001357,C00589,2024-12-28,電話,外国債券,見送り,E010,外国債券を提案。反応は限定的。
H001358,C00589,2024-05-03,メール,一時払い保険,検討中,E010,一時払い保険を提案。前向きな反応。
H001359,C00589,2024-11-20,メール,投資信託,情報提供のみ,E010,投資信託を提案。前向きな反応。
H001360,C00590,2026-03-18,メール,投資信託,情報提供のみ,E019,投資信託を提案。前向きな反応。
H001361,C00590,2025-08-04,来店,一時払い保険,見送り,E019,一時払い保険を提案。反応は限定的。
H001362,C00590,2026-02-20,電話,ファンドラップ,再訪問予定,E019,ファンドラップを提案。前向きな反応。
H001363,C00591,2025-10-07,訪問,外国債券,見送り,E023,外国債券を提案。反応は限定的。
H001364,C00591,2025-05-05,電話,外貨預金,成約,E023,外貨預金を提案。前向きな反応。
H001365,C00593,2024-12-21,訪問,投資信託,検討中,E004,投資信託を提案。前向きな反応。
H001366,C00593,2024-04-12,訪問,投資信託,再訪問予定,E004,投資信託を提案。前向きな反応。
H001367,C00594,2025-06-02,訪問,外国債券,見送り,E036,外国債券を提案。反応は限定的。
H001368,C00594,2024-10-30,電話,NISA,見送り,E036,NISAを提案。反応は限定的。
H001369,C00596,2026-08-10,来店,一時払い保険,再訪問予定,E008,一時払い保険を提案。前向きな反応。
H001370,C00597,2025-11-30,訪問,ファンドラップ,情報提供のみ,E047,ファンドラップを提案。前向きな反応。
H001371,C00598,2026-01-19,来店,外貨預金,見送り,E073,外貨預金を提案。反応は限定的。
H001372,C00598,2025-09-05,訪問,相続コンサル,見送り,E073,相続コンサルを提案。反応は限定的。
H001373,C00599,2026-06-25,オンライン面談,一時払い保険,情報提供のみ,E067,一時払い保険を提案。前向きな反応。
H001374,C00600,2025-07-19,オンライン面談,相続コンサル,再訪問予定,E071,相続コンサルを提案。前向きな反応。
H001375,C00600,2024-10-15,訪問,国内債券,検討中,E071,国内債券を提案。前向きな反応。
H001376,C00600,2024-07-23,オンライン面談,ファンドラップ,成約,E071,ファンドラップを提案。前向きな反応。
H001377,C00600,2024-07-06,オンライン面談,NISA,再訪問予定,E071,NISAを提案。前向きな反応。
H001378,C00600,2025-07-12,訪問,一時払い保険,成約,E071,一時払い保険を提案。前向きな反応。
H001379,C00601,2025-07-17,メール,外貨預金,成約,E001,外貨預金を提案。前向きな反応。
H001380,C00601,2025-05-11,電話,外貨預金,情報提供のみ,E001,外貨預金を提案。前向きな反応。
H001381,C00601,2025-05-27,電話,国内債券,成約,E001,国内債券を提案。前向きな反応。
H001382,C00602,2025-10-22,オンライン面談,国内債券,見送り,E073,国内債券を提案。反応は限定的。
H001383,C00602,2025-08-30,訪問,外貨預金,見送り,E073,外貨預金を提案。反応は限定的。
H001384,C00602,2025-05-02,電話,外貨預金,成約,E073,外貨預金を提案。前向きな反応。
H001385,C00602,2024-10-29,来店,外国債券,再訪問予定,E073,外国債券を提案。前向きな反応。
H001386,C00603,2025-01-16,電話,外国債券,情報提供のみ,E013,外国債券を提案。前向きな反応。
H001387,C00603,2024-03-20,オンライン面談,外貨預金,情報提供のみ,E013,外貨預金を提案。前向きな反応。
H001388,C00604,2026-05-21,電話,NISA,検討中,E019,NISAを提案。前向きな反応。
H001389,C00604,2025-09-27,オンライン面談,相続コンサル,成約,E019,相続コンサルを提案。前向きな反応。
H001390,C00605,2025-07-17,オンライン面談,外国債券,情報提供のみ,E034,外国債券を提案。前向きな反応。
H001391,C00605,2025-05-13,電話,相続コンサル,見送り,E034,相続コンサルを提案。反応は限定的。
H001392,C00605,2024-10-11,メール,投資信託,検討中,E034,投資信託を提案。前向きな反応。
H001393,C00605,2024-10-11,訪問,国内債券,検討中,E034,国内債券を提案。前向きな反応。
H001394,C00607,2026-07-09,電話,外貨預金,見送り,E011,外貨預金を提案。反応は限定的。
H001395,C00607,2026-01-01,メール,外貨預金,検討中,E011,外貨預金を提案。前向きな反応。
H001396,C00607,2025-09-18,オンライン面談,外貨預金,検討中,E011,外貨預金を提案。前向きな反応。
H001397,C00607,2025-06-19,訪問,ファンドラップ,再訪問予定,E011,ファンドラップを提案。前向きな反応。
H001398,C00607,2025-08-24,訪問,ファンドラップ,成約,E011,ファンドラップを提案。前向きな反応。
H001399,C00608,2025-11-13,電話,投資信託,情報提供のみ,E010,投資信託を提案。前向きな反応。
H001400,C00608,2025-03-31,電話,一時払い保険,検討中,E010,一時払い保険を提案。前向きな反応。
H001401,C00608,2025-09-13,来店,投資信託,見送り,E010,投資信託を提案。反応は限定的。
H001402,C00608,2025-09-02,メール,国内債券,検討中,E010,国内債券を提案。前向きな反応。
H001403,C00608,2025-09-07,来店,国内債券,検討中,E010,国内債券を提案。前向きな反応。
H001404,C00609,2026-03-07,メール,ファンドラップ,情報提供のみ,E047,ファンドラップを提案。前向きな反応。
H001405,C00609,2025-09-19,メール,ファンドラップ,検討中,E047,ファンドラップを提案。前向きな反応。
H001406,C00610,2025-12-08,訪問,国内債券,情報提供のみ,E058,国内債券を提案。前向きな反応。
H001407,C00610,2025-09-11,訪問,相続コンサル,検討中,E058,相続コンサルを提案。前向きな反応。
H001408,C00613,2026-01-01,訪問,ファンドラップ,再訪問予定,E054,ファンドラップを提案。前向きな反応。
H001409,C00613,2025-10-26,訪問,投資信託,検討中,E054,投資信託を提案。前向きな反応。
H001410,C00613,2025-06-03,メール,NISA,検討中,E054,NISAを提案。前向きな反応。
H001411,C00613,2025-11-08,電話,外国債券,情報提供のみ,E054,外国債券を提案。前向きな反応。
H001412,C00614,2026-04-06,来店,相続コンサル,情報提供のみ,E066,相続コンサルを提案。前向きな反応。
H001413,C00614,2026-04-04,電話,一時払い保険,成約,E066,一時払い保険を提案。前向きな反応。
H001414,C00615,2025-11-17,メール,投資信託,見送り,E039,投資信託を提案。反応は限定的。
H001415,C00615,2025-07-21,訪問,相続コンサル,情報提供のみ,E039,相続コンサルを提案。前向きな反応。
H001416,C00615,2024-11-09,来店,相続コンサル,成約,E039,相続コンサルを提案。前向きな反応。
H001417,C00616,2026-01-20,電話,投資信託,情報提供のみ,E057,投資信託を提案。前向きな反応。
H001418,C00617,2024-12-12,訪問,外国債券,情報提供のみ,E014,外国債券を提案。前向きな反応。
H001419,C00617,2024-03-25,メール,投資信託,検討中,E014,投資信託を提案。前向きな反応。
H001420,C00618,2026-02-28,来店,一時払い保険,成約,E042,一時払い保険を提案。前向きな反応。
H001421,C00618,2025-04-23,訪問,国内債券,成約,E042,国内債券を提案。前向きな反応。
H001422,C00618,2025-03-23,オンライン面談,投資信託,見送り,E042,投資信託を提案。反応は限定的。
H001423,C00618,2025-07-22,来店,相続コンサル,見送り,E042,相続コンサルを提案。反応は限定的。
H001424,C00618,2025-05-10,メール,外国債券,情報提供のみ,E042,外国債券を提案。前向きな反応。
H001425,C00619,2026-05-31,オンライン面談,外貨預金,成約,E024,外貨預金を提案。前向きな反応。
H001426,C00619,2025-11-27,メール,外貨預金,見送り,E024,外貨預金を提案。反応は限定的。
H001427,C00620,2026-03-08,来店,相続コンサル,成約,E021,相続コンサルを提案。前向きな反応。
H001428,C00620,2025-02-16,メール,相続コンサル,検討中,E021,相続コンサルを提案。前向きな反応。
H001429,C00621,2026-08-10,オンライン面談,NISA,検討中,E058,NISAを提案。前向きな反応。
H001430,C00621,2025-09-17,電話,外貨預金,再訪問予定,E058,外貨預金を提案。前向きな反応。
H001431,C00621,2026-02-19,オンライン面談,投資信託,成約,E058,投資信託を提案。前向きな反応。
H001432,C00621,2026-01-01,来店,外国債券,再訪問予定,E058,外国債券を提案。前向きな反応。
H001433,C00622,2026-04-01,電話,投資信託,再訪問予定,E009,投資信託を提案。前向きな反応。
H001434,C00622,2026-02-14,訪問,外国債券,検討中,E009,外国債券を提案。前向きな反応。
H001435,C00623,2025-03-24,来店,相続コンサル,検討中,E036,相続コンサルを提案。前向きな反応。
H001436,C00623,2024-10-16,電話,投資信託,検討中,E036,投資信託を提案。前向きな反応。
H001437,C00624,2025-08-02,メール,相続コンサル,検討中,E074,相続コンサルを提案。前向きな反応。
H001438,C00624,2024-11-03,メール,相続コンサル,検討中,E074,相続コンサルを提案。前向きな反応。
H001439,C00624,2025-01-27,来店,外貨預金,成約,E074,外貨預金を提案。前向きな反応。
H001440,C00624,2024-12-28,訪問,外国債券,成約,E074,外国債券を提案。前向きな反応。
H001441,C00625,2025-11-23,電話,NISA,再訪問予定,E047,NISAを提案。前向きな反応。
H001442,C00625,2025-03-02,メール,外貨預金,成約,E047,外貨預金を提案。前向きな反応。
H001443,C00625,2025-04-22,電話,一時払い保険,見送り,E047,一時払い保険を提案。反応は限定的。
H001444,C00625,2025-08-03,電話,ファンドラップ,成約,E047,ファンドラップを提案。前向きな反応。
H001445,C00626,2026-02-14,オンライン面談,ファンドラップ,再訪問予定,E073,ファンドラップを提案。前向きな反応。
H001446,C00626,2025-01-23,訪問,外国債券,検討中,E073,外国債券を提案。前向きな反応。
H001447,C00626,2025-06-13,訪問,一時払い保険,成約,E073,一時払い保険を提案。前向きな反応。
H001448,C00626,2025-07-02,電話,投資信託,検討中,E073,投資信託を提案。前向きな反応。
H001449,C00626,2025-11-13,オンライン面談,一時払い保険,見送り,E073,一時払い保険を提案。反応は限定的。
H001450,C00627,2025-09-03,来店,NISA,成約,E019,NISAを提案。前向きな反応。
H001451,C00627,2024-12-06,来店,相続コンサル,見送り,E019,相続コンサルを提案。反応は限定的。
H001452,C00627,2025-06-19,訪問,外国債券,情報提供のみ,E019,外国債券を提案。前向きな反応。
H001453,C00627,2025-03-02,訪問,外貨預金,検討中,E019,外貨預金を提案。前向きな反応。
H001454,C00627,2024-11-27,オンライン面談,投資信託,情報提供のみ,E019,投資信託を提案。前向きな反応。
H001455,C00628,2026-04-19,電話,相続コンサル,再訪問予定,E017,相続コンサルを提案。前向きな反応。
H001456,C00629,2025-09-17,メール,国内債券,検討中,E006,国内債券を提案。前向きな反応。
H001457,C00630,2024-10-03,オンライン面談,投資信託,情報提供のみ,E005,投資信託を提案。前向きな反応。
H001458,C00630,2024-07-08,電話,相続コンサル,再訪問予定,E005,相続コンサルを提案。前向きな反応。
H001459,C00630,2023-12-15,来店,投資信託,再訪問予定,E005,投資信託を提案。前向きな反応。
H001460,C00631,2026-03-09,訪問,相続コンサル,成約,E019,相続コンサルを提案。前向きな反応。
H001461,C00631,2025-05-31,訪問,相続コンサル,情報提供のみ,E019,相続コンサルを提案。前向きな反応。
H001462,C00631,2025-05-16,訪問,外貨預金,成約,E019,外貨預金を提案。前向きな反応。
H001463,C00632,2026-01-14,メール,NISA,検討中,E047,NISAを提案。前向きな反応。
H001464,C00632,2025-03-17,オンライン面談,国内債券,情報提供のみ,E047,国内債券を提案。前向きな反応。
H001465,C00632,2025-04-11,オンライン面談,投資信託,情報提供のみ,E047,投資信託を提案。前向きな反応。
H001466,C00633,2026-05-02,メール,国内債券,検討中,E047,国内債券を提案。前向きな反応。
H001467,C00633,2026-03-30,訪問,相続コンサル,見送り,E047,相続コンサルを提案。反応は限定的。
H001468,C00633,2025-07-21,オンライン面談,外貨預金,検討中,E047,外貨預金を提案。前向きな反応。
H001469,C00633,2025-06-25,メール,外国債券,検討中,E047,外国債券を提案。前向きな反応。
H001470,C00633,2025-07-25,電話,外貨預金,見送り,E047,外貨預金を提案。反応は限定的。
H001471,C00634,2026-01-19,電話,投資信託,情報提供のみ,E008,投資信託を提案。前向きな反応。
H001472,C00634,2026-01-11,メール,ファンドラップ,成約,E008,ファンドラップを提案。前向きな反応。
H001473,C00634,2025-09-20,オンライン面談,ファンドラップ,再訪問予定,E008,ファンドラップを提案。前向きな反応。
H001474,C00635,2026-06-20,オンライン面談,投資信託,見送り,E010,投資信託を提案。反応は限定的。
H001475,C00636,2025-01-18,来店,国内債券,検討中,E010,国内債券を提案。前向きな反応。
H001476,C00636,2024-04-03,オンライン面談,ファンドラップ,情報提供のみ,E010,ファンドラップを提案。前向きな反応。
H001477,C00638,2026-08-04,メール,投資信託,情報提供のみ,E035,投資信託を提案。前向きな反応。
H001478,C00639,2025-08-16,オンライン面談,投資信託,情報提供のみ,E046,投資信託を提案。前向きな反応。
H001479,C00639,2025-07-23,メール,外国債券,成約,E046,外国債券を提案。前向きな反応。
H001480,C00639,2024-07-13,電話,外国債券,検討中,E046,外国債券を提案。前向きな反応。
H001481,C00640,2026-04-21,電話,外貨預金,情報提供のみ,E071,外貨預金を提案。前向きな反応。
H001482,C00640,2025-08-03,メール,外貨預金,見送り,E071,外貨預金を提案。反応は限定的。
H001483,C00640,2025-09-01,来店,一時払い保険,再訪問予定,E071,一時払い保険を提案。前向きな反応。
H001484,C00640,2026-03-30,メール,相続コンサル,検討中,E071,相続コンサルを提案。前向きな反応。
H001485,C00641,2025-03-22,メール,一時払い保険,情報提供のみ,E005,一時払い保険を提案。前向きな反応。
H001486,C00641,2024-12-15,訪問,NISA,再訪問予定,E005,NISAを提案。前向きな反応。
H001487,C00641,2025-03-16,メール,相続コンサル,検討中,E005,相続コンサルを提案。前向きな反応。
H001488,C00643,2025-09-15,電話,国内債券,検討中,E047,国内債券を提案。前向きな反応。
H001489,C00644,2025-09-28,来店,NISA,検討中,E041,NISAを提案。前向きな反応。
H001490,C00644,2025-09-12,訪問,外国債券,見送り,E041,外国債券を提案。反応は限定的。
H001491,C00645,2025-12-16,オンライン面談,一時払い保険,見送り,E009,一時払い保険を提案。反応は限定的。
H001492,C00645,2024-12-18,訪問,外貨預金,成約,E009,外貨預金を提案。前向きな反応。
H001493,C00645,2025-06-11,オンライン面談,一時払い保険,成約,E009,一時払い保険を提案。前向きな反応。
H001494,C00645,2025-11-07,訪問,国内債券,検討中,E009,国内債券を提案。前向きな反応。
H001495,C00646,2026-07-22,来店,外国債券,情報提供のみ,E062,外国債券を提案。前向きな反応。
H001496,C00646,2025-08-25,訪問,投資信託,成約,E062,投資信託を提案。前向きな反応。
H001497,C00646,2025-10-21,メール,国内債券,検討中,E062,国内債券を提案。前向きな反応。
H001498,C00647,2025-07-16,オンライン面談,国内債券,再訪問予定,E051,国内債券を提案。前向きな反応。
H001499,C00647,2024-09-21,メール,相続コンサル,見送り,E051,相続コンサルを提案。反応は限定的。
H001500,C00647,2024-10-14,来店,外国債券,成約,E051,外国債券を提案。前向きな反応。
H001501,C00648,2025-07-15,訪問,NISA,検討中,E069,NISAを提案。前向きな反応。
H001502,C00648,2025-02-16,訪問,ファンドラップ,情報提供のみ,E069,ファンドラップを提案。前向きな反応。
H001503,C00649,2026-03-20,来店,一時払い保険,再訪問予定,E075,一時払い保険を提案。前向きな反応。
H001504,C00649,2025-08-16,メール,外貨預金,再訪問予定,E075,外貨預金を提案。前向きな反応。
H001505,C00649,2026-02-15,メール,一時払い保険,情報提供のみ,E075,一時払い保険を提案。前向きな反応。
H001506,C00649,2025-05-11,訪問,相続コンサル,成約,E075,相続コンサルを提案。前向きな反応。
H001507,C00650,2025-12-01,電話,国内債券,検討中,E052,国内債券を提案。前向きな反応。
H001508,C00650,2025-03-21,訪問,相続コンサル,再訪問予定,E052,相続コンサルを提案。前向きな反応。
H001509,C00650,2025-09-10,オンライン面談,外国債券,見送り,E052,外国債券を提案。反応は限定的。
H001510,C00651,2026-06-25,オンライン面談,ファンドラップ,情報提供のみ,E048,ファンドラップを提案。前向きな反応。
H001511,C00652,2026-05-03,来店,外国債券,見送り,E014,外国債券を提案。反応は限定的。
H001512,C00652,2026-03-19,訪問,NISA,情報提供のみ,E014,NISAを提案。前向きな反応。
H001513,C00652,2025-05-30,訪問,外国債券,情報提供のみ,E014,外国債券を提案。前向きな反応。
H001514,C00652,2026-01-07,電話,外国債券,検討中,E014,外国債券を提案。前向きな反応。
H001515,C00652,2025-10-23,訪問,国内債券,見送り,E014,国内債券を提案。反応は限定的。
H001516,C00653,2025-08-04,訪問,一時払い保険,見送り,E060,一時払い保険を提案。反応は限定的。
H001517,C00653,2025-01-17,来店,相続コンサル,情報提供のみ,E060,相続コンサルを提案。前向きな反応。
H001518,C00653,2025-03-04,訪問,ファンドラップ,情報提供のみ,E060,ファンドラップを提案。前向きな反応。
H001519,C00653,2024-08-06,訪問,ファンドラップ,成約,E060,ファンドラップを提案。前向きな反応。
H001520,C00653,2025-06-03,訪問,NISA,見送り,E060,NISAを提案。反応は限定的。
H001521,C00654,2026-07-06,メール,外貨預金,再訪問予定,E034,外貨預金を提案。前向きな反応。
H001522,C00654,2025-08-28,来店,ファンドラップ,成約,E034,ファンドラップを提案。前向きな反応。
H001523,C00654,2026-07-05,訪問,投資信託,情報提供のみ,E034,投資信託を提案。前向きな反応。
H001524,C00654,2026-04-13,来店,国内債券,検討中,E034,国内債券を提案。前向きな反応。
H001525,C00654,2025-09-27,来店,外貨預金,情報提供のみ,E034,外貨預金を提案。前向きな反応。
H001526,C00656,2026-03-30,メール,ファンドラップ,再訪問予定,E036,ファンドラップを提案。前向きな反応。
H001527,C00656,2026-03-01,オンライン面談,外貨預金,再訪問予定,E036,外貨預金を提案。前向きな反応。
H001528,C00657,2025-08-27,メール,相続コンサル,検討中,E038,相続コンサルを提案。前向きな反応。
H001529,C00658,2025-11-26,オンライン面談,外国債券,見送り,E042,外国債券を提案。反応は限定的。
H001530,C00658,2025-07-02,電話,一時払い保険,情報提供のみ,E042,一時払い保険を提案。前向きな反応。
H001531,C00658,2025-11-12,電話,ファンドラップ,情報提供のみ,E042,ファンドラップを提案。前向きな反応。
H001532,C00659,2026-02-20,来店,ファンドラップ,再訪問予定,E049,ファンドラップを提案。前向きな反応。
H001533,C00659,2025-11-17,来店,一時払い保険,検討中,E049,一時払い保険を提案。前向きな反応。
H001534,C00659,2025-07-04,メール,国内債券,見送り,E049,国内債券を提案。反応は限定的。
H001535,C00659,2025-08-11,メール,ファンドラップ,検討中,E049,ファンドラップを提案。前向きな反応。
H001536,C00659,2026-01-12,来店,外国債券,情報提供のみ,E049,外国債券を提案。前向きな反応。
H001537,C00660,2026-01-28,電話,外貨預金,成約,E079,外貨預金を提案。前向きな反応。
H001538,C00660,2026-01-12,電話,外国債券,成約,E079,外国債券を提案。前向きな反応。
H001539,C00660,2025-02-05,電話,外貨預金,見送り,E079,外貨預金を提案。反応は限定的。
H001540,C00660,2025-04-25,来店,国内債券,情報提供のみ,E079,国内債券を提案。前向きな反応。
H001541,C00660,2025-10-14,メール,ファンドラップ,見送り,E079,ファンドラップを提案。反応は限定的。
H001542,C00661,2025-05-26,訪問,投資信託,検討中,E009,投資信託を提案。前向きな反応。
H001543,C00661,2024-10-07,オンライン面談,国内債券,見送り,E009,国内債券を提案。反応は限定的。
H001544,C00662,2026-03-15,訪問,ファンドラップ,成約,E059,ファンドラップを提案。前向きな反応。
H001545,C00662,2025-10-16,来店,外国債券,成約,E059,外国債券を提案。前向きな反応。
H001546,C00662,2025-02-11,訪問,国内債券,検討中,E059,国内債券を提案。前向きな反応。
H001547,C00662,2025-08-25,訪問,ファンドラップ,情報提供のみ,E059,ファンドラップを提案。前向きな反応。
H001548,C00662,2026-01-03,メール,投資信託,成約,E059,投資信託を提案。前向きな反応。
H001549,C00663,2025-09-26,メール,外国債券,見送り,E040,外国債券を提案。反応は限定的。
H001550,C00663,2025-08-23,オンライン面談,NISA,再訪問予定,E040,NISAを提案。前向きな反応。
H001551,C00664,2026-02-03,オンライン面談,NISA,検討中,E075,NISAを提案。前向きな反応。
H001552,C00664,2025-01-11,電話,外国債券,検討中,E075,外国債券を提案。前向きな反応。
H001553,C00664,2025-06-24,メール,外貨預金,再訪問予定,E075,外貨預金を提案。前向きな反応。
H001554,C00664,2025-09-04,オンライン面談,投資信託,成約,E075,投資信託を提案。前向きな反応。
H001555,C00664,2025-04-29,訪問,投資信託,情報提供のみ,E075,投資信託を提案。前向きな反応。
H001556,C00665,2026-02-27,訪問,国内債券,再訪問予定,E028,国内債券を提案。前向きな反応。
H001557,C00665,2025-11-13,訪問,外貨預金,情報提供のみ,E028,外貨預金を提案。前向きな反応。
H001558,C00665,2025-10-20,オンライン面談,ファンドラップ,検討中,E028,ファンドラップを提案。前向きな反応。
H001559,C00665,2025-11-27,オンライン面談,一時払い保険,見送り,E028,一時払い保険を提案。反応は限定的。
H001560,C00665,2025-09-27,メール,一時払い保険,情報提供のみ,E028,一時払い保険を提案。前向きな反応。
H001561,C00667,2026-03-29,メール,国内債券,検討中,E007,国内債券を提案。前向きな反応。
H001562,C00667,2025-07-26,訪問,一時払い保険,成約,E007,一時払い保険を提案。前向きな反応。
H001563,C00669,2025-08-26,オンライン面談,相続コンサル,見送り,E032,相続コンサルを提案。反応は限定的。
H001564,C00669,2024-12-31,オンライン面談,NISA,成約,E032,NISAを提案。前向きな反応。
H001565,C00670,2025-08-30,来店,外貨預金,成約,E019,外貨預金を提案。前向きな反応。
H001566,C00671,2026-03-24,電話,相続コンサル,検討中,E049,相続コンサルを提案。前向きな反応。
H001567,C00671,2025-08-14,メール,国内債券,見送り,E049,国内債券を提案。反応は限定的。
H001568,C00673,2026-02-07,オンライン面談,投資信託,成約,E031,投資信託を提案。前向きな反応。
H001569,C00673,2025-02-02,オンライン面談,相続コンサル,情報提供のみ,E031,相続コンサルを提案。前向きな反応。
H001570,C00673,2025-12-26,訪問,一時払い保険,見送り,E031,一時払い保険を提案。反応は限定的。
H001571,C00673,2025-08-25,来店,国内債券,検討中,E031,国内債券を提案。前向きな反応。
H001572,C00674,2025-12-14,オンライン面談,ファンドラップ,成約,E016,ファンドラップを提案。前向きな反応。
H001573,C00674,2025-10-22,来店,相続コンサル,再訪問予定,E016,相続コンサルを提案。前向きな反応。
H001574,C00674,2025-11-05,オンライン面談,相続コンサル,成約,E016,相続コンサルを提案。前向きな反応。
H001575,C00675,2025-09-08,メール,NISA,検討中,E060,NISAを提案。前向きな反応。
H001576,C00675,2025-07-05,訪問,相続コンサル,情報提供のみ,E060,相続コンサルを提案。前向きな反応。
H001577,C00675,2025-02-12,オンライン面談,投資信託,成約,E060,投資信託を提案。前向きな反応。
H001578,C00675,2025-02-01,オンライン面談,一時払い保険,成約,E060,一時払い保険を提案。前向きな反応。
H001579,C00676,2025-12-25,訪問,外貨預金,検討中,E039,外貨預金を提案。前向きな反応。
H001580,C00676,2024-12-10,電話,投資信託,見送り,E039,投資信託を提案。反応は限定的。
H001581,C00676,2025-11-28,電話,一時払い保険,成約,E039,一時払い保険を提案。前向きな反応。
H001582,C00677,2026-01-08,訪問,NISA,情報提供のみ,E010,NISAを提案。前向きな反応。
H001583,C00677,2025-12-30,訪問,外国債券,成約,E010,外国債券を提案。前向きな反応。
H001584,C00677,2024-12-25,来店,国内債券,検討中,E010,国内債券を提案。前向きな反応。
H001585,C00677,2025-10-22,来店,ファンドラップ,検討中,E010,ファンドラップを提案。前向きな反応。
H001586,C00679,2026-07-10,訪問,NISA,再訪問予定,E053,NISAを提案。前向きな反応。
H001587,C00679,2025-09-24,電話,投資信託,成約,E053,投資信託を提案。前向きな反応。
H001588,C00680,2025-06-27,電話,一時払い保険,情報提供のみ,E005,一時払い保険を提案。前向きな反応。
H001589,C00680,2024-10-05,電話,外国債券,検討中,E005,外国債券を提案。前向きな反応。
H001590,C00681,2025-09-10,来店,投資信託,情報提供のみ,E068,投資信託を提案。前向きな反応。
H001591,C00682,2025-10-21,電話,外国債券,見送り,E031,外国債券を提案。反応は限定的。
H001592,C00684,2026-06-07,来店,国内債券,情報提供のみ,E068,国内債券を提案。前向きな反応。
H001593,C00684,2025-05-25,オンライン面談,投資信託,情報提供のみ,E068,投資信託を提案。前向きな反応。
H001594,C00684,2026-04-10,電話,外貨預金,見送り,E068,外貨預金を提案。反応は限定的。
H001595,C00685,2026-04-25,オンライン面談,国内債券,成約,E057,国内債券を提案。前向きな反応。
H001596,C00686,2026-05-20,訪問,外国債券,見送り,E075,外国債券を提案。反応は限定的。
H001597,C00686,2026-03-22,電話,外国債券,成約,E075,外国債券を提案。前向きな反応。
H001598,C00686,2025-07-18,訪問,NISA,再訪問予定,E075,NISAを提案。前向きな反応。
H001599,C00686,2025-10-22,訪問,NISA,成約,E075,NISAを提案。前向きな反応。
H001600,C00686,2025-12-16,電話,ファンドラップ,検討中,E075,ファンドラップを提案。前向きな反応。
H001601,C00687,2025-10-09,メール,ファンドラップ,再訪問予定,E031,ファンドラップを提案。前向きな反応。
H001602,C00687,2025-07-13,訪問,ファンドラップ,検討中,E031,ファンドラップを提案。前向きな反応。
H001603,C00688,2026-05-20,来店,NISA,成約,E054,NISAを提案。前向きな反応。
H001604,C00688,2025-05-01,メール,相続コンサル,見送り,E054,相続コンサルを提案。反応は限定的。
H001605,C00689,2026-03-29,オンライン面談,NISA,成約,E066,NISAを提案。前向きな反応。
H001606,C00690,2024-12-01,電話,NISA,見送り,E003,NISAを提案。反応は限定的。
H001607,C00690,2023-11-01,来店,NISA,再訪問予定,E003,NISAを提案。前向きな反応。
H001608,C00691,2024-09-26,メール,NISA,情報提供のみ,E071,NISAを提案。前向きな反応。
H001609,C00691,2023-12-13,来店,外貨預金,見送り,E071,外貨預金を提案。反応は限定的。
H001610,C00692,2026-05-29,訪問,一時払い保険,情報提供のみ,E028,一時払い保険を提案。前向きな反応。
H001611,C00692,2025-09-10,来店,ファンドラップ,検討中,E028,ファンドラップを提案。前向きな反応。
H001612,C00692,2026-04-06,訪問,相続コンサル,再訪問予定,E028,相続コンサルを提案。前向きな反応。
H001613,C00693,2026-04-27,電話,ファンドラップ,情報提供のみ,E034,ファンドラップを提案。前向きな反応。
H001614,C00693,2025-05-05,訪問,外国債券,検討中,E034,外国債券を提案。前向きな反応。
H001615,C00694,2025-07-15,訪問,ファンドラップ,検討中,E009,ファンドラップを提案。前向きな反応。
H001616,C00694,2025-02-03,電話,NISA,成約,E009,NISAを提案。前向きな反応。
H001617,C00694,2024-09-21,メール,外国債券,再訪問予定,E009,外国債券を提案。前向きな反応。
H001618,C00695,2025-11-08,訪問,一時払い保険,成約,E020,一時払い保険を提案。前向きな反応。
H001619,C00695,2025-07-28,メール,相続コンサル,情報提供のみ,E020,相続コンサルを提案。前向きな反応。
H001620,C00695,2025-08-23,訪問,国内債券,検討中,E020,国内債券を提案。前向きな反応。
H001621,C00695,2025-09-28,電話,相続コンサル,情報提供のみ,E020,相続コンサルを提案。前向きな反応。
H001622,C00696,2026-01-15,電話,一時払い保険,検討中,E039,一時払い保険を提案。前向きな反応。
H001623,C00696,2025-09-29,訪問,ファンドラップ,見送り,E039,ファンドラップを提案。反応は限定的。
H001624,C00696,2025-05-04,メール,一時払い保険,再訪問予定,E039,一時払い保険を提案。前向きな反応。
H001625,C00696,2026-01-02,メール,国内債券,検討中,E039,国内債券を提案。前向きな反応。
H001626,C00696,2025-04-15,電話,外貨預金,見送り,E039,外貨預金を提案。反応は限定的。
H001627,C00697,2025-09-24,電話,国内債券,検討中,E042,国内債券を提案。前向きな反応。
H001628,C00697,2025-03-27,電話,国内債券,成約,E042,国内債券を提案。前向きな反応。
H001629,C00697,2024-08-20,オンライン面談,一時払い保険,再訪問予定,E042,一時払い保険を提案。前向きな反応。
H001630,C00697,2025-08-10,来店,一時払い保険,成約,E042,一時払い保険を提案。前向きな反応。
H001631,C00698,2025-12-18,電話,ファンドラップ,成約,E047,ファンドラップを提案。前向きな反応。
H001632,C00699,2026-05-24,来店,国内債券,検討中,E037,国内債券を提案。前向きな反応。
H001633,C00699,2025-07-14,メール,相続コンサル,情報提供のみ,E037,相続コンサルを提案。前向きな反応。
H001634,C00699,2025-05-25,来店,外国債券,検討中,E037,外国債券を提案。前向きな反応。
H001635,C00699,2026-01-04,オンライン面談,一時払い保険,成約,E037,一時払い保険を提案。前向きな反応。
H001636,C00699,2026-03-23,訪問,ファンドラップ,再訪問予定,E037,ファンドラップを提案。前向きな反応。
H001637,C00700,2025-01-02,訪問,相続コンサル,見送り,E041,相続コンサルを提案。反応は限定的。
H001638,C00700,2024-07-21,訪問,外国債券,再訪問予定,E041,外国債券を提案。前向きな反応。
H001639,C00700,2024-02-13,電話,ファンドラップ,情報提供のみ,E041,ファンドラップを提案。前向きな反応。
H001640,C00701,2026-02-22,メール,一時払い保険,情報提供のみ,E001,一時払い保険を提案。前向きな反応。
H001641,C00701,2025-11-17,オンライン面談,国内債券,検討中,E001,国内債券を提案。前向きな反応。
H001642,C00702,2025-10-22,オンライン面談,外貨預金,成約,E047,外貨預金を提案。前向きな反応。
H001643,C00702,2025-04-03,オンライン面談,外貨預金,見送り,E047,外貨預金を提案。反応は限定的。
H001644,C00702,2024-11-16,来店,国内債券,成約,E047,国内債券を提案。前向きな反応。
H001645,C00702,2025-03-25,メール,外貨預金,見送り,E047,外貨預金を提案。反応は限定的。
H001646,C00702,2025-09-07,オンライン面談,ファンドラップ,検討中,E047,ファンドラップを提案。前向きな反応。
H001647,C00703,2026-08-04,メール,一時払い保険,成約,E046,一時払い保険を提案。前向きな反応。
H001648,C00703,2026-04-14,オンライン面談,国内債券,成約,E046,国内債券を提案。前向きな反応。
H001649,C00703,2026-01-17,来店,外国債券,検討中,E046,外国債券を提案。前向きな反応。
H001650,C00703,2025-07-05,オンライン面談,投資信託,成約,E046,投資信託を提案。前向きな反応。
H001651,C00703,2025-07-03,電話,外貨預金,再訪問予定,E046,外貨預金を提案。前向きな反応。
H001652,C00705,2025-10-23,電話,一時払い保険,見送り,E042,一時払い保険を提案。反応は限定的。
H001653,C00706,2025-10-12,メール,ファンドラップ,情報提供のみ,E037,ファンドラップを提案。前向きな反応。
H001654,C00706,2024-11-10,電話,外貨預金,見送り,E037,外貨預金を提案。反応は限定的。
H001655,C00709,2025-08-29,訪問,国内債券,再訪問予定,E006,国内債券を提案。前向きな反応。
H001656,C00709,2025-07-24,メール,相続コンサル,見送り,E006,相続コンサルを提案。反応は限定的。
H001657,C00709,2025-08-10,来店,外貨預金,情報提供のみ,E006,外貨預金を提案。前向きな反応。
H001658,C00709,2025-07-14,来店,ファンドラップ,成約,E006,ファンドラップを提案。前向きな反応。
H001659,C00710,2025-04-09,オンライン面談,国内債券,情報提供のみ,E037,国内債券を提案。前向きな反応。
H001660,C00710,2025-03-16,訪問,外国債券,情報提供のみ,E037,外国債券を提案。前向きな反応。
H001661,C00712,2025-11-03,メール,ファンドラップ,情報提供のみ,E044,ファンドラップを提案。前向きな反応。
H001662,C00712,2025-04-11,オンライン面談,投資信託,再訪問予定,E044,投資信託を提案。前向きな反応。
H001663,C00712,2025-09-27,オンライン面談,投資信託,成約,E044,投資信託を提案。前向きな反応。
H001664,C00712,2025-08-22,来店,一時払い保険,検討中,E044,一時払い保険を提案。前向きな反応。
H001665,C00713,2026-03-02,訪問,外貨預金,情報提供のみ,E080,外貨預金を提案。前向きな反応。
H001666,C00713,2026-01-31,電話,NISA,成約,E080,NISAを提案。前向きな反応。
H001667,C00713,2025-07-28,来店,相続コンサル,見送り,E080,相続コンサルを提案。反応は限定的。
H001668,C00713,2025-03-24,来店,相続コンサル,情報提供のみ,E080,相続コンサルを提案。前向きな反応。
H001669,C00713,2025-05-04,来店,一時払い保険,情報提供のみ,E080,一時払い保険を提案。前向きな反応。
H001670,C00714,2025-12-31,来店,NISA,情報提供のみ,E035,NISAを提案。前向きな反応。
H001671,C00714,2025-11-11,来店,相続コンサル,検討中,E035,相続コンサルを提案。前向きな反応。
H001672,C00715,2025-08-21,来店,外貨預金,情報提供のみ,E010,外貨預金を提案。前向きな反応。
H001673,C00717,2025-12-23,来店,外国債券,情報提供のみ,E038,外国債券を提案。前向きな反応。
H001674,C00717,2025-04-01,オンライン面談,国内債券,検討中,E038,国内債券を提案。前向きな反応。
H001675,C00719,2025-12-25,訪問,NISA,成約,E017,NISAを提案。前向きな反応。
H001676,C00719,2025-04-21,来店,一時払い保険,情報提供のみ,E017,一時払い保険を提案。前向きな反応。
H001677,C00719,2025-04-26,オンライン面談,NISA,検討中,E017,NISAを提案。前向きな反応。
H001678,C00719,2025-07-28,メール,一時払い保険,見送り,E017,一時払い保険を提案。反応は限定的。
H001679,C00720,2025-11-07,来店,投資信託,情報提供のみ,E009,投資信託を提案。前向きな反応。
H001680,C00721,2025-08-29,オンライン面談,国内債券,見送り,E042,国内債券を提案。反応は限定的。
H001681,C00721,2025-02-16,来店,外貨預金,検討中,E042,外貨預金を提案。前向きな反応。
H001682,C00722,2026-06-01,来店,NISA,検討中,E011,NISAを提案。前向きな反応。
H001683,C00722,2026-05-08,来店,一時払い保険,成約,E011,一時払い保険を提案。前向きな反応。
H001684,C00722,2025-12-12,電話,NISA,成約,E011,NISAを提案。前向きな反応。
H001685,C00722,2025-07-31,メール,外国債券,検討中,E011,外国債券を提案。前向きな反応。
H001686,C00722,2025-11-05,オンライン面談,外貨預金,再訪問予定,E011,外貨預金を提案。前向きな反応。
H001687,C00723,2026-05-24,訪問,外国債券,再訪問予定,E066,外国債券を提案。前向きな反応。
H001688,C00723,2025-09-12,訪問,国内債券,成約,E066,国内債券を提案。前向きな反応。
H001689,C00724,2026-02-12,訪問,相続コンサル,再訪問予定,E009,相続コンサルを提案。前向きな反応。
H001690,C00724,2026-01-10,メール,外貨預金,見送り,E009,外貨預金を提案。反応は限定的。
H001691,C00724,2025-08-13,メール,ファンドラップ,見送り,E009,ファンドラップを提案。反応は限定的。
H001692,C00724,2025-05-29,オンライン面談,一時払い保険,情報提供のみ,E009,一時払い保険を提案。前向きな反応。
H001693,C00724,2026-01-28,訪問,国内債券,見送り,E009,国内債券を提案。反応は限定的。
H001694,C00725,2025-02-06,訪問,ファンドラップ,見送り,E041,ファンドラップを提案。反応は限定的。
H001695,C00725,2024-03-04,メール,一時払い保険,見送り,E041,一時払い保険を提案。反応は限定的。
H001696,C00725,2024-01-05,オンライン面談,外貨預金,情報提供のみ,E041,外貨預金を提案。前向きな反応。
H001697,C00726,2025-12-31,来店,相続コンサル,成約,E015,相続コンサルを提案。前向きな反応。
H001698,C00727,2026-06-10,訪問,ファンドラップ,検討中,E047,ファンドラップを提案。前向きな反応。
H001699,C00727,2026-01-29,メール,投資信託,検討中,E047,投資信託を提案。前向きな反応。
H001700,C00727,2025-07-06,来店,国内債券,検討中,E047,国内債券を提案。前向きな反応。
H001701,C00728,2026-03-30,来店,一時払い保険,成約,E080,一時払い保険を提案。前向きな反応。
H001702,C00728,2025-09-18,オンライン面談,ファンドラップ,情報提供のみ,E080,ファンドラップを提案。前向きな反応。
H001703,C00728,2025-11-17,来店,相続コンサル,再訪問予定,E080,相続コンサルを提案。前向きな反応。
H001704,C00728,2026-02-06,来店,投資信託,情報提供のみ,E080,投資信託を提案。前向きな反応。
H001705,C00728,2025-09-01,メール,投資信託,再訪問予定,E080,投資信託を提案。前向きな反応。
H001706,C00730,2025-11-16,電話,投資信託,検討中,E046,投資信託を提案。前向きな反応。
H001707,C00731,2026-05-11,オンライン面談,国内債券,成約,E009,国内債券を提案。前向きな反応。
H001708,C00732,2026-05-27,電話,一時払い保険,成約,E062,一時払い保険を提案。前向きな反応。
H001709,C00732,2026-03-13,電話,外国債券,見送り,E062,外国債券を提案。反応は限定的。
H001710,C00732,2026-01-02,来店,外貨預金,検討中,E062,外貨預金を提案。前向きな反応。
H001711,C00732,2026-03-09,オンライン面談,一時払い保険,検討中,E062,一時払い保険を提案。前向きな反応。
H001712,C00732,2025-07-21,オンライン面談,外貨預金,成約,E062,外貨預金を提案。前向きな反応。
H001713,C00733,2025-12-14,来店,外貨預金,見送り,E066,外貨預金を提案。反応は限定的。
H001714,C00733,2025-10-16,電話,NISA,情報提供のみ,E066,NISAを提案。前向きな反応。
H001715,C00736,2025-09-10,来店,NISA,成約,E015,NISAを提案。前向きな反応。
H001716,C00736,2024-08-07,メール,外国債券,成約,E015,外国債券を提案。前向きな反応。
H001717,C00737,2025-05-04,オンライン面談,外国債券,情報提供のみ,E041,外国債券を提案。前向きな反応。
H001718,C00737,2025-05-01,メール,外貨預金,検討中,E041,外貨預金を提案。前向きな反応。
H001719,C00737,2024-05-11,訪問,相続コンサル,見送り,E041,相続コンサルを提案。反応は限定的。
H001720,C00739,2025-11-22,電話,投資信託,成約,E011,投資信託を提案。前向きな反応。
H001721,C00739,2025-02-19,来店,国内債券,成約,E011,国内債券を提案。前向きな反応。
H001722,C00739,2025-06-22,来店,外貨預金,情報提供のみ,E011,外貨預金を提案。前向きな反応。
H001723,C00740,2026-03-02,電話,外貨預金,成約,E066,外貨預金を提案。前向きな反応。
H001724,C00740,2025-09-13,電話,国内債券,情報提供のみ,E066,国内債券を提案。前向きな反応。
H001725,C00740,2025-10-19,訪問,相続コンサル,見送り,E066,相続コンサルを提案。反応は限定的。
H001726,C00740,2025-07-13,訪問,外国債券,見送り,E066,外国債券を提案。反応は限定的。
H001727,C00740,2025-12-03,来店,一時払い保険,成約,E066,一時払い保険を提案。前向きな反応。
H001728,C00741,2025-01-08,訪問,相続コンサル,情報提供のみ,E038,相続コンサルを提案。前向きな反応。
H001729,C00742,2025-09-23,来店,一時払い保険,検討中,E057,一時払い保険を提案。前向きな反応。
H001730,C00742,2024-11-28,来店,外国債券,成約,E057,外国債券を提案。前向きな反応。
H001731,C00742,2024-10-20,オンライン面談,相続コンサル,検討中,E057,相続コンサルを提案。前向きな反応。
H001732,C00742,2025-05-24,メール,投資信託,検討中,E057,投資信託を提案。前向きな反応。
H001733,C00743,2025-11-08,訪問,NISA,情報提供のみ,E014,NISAを提案。前向きな反応。
H001734,C00743,2025-05-02,オンライン面談,外貨預金,再訪問予定,E014,外貨預金を提案。前向きな反応。
H001735,C00745,2026-05-14,オンライン面談,投資信託,情報提供のみ,E049,投資信託を提案。前向きな反応。
H001736,C00745,2025-07-10,メール,投資信託,再訪問予定,E049,投資信託を提案。前向きな反応。
H001737,C00746,2024-10-30,電話,ファンドラップ,成約,E017,ファンドラップを提案。前向きな反応。
H001738,C00746,2024-09-26,来店,ファンドラップ,見送り,E017,ファンドラップを提案。反応は限定的。
H001739,C00747,2026-04-16,電話,相続コンサル,再訪問予定,E069,相続コンサルを提案。前向きな反応。
H001740,C00747,2025-10-08,メール,投資信託,成約,E069,投資信託を提案。前向きな反応。
H001741,C00747,2025-11-05,電話,相続コンサル,検討中,E069,相続コンサルを提案。前向きな反応。
H001742,C00748,2025-06-30,オンライン面談,国内債券,見送り,E039,国内債券を提案。反応は限定的。
H001743,C00749,2026-07-19,電話,NISA,成約,E056,NISAを提案。前向きな反応。
H001744,C00749,2026-07-09,オンライン面談,外貨預金,成約,E056,外貨預金を提案。前向きな反応。
H001745,C00749,2025-07-14,メール,外国債券,見送り,E056,外国債券を提案。反応は限定的。
H001746,C00749,2025-12-28,訪問,外貨預金,検討中,E056,外貨預金を提案。前向きな反応。
H001747,C00750,2026-05-17,訪問,投資信託,見送り,E007,投資信託を提案。反応は限定的。
H001748,C00750,2025-06-06,電話,一時払い保険,再訪問予定,E007,一時払い保険を提案。前向きな反応。
H001749,C00750,2026-01-09,電話,一時払い保険,検討中,E007,一時払い保険を提案。前向きな反応。
H001750,C00751,2025-01-03,来店,外貨預金,成約,E011,外貨預金を提案。前向きな反応。
H001751,C00752,2026-06-14,訪問,国内債券,再訪問予定,E033,国内債券を提案。前向きな反応。
H001752,C00752,2025-12-21,電話,ファンドラップ,見送り,E033,ファンドラップを提案。反応は限定的。
H001753,C00752,2025-12-29,オンライン面談,NISA,検討中,E033,NISAを提案。前向きな反応。
H001754,C00752,2026-01-21,オンライン面談,投資信託,検討中,E033,投資信託を提案。前向きな反応。
H001755,C00752,2025-10-02,オンライン面談,ファンドラップ,成約,E033,ファンドラップを提案。前向きな反応。
H001756,C00753,2025-11-07,訪問,相続コンサル,成約,E061,相続コンサルを提案。前向きな反応。
H001757,C00753,2024-10-13,電話,一時払い保険,見送り,E061,一時払い保険を提案。反応は限定的。
H001758,C00754,2026-02-25,オンライン面談,外貨預金,検討中,E038,外貨預金を提案。前向きな反応。
H001759,C00754,2025-11-04,来店,NISA,見送り,E038,NISAを提案。反応は限定的。
H001760,C00754,2025-12-16,オンライン面談,ファンドラップ,成約,E038,ファンドラップを提案。前向きな反応。
H001761,C00754,2025-10-05,来店,外国債券,見送り,E038,外国債券を提案。反応は限定的。
H001762,C00755,2026-05-15,オンライン面談,国内債券,検討中,E067,国内債券を提案。前向きな反応。
H001763,C00755,2026-03-26,メール,外貨預金,情報提供のみ,E067,外貨預金を提案。前向きな反応。
H001764,C00755,2025-07-12,電話,外国債券,成約,E067,外国債券を提案。前向きな反応。
H001765,C00757,2025-11-13,電話,国内債券,検討中,E009,国内債券を提案。前向きな反応。
H001766,C00757,2025-07-13,オンライン面談,外国債券,情報提供のみ,E009,外国債券を提案。前向きな反応。
H001767,C00757,2025-05-02,オンライン面談,一時払い保険,検討中,E009,一時払い保険を提案。前向きな反応。
H001768,C00759,2026-06-14,訪問,投資信託,情報提供のみ,E035,投資信託を提案。前向きな反応。
H001769,C00761,2025-11-11,オンライン面談,投資信託,見送り,E034,投資信託を提案。反応は限定的。
H001770,C00761,2024-10-08,訪問,投資信託,検討中,E034,投資信託を提案。前向きな反応。
H001771,C00761,2025-10-19,メール,国内債券,再訪問予定,E034,国内債券を提案。前向きな反応。
H001772,C00763,2026-04-17,電話,一時払い保険,検討中,E032,一時払い保険を提案。前向きな反応。
H001773,C00763,2025-12-23,メール,相続コンサル,成約,E032,相続コンサルを提案。前向きな反応。
H001774,C00763,2026-03-17,来店,投資信託,見送り,E032,投資信託を提案。反応は限定的。
H001775,C00763,2026-01-13,オンライン面談,NISA,検討中,E032,NISAを提案。前向きな反応。
H001776,C00764,2026-06-04,電話,NISA,検討中,E020,NISAを提案。前向きな反応。
H001777,C00764,2025-06-02,訪問,相続コンサル,成約,E020,相続コンサルを提案。前向きな反応。
H001778,C00764,2025-05-22,訪問,NISA,情報提供のみ,E020,NISAを提案。前向きな反応。
H001779,C00765,2026-08-16,メール,外国債券,成約,E060,外国債券を提案。前向きな反応。
H001780,C00765,2026-03-23,訪問,一時払い保険,成約,E060,一時払い保険を提案。前向きな反応。
H001781,C00766,2026-07-06,メール,相続コンサル,検討中,E010,相続コンサルを提案。前向きな反応。
H001782,C00767,2025-07-20,来店,外貨預金,検討中,E026,外貨預金を提案。前向きな反応。
H001783,C00767,2025-02-22,メール,外貨預金,情報提供のみ,E026,外貨預金を提案。前向きな反応。
H001784,C00767,2024-12-05,来店,国内債券,見送り,E026,国内債券を提案。反応は限定的。
H001785,C00767,2024-06-28,訪問,一時払い保険,再訪問予定,E026,一時払い保険を提案。前向きな反応。
H001786,C00768,2024-10-20,来店,国内債券,再訪問予定,E035,国内債券を提案。前向きな反応。
H001787,C00768,2024-02-08,メール,ファンドラップ,再訪問予定,E035,ファンドラップを提案。前向きな反応。
H001788,C00768,2024-04-29,来店,NISA,検討中,E035,NISAを提案。前向きな反応。
H001789,C00769,2025-09-20,メール,国内債券,成約,E069,国内債券を提案。前向きな反応。
H001790,C00769,2024-11-30,電話,国内債券,再訪問予定,E069,国内債券を提案。前向きな反応。
H001791,C00769,2024-10-24,訪問,相続コンサル,見送り,E069,相続コンサルを提案。反応は限定的。
H001792,C00770,2025-09-12,来店,投資信託,成約,E007,投資信託を提案。前向きな反応。
H001793,C00770,2025-05-10,来店,国内債券,検討中,E007,国内債券を提案。前向きな反応。
H001794,C00770,2024-10-27,オンライン面談,相続コンサル,成約,E007,相続コンサルを提案。前向きな反応。
H001795,C00771,2025-12-16,メール,一時払い保険,検討中,E027,一時払い保険を提案。前向きな反応。
H001796,C00771,2025-10-08,電話,一時払い保険,再訪問予定,E027,一時払い保険を提案。前向きな反応。
H001797,C00771,2025-10-14,オンライン面談,NISA,見送り,E027,NISAを提案。反応は限定的。
H001798,C00771,2025-11-10,電話,ファンドラップ,再訪問予定,E027,ファンドラップを提案。前向きな反応。
H001799,C00771,2025-03-27,訪問,NISA,検討中,E027,NISAを提案。前向きな反応。
H001800,C00772,2025-12-19,来店,外貨預金,情報提供のみ,E070,外貨預金を提案。前向きな反応。
H001801,C00772,2025-02-12,訪問,一時払い保険,成約,E070,一時払い保険を提案。前向きな反応。
H001802,C00773,2024-10-07,電話,相続コンサル,情報提供のみ,E012,相続コンサルを提案。前向きな反応。
H001803,C00774,2025-10-30,オンライン面談,外国債券,情報提供のみ,E004,外国債券を提案。前向きな反応。
H001804,C00775,2025-08-25,来店,一時払い保険,成約,E060,一時払い保険を提案。前向きな反応。
H001805,C00775,2025-01-14,訪問,ファンドラップ,検討中,E060,ファンドラップを提案。前向きな反応。
H001806,C00775,2025-05-11,電話,相続コンサル,再訪問予定,E060,相続コンサルを提案。前向きな反応。
H001807,C00775,2024-11-24,訪問,国内債券,検討中,E060,国内債券を提案。前向きな反応。
H001808,C00775,2024-11-15,電話,相続コンサル,検討中,E060,相続コンサルを提案。前向きな反応。
H001809,C00776,2026-07-12,訪問,一時払い保険,情報提供のみ,E052,一時払い保険を提案。前向きな反応。
H001810,C00776,2026-05-02,来店,国内債券,成約,E052,国内債券を提案。前向きな反応。
H001811,C00776,2026-02-22,来店,ファンドラップ,再訪問予定,E052,ファンドラップを提案。前向きな反応。
H001812,C00776,2026-04-20,メール,ファンドラップ,検討中,E052,ファンドラップを提案。前向きな反応。
H001813,C00777,2026-01-02,電話,NISA,成約,E009,NISAを提案。前向きな反応。
H001814,C00777,2025-10-21,メール,外国債券,情報提供のみ,E009,外国債券を提案。前向きな反応。
H001815,C00777,2025-07-25,訪問,一時払い保険,情報提供のみ,E009,一時払い保険を提案。前向きな反応。
H001816,C00778,2025-12-10,訪問,ファンドラップ,検討中,E066,ファンドラップを提案。前向きな反応。
H001817,C00779,2025-10-07,メール,ファンドラップ,検討中,E051,ファンドラップを提案。前向きな反応。
H001818,C00779,2025-02-24,オンライン面談,外貨預金,見送り,E051,外貨預金を提案。反応は限定的。
H001819,C00779,2025-07-18,電話,外貨預金,再訪問予定,E051,外貨預金を提案。前向きな反応。
H001820,C00780,2025-09-05,訪問,国内債券,成約,E036,国内債券を提案。前向きな反応。
H001821,C00780,2025-02-09,電話,NISA,成約,E036,NISAを提案。前向きな反応。
H001822,C00780,2025-02-06,オンライン面談,外国債券,情報提供のみ,E036,外国債券を提案。前向きな反応。
H001823,C00781,2026-03-03,メール,NISA,情報提供のみ,E030,NISAを提案。前向きな反応。
H001824,C00781,2025-12-20,来店,ファンドラップ,再訪問予定,E030,ファンドラップを提案。前向きな反応。
H001825,C00781,2025-02-12,メール,ファンドラップ,再訪問予定,E030,ファンドラップを提案。前向きな反応。
H001826,C00782,2025-10-16,電話,NISA,再訪問予定,E067,NISAを提案。前向きな反応。
H001827,C00783,2026-01-04,オンライン面談,一時払い保険,検討中,E032,一時払い保険を提案。前向きな反応。
H001828,C00783,2025-08-20,電話,国内債券,成約,E032,国内債券を提案。前向きな反応。
H001829,C00783,2025-11-09,訪問,ファンドラップ,情報提供のみ,E032,ファンドラップを提案。前向きな反応。
H001830,C00783,2025-02-02,訪問,投資信託,成約,E032,投資信託を提案。前向きな反応。
H001831,C00784,2026-03-21,メール,相続コンサル,見送り,E033,相続コンサルを提案。反応は限定的。
H001832,C00785,2024-10-09,来店,外貨預金,情報提供のみ,E041,外貨預金を提案。前向きな反応。
H001833,C00785,2024-01-31,オンライン面談,相続コンサル,情報提供のみ,E041,相続コンサルを提案。前向きな反応。
H001834,C00785,2024-07-31,訪問,国内債券,情報提供のみ,E041,国内債券を提案。前向きな反応。
H001835,C00786,2025-02-07,来店,相続コンサル,成約,E068,相続コンサルを提案。前向きな反応。
H001836,C00786,2024-10-13,オンライン面談,外国債券,検討中,E068,外国債券を提案。前向きな反応。
H001837,C00787,2025-04-21,電話,一時払い保険,検討中,E034,一時払い保険を提案。前向きな反応。
H001838,C00787,2024-05-26,電話,投資信託,情報提供のみ,E034,投資信託を提案。前向きな反応。
H001839,C00788,2025-08-22,訪問,NISA,成約,E074,NISAを提案。前向きな反応。
H001840,C00788,2025-02-01,メール,ファンドラップ,再訪問予定,E074,ファンドラップを提案。前向きな反応。
H001841,C00788,2025-01-07,来店,ファンドラップ,成約,E074,ファンドラップを提案。前向きな反応。
H001842,C00788,2024-10-04,電話,外国債券,情報提供のみ,E074,外国債券を提案。前向きな反応。
H001843,C00788,2024-11-29,メール,一時払い保険,成約,E074,一時払い保険を提案。前向きな反応。
H001844,C00790,2026-08-04,来店,外貨預金,見送り,E069,外貨預金を提案。反応は限定的。
H001845,C00791,2025-11-27,メール,外貨預金,情報提供のみ,E013,外貨預金を提案。前向きな反応。
H001846,C00791,2025-02-22,電話,一時払い保険,情報提供のみ,E013,一時払い保険を提案。前向きな反応。
H001847,C00792,2026-01-13,メール,ファンドラップ,成約,E052,ファンドラップを提案。前向きな反応。
H001848,C00793,2026-05-24,オンライン面談,ファンドラップ,検討中,E059,ファンドラップを提案。前向きな反応。
H001849,C00793,2025-05-11,来店,一時払い保険,検討中,E059,一時払い保険を提案。前向きな反応。
H001850,C00793,2025-12-04,訪問,外貨預金,情報提供のみ,E059,外貨預金を提案。前向きな反応。
H001851,C00793,2025-07-22,電話,投資信託,見送り,E059,投資信託を提案。反応は限定的。
H001852,C00794,2026-01-15,訪問,投資信託,成約,E029,投資信託を提案。前向きな反応。
H001853,C00794,2025-10-11,電話,外貨預金,見送り,E029,外貨預金を提案。反応は限定的。
H001854,C00796,2026-02-07,来店,投資信託,成約,E079,投資信託を提案。前向きな反応。
H001855,C00797,2026-03-21,メール,国内債券,検討中,E063,国内債券を提案。前向きな反応。
H001856,C00797,2025-06-23,来店,投資信託,成約,E063,投資信託を提案。前向きな反応。
H001857,C00798,2025-01-20,オンライン面談,投資信託,見送り,E018,投資信託を提案。反応は限定的。
H001858,C00798,2024-02-29,来店,投資信託,見送り,E018,投資信託を提案。反応は限定的。
H001859,C00798,2024-09-03,電話,国内債券,見送り,E018,国内債券を提案。反応は限定的。
H001860,C00799,2025-11-30,訪問,国内債券,再訪問予定,E060,国内債券を提案。前向きな反応。
H001861,C00799,2025-06-14,電話,国内債券,検討中,E060,国内債券を提案。前向きな反応。
H001862,C00799,2025-01-04,電話,相続コンサル,検討中,E060,相続コンサルを提案。前向きな反応。
H001863,C00800,2026-02-18,オンライン面談,投資信託,成約,E068,投資信託を提案。前向きな反応。
H001864,C00800,2025-04-05,来店,国内債券,情報提供のみ,E068,国内債券を提案。前向きな反応。
H001865,C00801,2026-03-08,メール,外貨預金,検討中,E011,外貨預金を提案。前向きな反応。
H001866,C00801,2025-07-02,メール,外貨預金,成約,E011,外貨預金を提案。前向きな反応。
H001867,C00801,2025-05-01,来店,外国債券,情報提供のみ,E011,外国債券を提案。前向きな反応。
H001868,C00801,2025-04-06,来店,ファンドラップ,情報提供のみ,E011,ファンドラップを提案。前向きな反応。
H001869,C00802,2025-08-27,オンライン面談,一時払い保険,検討中,E040,一時払い保険を提案。前向きな反応。
H001870,C00802,2025-07-06,メール,国内債券,成約,E040,国内債券を提案。前向きな反応。
H001871,C00802,2024-12-06,メール,ファンドラップ,情報提供のみ,E040,ファンドラップを提案。前向きな反応。
H001872,C00802,2024-12-06,メール,国内債券,成約,E040,国内債券を提案。前向きな反応。
H001873,C00803,2025-12-20,メール,相続コンサル,検討中,E019,相続コンサルを提案。前向きな反応。
H001874,C00803,2024-12-09,オンライン面談,一時払い保険,見送り,E019,一時払い保険を提案。反応は限定的。
H001875,C00803,2025-09-30,メール,国内債券,検討中,E019,国内債券を提案。前向きな反応。
H001876,C00803,2025-11-29,訪問,投資信託,検討中,E019,投資信託を提案。前向きな反応。
H001877,C00804,2026-05-03,訪問,一時払い保険,検討中,E007,一時払い保険を提案。前向きな反応。
H001878,C00804,2025-06-08,オンライン面談,国内債券,見送り,E007,国内債券を提案。反応は限定的。
H001879,C00804,2025-09-29,訪問,相続コンサル,再訪問予定,E007,相続コンサルを提案。前向きな反応。
H001880,C00804,2025-07-28,訪問,一時払い保険,検討中,E007,一時払い保険を提案。前向きな反応。
H001881,C00805,2026-04-13,オンライン面談,外国債券,検討中,E036,外国債券を提案。前向きな反応。
H001882,C00806,2026-01-25,電話,国内債券,検討中,E039,国内債券を提案。前向きな反応。
H001883,C00806,2024-12-24,メール,NISA,見送り,E039,NISAを提案。反応は限定的。
H001884,C00806,2025-12-22,訪問,外貨預金,情報提供のみ,E039,外貨預金を提案。前向きな反応。
H001885,C00807,2025-04-25,メール,一時払い保険,成約,E039,一時払い保険を提案。前向きな反応。
H001886,C00807,2024-03-24,電話,投資信託,検討中,E039,投資信託を提案。前向きな反応。
H001887,C00808,2026-02-24,電話,外国債券,情報提供のみ,E048,外国債券を提案。前向きな反応。
H001888,C00808,2025-07-03,電話,相続コンサル,再訪問予定,E048,相続コンサルを提案。前向きな反応。
H001889,C00808,2025-07-19,オンライン面談,一時払い保険,検討中,E048,一時払い保険を提案。前向きな反応。
H001890,C00808,2026-01-20,訪問,投資信託,成約,E048,投資信託を提案。前向きな反応。
H001891,C00809,2025-11-25,訪問,外貨預金,検討中,E031,外貨預金を提案。前向きな反応。
H001892,C00810,2026-08-15,オンライン面談,相続コンサル,再訪問予定,E073,相続コンサルを提案。前向きな反応。
H001893,C00812,2024-10-14,メール,外国債券,情報提供のみ,E004,外国債券を提案。前向きな反応。
H001894,C00812,2024-10-10,メール,一時払い保険,見送り,E004,一時払い保険を提案。反応は限定的。
H001895,C00812,2023-10-14,電話,相続コンサル,情報提供のみ,E004,相続コンサルを提案。前向きな反応。
H001896,C00813,2025-06-11,来店,国内債券,情報提供のみ,E009,国内債券を提案。前向きな反応。
H001897,C00813,2024-09-28,訪問,外国債券,見送り,E009,外国債券を提案。反応は限定的。
H001898,C00814,2025-01-20,メール,ファンドラップ,検討中,E012,ファンドラップを提案。前向きな反応。
H001899,C00814,2023-12-18,オンライン面談,投資信託,成約,E012,投資信託を提案。前向きな反応。
H001900,C00814,2024-12-09,電話,国内債券,成約,E012,国内債券を提案。前向きな反応。
H001901,C00815,2025-08-16,訪問,外国債券,成約,E042,外国債券を提案。前向きな反応。
H001902,C00816,2026-03-22,メール,一時払い保険,情報提供のみ,E046,一時払い保険を提案。前向きな反応。
H001903,C00816,2026-02-24,訪問,相続コンサル,情報提供のみ,E046,相続コンサルを提案。前向きな反応。
H001904,C00816,2025-04-02,メール,相続コンサル,成約,E046,相続コンサルを提案。前向きな反応。
H001905,C00816,2025-05-10,メール,国内債券,再訪問予定,E046,国内債券を提案。前向きな反応。
H001906,C00816,2025-05-28,メール,国内債券,検討中,E046,国内債券を提案。前向きな反応。
H001907,C00817,2025-10-09,メール,NISA,再訪問予定,E073,NISAを提案。前向きな反応。
H001908,C00817,2025-03-17,メール,ファンドラップ,検討中,E073,ファンドラップを提案。前向きな反応。
H001909,C00817,2024-12-03,オンライン面談,ファンドラップ,見送り,E073,ファンドラップを提案。反応は限定的。
H001910,C00817,2025-06-11,電話,外貨預金,再訪問予定,E073,外貨預金を提案。前向きな反応。
H001911,C00817,2025-10-01,来店,NISA,成約,E073,NISAを提案。前向きな反応。
H001912,C00818,2026-06-08,メール,NISA,成約,E052,NISAを提案。前向きな反応。
H001913,C00818,2025-10-17,オンライン面談,一時払い保険,情報提供のみ,E052,一時払い保険を提案。前向きな反応。
H001914,C00819,2026-06-13,来店,国内債券,再訪問予定,E041,国内債券を提案。前向きな反応。
H001915,C00820,2025-10-02,来店,相続コンサル,成約,E066,相続コンサルを提案。前向きな反応。
H001916,C00821,2025-09-07,メール,一時払い保険,見送り,E036,一時払い保険を提案。反応は限定的。
H001917,C00821,2024-08-13,来店,NISA,見送り,E036,NISAを提案。反応は限定的。
H001918,C00821,2024-10-15,オンライン面談,国内債券,成約,E036,国内債券を提案。前向きな反応。
H001919,C00822,2026-07-29,来店,投資信託,成約,E056,投資信託を提案。前向きな反応。
H001920,C00822,2025-08-01,電話,ファンドラップ,成約,E056,ファンドラップを提案。前向きな反応。
H001921,C00823,2026-08-01,電話,ファンドラップ,検討中,E040,ファンドラップを提案。前向きな反応。
H001922,C00823,2025-10-13,電話,外貨預金,情報提供のみ,E040,外貨預金を提案。前向きな反応。
H001923,C00823,2026-02-10,オンライン面談,相続コンサル,情報提供のみ,E040,相続コンサルを提案。前向きな反応。
H001924,C00823,2026-04-19,電話,NISA,検討中,E040,NISAを提案。前向きな反応。
H001925,C00824,2025-08-17,電話,NISA,検討中,E080,NISAを提案。前向きな反応。
H001926,C00824,2025-07-03,オンライン面談,外国債券,成約,E080,外国債券を提案。前向きな反応。
H001927,C00824,2024-10-29,メール,相続コンサル,見送り,E080,相続コンサルを提案。反応は限定的。
H001928,C00824,2025-04-10,メール,一時払い保険,情報提供のみ,E080,一時払い保険を提案。前向きな反応。
H001929,C00825,2025-12-02,メール,ファンドラップ,情報提供のみ,E058,ファンドラップを提案。前向きな反応。
H001930,C00825,2024-12-20,電話,外国債券,成約,E058,外国債券を提案。前向きな反応。
H001931,C00825,2025-08-18,来店,相続コンサル,再訪問予定,E058,相続コンサルを提案。前向きな反応。
H001932,C00825,2024-12-31,メール,ファンドラップ,検討中,E058,ファンドラップを提案。前向きな反応。
H001933,C00825,2024-10-30,オンライン面談,外国債券,検討中,E058,外国債券を提案。前向きな反応。
H001934,C00826,2026-02-28,訪問,外国債券,情報提供のみ,E005,外国債券を提案。前向きな反応。
H001935,C00826,2025-06-18,電話,外貨預金,成約,E005,外貨預金を提案。前向きな反応。
H001936,C00826,2026-02-11,電話,投資信託,見送り,E005,投資信託を提案。反応は限定的。
H001937,C00826,2025-03-25,来店,国内債券,検討中,E005,国内債券を提案。前向きな反応。
H001938,C00827,2026-02-05,来店,NISA,成約,E074,NISAを提案。前向きな反応。
H001939,C00827,2026-01-24,オンライン面談,NISA,検討中,E074,NISAを提案。前向きな反応。
H001940,C00827,2025-11-24,メール,国内債券,検討中,E074,国内債券を提案。前向きな反応。
H001941,C00827,2025-03-09,電話,投資信託,情報提供のみ,E074,投資信託を提案。前向きな反応。
H001942,C00827,2025-02-14,電話,一時払い保険,検討中,E074,一時払い保険を提案。前向きな反応。
H001943,C00828,2025-09-16,電話,ファンドラップ,見送り,E065,ファンドラップを提案。反応は限定的。
H001944,C00828,2024-08-22,電話,投資信託,成約,E065,投資信託を提案。前向きな反応。
H001945,C00828,2025-08-18,来店,投資信託,見送り,E065,投資信託を提案。反応は限定的。
H001946,C00829,2025-10-17,オンライン面談,一時払い保険,成約,E053,一時払い保険を提案。前向きな反応。
H001947,C00829,2025-03-04,オンライン面談,国内債券,再訪問予定,E053,国内債券を提案。前向きな反応。
H001948,C00829,2025-05-12,オンライン面談,投資信託,成約,E053,投資信託を提案。前向きな反応。
H001949,C00829,2024-11-22,電話,NISA,再訪問予定,E053,NISAを提案。前向きな反応。
H001950,C00830,2026-07-15,訪問,外国債券,見送り,E003,外国債券を提案。反応は限定的。
H001951,C00830,2026-06-20,オンライン面談,一時払い保険,成約,E003,一時払い保険を提案。前向きな反応。
H001952,C00831,2025-02-03,電話,相続コンサル,見送り,E011,相続コンサルを提案。反応は限定的。
H001953,C00831,2024-12-20,電話,ファンドラップ,見送り,E011,ファンドラップを提案。反応は限定的。
H001954,C00832,2025-09-22,来店,国内債券,成約,E023,国内債券を提案。前向きな反応。
H001955,C00832,2025-07-14,メール,国内債券,検討中,E023,国内債券を提案。前向きな反応。
H001956,C00832,2024-08-29,オンライン面談,外貨預金,再訪問予定,E023,外貨預金を提案。前向きな反応。
H001957,C00832,2024-09-30,訪問,相続コンサル,情報提供のみ,E023,相続コンサルを提案。前向きな反応。
H001958,C00833,2025-08-15,電話,国内債券,情報提供のみ,E051,国内債券を提案。前向きな反応。
H001959,C00833,2025-07-01,来店,NISA,再訪問予定,E051,NISAを提案。前向きな反応。
H001960,C00834,2025-09-06,電話,投資信託,情報提供のみ,E009,投資信託を提案。前向きな反応。
H001961,C00835,2025-05-21,電話,相続コンサル,見送り,E011,相続コンサルを提案。反応は限定的。
H001962,C00835,2024-12-24,電話,国内債券,見送り,E011,国内債券を提案。反応は限定的。
H001963,C00836,2025-01-13,訪問,外国債券,再訪問予定,E037,外国債券を提案。前向きな反応。
H001964,C00837,2025-10-03,メール,ファンドラップ,再訪問予定,E012,ファンドラップを提案。前向きな反応。
H001965,C00837,2025-04-04,来店,国内債券,見送り,E012,国内債券を提案。反応は限定的。
H001966,C00837,2025-01-28,メール,相続コンサル,再訪問予定,E012,相続コンサルを提案。前向きな反応。
H001967,C00839,2025-05-30,メール,外国債券,見送り,E066,外国債券を提案。反応は限定的。
H001968,C00839,2024-08-26,電話,ファンドラップ,情報提供のみ,E066,ファンドラップを提案。前向きな反応。
H001969,C00840,2025-11-12,オンライン面談,NISA,成約,E044,NISAを提案。前向きな反応。
H001970,C00840,2024-11-04,メール,外国債券,検討中,E044,外国債券を提案。前向きな反応。
H001971,C00840,2025-04-21,電話,外国債券,成約,E044,外国債券を提案。前向きな反応。
H001972,C00841,2026-01-07,メール,投資信託,見送り,E060,投資信託を提案。反応は限定的。
H001973,C00841,2025-01-20,電話,相続コンサル,見送り,E060,相続コンサルを提案。反応は限定的。
H001974,C00841,2025-11-25,メール,NISA,成約,E060,NISAを提案。前向きな反応。
H001975,C00842,2025-09-23,オンライン面談,投資信託,検討中,E013,投資信託を提案。前向きな反応。
H001976,C00842,2024-11-30,オンライン面談,一時払い保険,再訪問予定,E013,一時払い保険を提案。前向きな反応。
H001977,C00842,2024-12-08,オンライン面談,国内債券,成約,E013,国内債券を提案。前向きな反応。
H001978,C00842,2025-04-02,オンライン面談,相続コンサル,検討中,E013,相続コンサルを提案。前向きな反応。
H001979,C00843,2026-01-07,訪問,相続コンサル,検討中,E073,相続コンサルを提案。前向きな反応。
H001980,C00845,2024-10-20,オンライン面談,NISA,情報提供のみ,E029,NISAを提案。前向きな反応。
H001981,C00846,2026-08-05,訪問,投資信託,情報提供のみ,E051,投資信託を提案。前向きな反応。
H001982,C00846,2025-08-07,訪問,国内債券,再訪問予定,E051,国内債券を提案。前向きな反応。
H001983,C00846,2026-06-11,メール,NISA,検討中,E051,NISAを提案。前向きな反応。
H001984,C00846,2025-10-11,電話,国内債券,情報提供のみ,E051,国内債券を提案。前向きな反応。
H001985,C00847,2025-04-03,訪問,ファンドラップ,見送り,E072,ファンドラップを提案。反応は限定的。
H001986,C00848,2025-05-02,オンライン面談,相続コンサル,成約,E035,相続コンサルを提案。前向きな反応。
H001987,C00850,2026-01-10,来店,投資信託,情報提供のみ,E016,投資信託を提案。前向きな反応。
H001988,C00850,2025-07-10,来店,投資信託,再訪問予定,E016,投資信託を提案。前向きな反応。
H001989,C00850,2025-10-08,訪問,外貨預金,見送り,E016,外貨預金を提案。反応は限定的。
H001990,C00850,2025-02-18,電話,相続コンサル,見送り,E016,相続コンサルを提案。反応は限定的。
H001991,C00851,2025-08-05,メール,投資信託,見送り,E041,投資信託を提案。反応は限定的。
H001992,C00851,2024-09-11,来店,外国債券,見送り,E041,外国債券を提案。反応は限定的。
H001993,C00854,2025-08-09,来店,国内債券,見送り,E007,国内債券を提案。反応は限定的。
H001994,C00855,2025-10-01,来店,相続コンサル,検討中,E056,相続コンサルを提案。前向きな反応。
H001995,C00855,2024-12-13,来店,ファンドラップ,見送り,E056,ファンドラップを提案。反応は限定的。
H001996,C00855,2024-11-28,訪問,外国債券,情報提供のみ,E056,外国債券を提案。前向きな反応。
H001997,C00856,2026-04-23,電話,ファンドラップ,見送り,E028,ファンドラップを提案。反応は限定的。
H001998,C00858,2026-08-09,メール,外国債券,情報提供のみ,E014,外国債券を提案。前向きな反応。
H001999,C00858,2026-08-03,メール,一時払い保険,成約,E014,一時払い保険を提案。前向きな反応。
H002000,C00858,2026-06-01,訪問,外国債券,情報提供のみ,E014,外国債券を提案。前向きな反応。
H002001,C00858,2025-09-10,メール,外国債券,検討中,E014,外国債券を提案。前向きな反応。
H002002,C00859,2025-12-29,訪問,一時払い保険,検討中,E032,一時払い保険を提案。前向きな反応。
H002003,C00859,2024-12-18,訪問,投資信託,再訪問予定,E032,投資信託を提案。前向きな反応。
H002004,C00859,2025-07-15,メール,国内債券,再訪問予定,E032,国内債券を提案。前向きな反応。
H002005,C00859,2024-12-04,訪問,外貨預金,検討中,E032,外貨預金を提案。前向きな反応。
H002006,C00860,2025-10-16,訪問,ファンドラップ,再訪問予定,E003,ファンドラップを提案。前向きな反応。
H002007,C00860,2025-02-05,訪問,投資信託,再訪問予定,E003,投資信託を提案。前向きな反応。
H002008,C00860,2025-01-12,メール,一時払い保険,検討中,E003,一時払い保険を提案。前向きな反応。
H002009,C00860,2025-05-14,訪問,NISA,成約,E003,NISAを提案。前向きな反応。
H002010,C00860,2025-04-30,来店,外貨預金,検討中,E003,外貨預金を提案。前向きな反応。
H002011,C00861,2025-11-09,オンライン面談,ファンドラップ,検討中,E045,ファンドラップを提案。前向きな反応。
H002012,C00861,2025-02-19,電話,外貨預金,見送り,E045,外貨預金を提案。反応は限定的。
H002013,C00861,2025-06-11,オンライン面談,一時払い保険,見送り,E045,一時払い保険を提案。反応は限定的。
H002014,C00862,2025-03-01,オンライン面談,ファンドラップ,見送り,E038,ファンドラップを提案。反応は限定的。
H002015,C00862,2024-07-31,メール,一時払い保険,見送り,E038,一時払い保険を提案。反応は限定的。
H002016,C00863,2026-03-17,オンライン面談,NISA,成約,E053,NISAを提案。前向きな反応。
H002017,C00863,2026-03-02,メール,相続コンサル,検討中,E053,相続コンサルを提案。前向きな反応。
H002018,C00863,2025-07-19,来店,外貨預金,成約,E053,外貨預金を提案。前向きな反応。
H002019,C00864,2025-07-05,オンライン面談,一時払い保険,見送り,E076,一時払い保険を提案。反応は限定的。
H002020,C00864,2024-08-07,訪問,外貨預金,検討中,E076,外貨預金を提案。前向きな反応。
H002021,C00864,2024-06-27,メール,NISA,情報提供のみ,E076,NISAを提案。前向きな反応。
H002022,C00866,2025-01-05,訪問,NISA,情報提供のみ,E034,NISAを提案。前向きな反応。
H002023,C00867,2025-08-13,来店,外国債券,見送り,E065,外国債券を提案。反応は限定的。
H002024,C00867,2025-01-20,メール,外国債券,再訪問予定,E065,外国債券を提案。前向きな反応。
H002025,C00869,2025-10-22,訪問,外国債券,情報提供のみ,E001,外国債券を提案。前向きな反応。
H002026,C00869,2024-09-29,オンライン面談,一時払い保険,見送り,E001,一時払い保険を提案。反応は限定的。
H002027,C00870,2025-12-21,メール,一時払い保険,情報提供のみ,E063,一時払い保険を提案。前向きな反応。
H002028,C00870,2025-04-15,電話,NISA,検討中,E063,NISAを提案。前向きな反応。
H002029,C00870,2025-06-28,来店,一時払い保険,見送り,E063,一時払い保険を提案。反応は限定的。
H002030,C00870,2025-12-07,来店,ファンドラップ,成約,E063,ファンドラップを提案。前向きな反応。
H002031,C00870,2025-03-10,訪問,国内債券,検討中,E063,国内債券を提案。前向きな反応。
H002032,C00871,2026-06-11,来店,外貨預金,情報提供のみ,E004,外貨預金を提案。前向きな反応。
H002033,C00871,2026-05-31,電話,国内債券,検討中,E004,国内債券を提案。前向きな反応。
H002034,C00871,2025-12-18,電話,国内債券,成約,E004,国内債券を提案。前向きな反応。
H002035,C00871,2025-10-17,オンライン面談,外貨預金,再訪問予定,E004,外貨預金を提案。前向きな反応。
H002036,C00871,2025-06-25,電話,一時払い保険,再訪問予定,E004,一時払い保険を提案。前向きな反応。
H002037,C00872,2024-11-17,訪問,一時払い保険,成約,E035,一時払い保険を提案。前向きな反応。
H002038,C00872,2023-11-14,来店,国内債券,検討中,E035,国内債券を提案。前向きな反応。
H002039,C00872,2023-12-17,訪問,投資信託,見送り,E035,投資信託を提案。反応は限定的。
H002040,C00873,2026-01-24,訪問,外国債券,情報提供のみ,E063,外国債券を提案。前向きな反応。
H002041,C00874,2025-11-15,オンライン面談,ファンドラップ,情報提供のみ,E021,ファンドラップを提案。前向きな反応。
H002042,C00874,2025-05-05,電話,NISA,検討中,E021,NISAを提案。前向きな反応。
H002043,C00875,2025-05-07,訪問,相続コンサル,検討中,E068,相続コンサルを提案。前向きな反応。
H002044,C00876,2025-11-07,訪問,NISA,検討中,E025,NISAを提案。前向きな反応。
H002045,C00878,2025-01-08,メール,投資信託,情報提供のみ,E075,投資信託を提案。前向きな反応。
H002046,C00878,2024-02-23,来店,一時払い保険,見送り,E075,一時払い保険を提案。反応は限定的。
H002047,C00878,2024-11-29,メール,外貨預金,見送り,E075,外貨預金を提案。反応は限定的。
H002048,C00879,2025-08-23,電話,相続コンサル,再訪問予定,E011,相続コンサルを提案。前向きな反応。
H002049,C00879,2024-07-28,メール,外国債券,見送り,E011,外国債券を提案。反応は限定的。
H002050,C00880,2026-06-23,メール,相続コンサル,成約,E075,相続コンサルを提案。前向きな反応。
H002051,C00880,2025-11-09,訪問,ファンドラップ,成約,E075,ファンドラップを提案。前向きな反応。
H002052,C00880,2026-04-13,来店,NISA,再訪問予定,E075,NISAを提案。前向きな反応。
H002053,C00880,2025-12-14,メール,外国債券,再訪問予定,E075,外国債券を提案。前向きな反応。
H002054,C00881,2026-06-27,電話,ファンドラップ,成約,E033,ファンドラップを提案。前向きな反応。
H002055,C00881,2026-02-16,オンライン面談,国内債券,見送り,E033,国内債券を提案。反応は限定的。
H002056,C00882,2026-01-03,メール,外国債券,成約,E002,外国債券を提案。前向きな反応。
H002057,C00882,2025-02-19,来店,ファンドラップ,見送り,E002,ファンドラップを提案。反応は限定的。
H002058,C00882,2025-11-22,オンライン面談,ファンドラップ,成約,E002,ファンドラップを提案。前向きな反応。
H002059,C00882,2025-09-05,オンライン面談,NISA,情報提供のみ,E002,NISAを提案。前向きな反応。
H002060,C00882,2025-05-25,メール,投資信託,検討中,E002,投資信託を提案。前向きな反応。
H002061,C00883,2025-01-31,訪問,外国債券,情報提供のみ,E012,外国債券を提案。前向きな反応。
H002062,C00884,2025-09-05,メール,相続コンサル,成約,E066,相続コンサルを提案。前向きな反応。
H002063,C00886,2026-03-27,電話,投資信託,検討中,E039,投資信託を提案。前向きな反応。
H002064,C00887,2024-11-21,来店,外貨預金,見送り,E032,外貨預金を提案。反応は限定的。
H002065,C00887,2024-10-23,電話,NISA,見送り,E032,NISAを提案。反応は限定的。
H002066,C00888,2026-01-24,訪問,NISA,成約,E009,NISAを提案。前向きな反応。
H002067,C00889,2026-06-04,オンライン面談,外国債券,再訪問予定,E010,外国債券を提案。前向きな反応。
H002068,C00889,2026-02-03,来店,一時払い保険,検討中,E010,一時払い保険を提案。前向きな反応。
H002069,C00889,2025-10-06,訪問,NISA,検討中,E010,NISAを提案。前向きな反応。
H002070,C00889,2025-10-09,電話,国内債券,成約,E010,国内債券を提案。前向きな反応。
H002071,C00889,2025-12-17,訪問,投資信託,再訪問予定,E010,投資信託を提案。前向きな反応。
H002072,C00890,2025-09-20,電話,国内債券,見送り,E036,国内債券を提案。反応は限定的。
H002073,C00890,2024-09-23,電話,外貨預金,検討中,E036,外貨預金を提案。前向きな反応。
H002074,C00890,2024-11-10,訪問,一時払い保険,情報提供のみ,E036,一時払い保険を提案。前向きな反応。
H002075,C00891,2024-11-03,来店,外国債券,見送り,E068,外国債券を提案。反応は限定的。
H002076,C00892,2025-12-13,メール,国内債券,再訪問予定,E075,国内債券を提案。前向きな反応。
H002077,C00892,2025-10-20,訪問,投資信託,検討中,E075,投資信託を提案。前向きな反応。
H002078,C00892,2024-12-29,オンライン面談,国内債券,情報提供のみ,E075,国内債券を提案。前向きな反応。
H002079,C00892,2025-04-18,オンライン面談,外国債券,検討中,E075,外国債券を提案。前向きな反応。
H002080,C00893,2024-12-12,来店,相続コンサル,検討中,E034,相続コンサルを提案。前向きな反応。
H002081,C00893,2024-09-21,オンライン面談,国内債券,情報提供のみ,E034,国内債券を提案。前向きな反応。
H002082,C00894,2025-09-01,オンライン面談,国内債券,再訪問予定,E050,国内債券を提案。前向きな反応。
H002083,C00895,2025-05-18,メール,一時払い保険,情報提供のみ,E034,一時払い保険を提案。前向きな反応。
H002084,C00895,2025-02-28,電話,国内債券,見送り,E034,国内債券を提案。反応は限定的。
H002085,C00895,2025-01-12,メール,国内債券,情報提供のみ,E034,国内債券を提案。前向きな反応。
H002086,C00896,2026-04-28,メール,ファンドラップ,再訪問予定,E018,ファンドラップを提案。前向きな反応。
H002087,C00896,2026-03-01,来店,NISA,成約,E018,NISAを提案。前向きな反応。
H002088,C00896,2025-08-08,メール,相続コンサル,成約,E018,相続コンサルを提案。前向きな反応。
H002089,C00897,2026-03-21,訪問,国内債券,検討中,E076,国内債券を提案。前向きな反応。
H002090,C00897,2025-12-11,来店,外貨預金,検討中,E076,外貨預金を提案。前向きな反応。
H002091,C00897,2026-02-23,来店,外国債券,成約,E076,外国債券を提案。前向きな反応。
H002092,C00897,2025-02-17,メール,一時払い保険,見送り,E076,一時払い保険を提案。反応は限定的。
H002093,C00897,2025-06-10,オンライン面談,投資信託,情報提供のみ,E076,投資信託を提案。前向きな反応。
H002094,C00898,2026-03-12,訪問,投資信託,成約,E059,投資信託を提案。前向きな反応。
H002095,C00898,2025-10-02,オンライン面談,ファンドラップ,検討中,E059,ファンドラップを提案。前向きな反応。
H002096,C00898,2025-08-21,来店,一時払い保険,見送り,E059,一時払い保険を提案。反応は限定的。
H002097,C00898,2026-02-16,訪問,投資信託,見送り,E059,投資信託を提案。反応は限定的。
H002098,C00898,2025-03-09,電話,外貨預金,検討中,E059,外貨預金を提案。前向きな反応。
H002099,C00899,2025-12-25,訪問,外貨預金,見送り,E034,外貨預金を提案。反応は限定的。
H002100,C00899,2025-03-26,電話,一時払い保険,再訪問予定,E034,一時払い保険を提案。前向きな反応。
H002101,C00899,2025-03-23,オンライン面談,国内債券,成約,E034,国内債券を提案。前向きな反応。
H002102,C00899,2025-08-23,オンライン面談,外国債券,検討中,E034,外国債券を提案。前向きな反応。
H002103,C00899,2025-11-19,来店,NISA,成約,E034,NISAを提案。前向きな反応。
H002104,C00900,2025-09-09,メール,投資信託,検討中,E012,投資信託を提案。前向きな反応。
H002105,C00901,2026-05-28,電話,投資信託,成約,E008,投資信託を提案。前向きな反応。
H002106,C00901,2025-08-27,オンライン面談,外国債券,検討中,E008,外国債券を提案。前向きな反応。
H002107,C00902,2026-05-21,来店,一時払い保険,再訪問予定,E034,一時払い保険を提案。前向きな反応。
H002108,C00904,2025-07-16,オンライン面談,国内債券,再訪問予定,E004,国内債券を提案。前向きな反応。
H002109,C00904,2024-08-24,メール,一時払い保険,見送り,E004,一時払い保険を提案。反応は限定的。
H002110,C00904,2025-07-12,電話,国内債券,見送り,E004,国内債券を提案。反応は限定的。
H002111,C00905,2025-12-15,電話,ファンドラップ,見送り,E075,ファンドラップを提案。反応は限定的。
H002112,C00905,2025-04-21,オンライン面談,外貨預金,見送り,E075,外貨預金を提案。反応は限定的。
H002113,C00905,2025-05-10,メール,外国債券,成約,E075,外国債券を提案。前向きな反応。
H002114,C00905,2025-12-04,訪問,外国債券,成約,E075,外国債券を提案。前向きな反応。
H002115,C00905,2024-12-23,来店,投資信託,情報提供のみ,E075,投資信託を提案。前向きな反応。
H002116,C00906,2025-06-11,来店,ファンドラップ,検討中,E053,ファンドラップを提案。前向きな反応。
H002117,C00907,2026-02-12,来店,NISA,成約,E033,NISAを提案。前向きな反応。
H002118,C00907,2025-10-25,メール,投資信託,見送り,E033,投資信託を提案。反応は限定的。
H002119,C00907,2026-01-02,来店,国内債券,見送り,E033,国内債券を提案。反応は限定的。
H002120,C00907,2025-03-20,訪問,NISA,検討中,E033,NISAを提案。前向きな反応。
H002121,C00908,2026-01-14,オンライン面談,相続コンサル,成約,E002,相続コンサルを提案。前向きな反応。
H002122,C00908,2025-06-26,訪問,NISA,検討中,E002,NISAを提案。前向きな反応。
H002123,C00910,2025-12-28,メール,相続コンサル,成約,E046,相続コンサルを提案。前向きな反応。
H002124,C00911,2025-06-16,来店,ファンドラップ,情報提供のみ,E025,ファンドラップを提案。前向きな反応。
H002125,C00911,2024-11-11,電話,NISA,見送り,E025,NISAを提案。反応は限定的。
H002126,C00912,2025-08-03,メール,ファンドラップ,情報提供のみ,E074,ファンドラップを提案。前向きな反応。
H002127,C00913,2025-11-12,電話,投資信託,検討中,E066,投資信託を提案。前向きな反応。
H002128,C00913,2025-03-04,電話,相続コンサル,成約,E066,相続コンサルを提案。前向きな反応。
H002129,C00913,2025-02-07,オンライン面談,相続コンサル,再訪問予定,E066,相続コンサルを提案。前向きな反応。
H002130,C00915,2026-06-07,電話,外貨預金,再訪問予定,E074,外貨預金を提案。前向きな反応。
H002131,C00915,2026-05-03,訪問,外貨預金,再訪問予定,E074,外貨預金を提案。前向きな反応。
H002132,C00915,2025-11-24,電話,相続コンサル,検討中,E074,相続コンサルを提案。前向きな反応。
H002133,C00915,2025-05-31,電話,投資信託,検討中,E074,投資信託を提案。前向きな反応。
H002134,C00915,2025-06-24,来店,国内債券,再訪問予定,E074,国内債券を提案。前向きな反応。
H002135,C00916,2025-07-15,来店,外貨預金,成約,E023,外貨預金を提案。前向きな反応。
H002136,C00916,2024-08-06,来店,NISA,成約,E023,NISAを提案。前向きな反応。
H002137,C00916,2024-10-27,電話,国内債券,見送り,E023,国内債券を提案。反応は限定的。
H002138,C00917,2025-08-05,メール,一時払い保険,情報提供のみ,E044,一時払い保険を提案。前向きな反応。
H002139,C00917,2025-01-05,訪問,相続コンサル,成約,E044,相続コンサルを提案。前向きな反応。
H002140,C00917,2025-03-30,メール,NISA,検討中,E044,NISAを提案。前向きな反応。
H002141,C00917,2024-10-20,メール,相続コンサル,情報提供のみ,E044,相続コンサルを提案。前向きな反応。
H002142,C00918,2026-02-05,オンライン面談,一時払い保険,成約,E034,一時払い保険を提案。前向きな反応。
H002143,C00919,2025-11-13,電話,相続コンサル,再訪問予定,E064,相続コンサルを提案。前向きな反応。
H002144,C00919,2024-12-20,電話,ファンドラップ,再訪問予定,E064,ファンドラップを提案。前向きな反応。
H002145,C00920,2026-07-08,訪問,外国債券,再訪問予定,E036,外国債券を提案。前向きな反応。
H002146,C00920,2026-04-25,オンライン面談,国内債券,見送り,E036,国内債券を提案。反応は限定的。
H002147,C00920,2026-04-14,メール,投資信託,検討中,E036,投資信託を提案。前向きな反応。
H002148,C00920,2025-09-05,電話,外貨預金,成約,E036,外貨預金を提案。前向きな反応。
H002149,C00920,2026-02-23,来店,ファンドラップ,再訪問予定,E036,ファンドラップを提案。前向きな反応。
H002150,C00921,2026-06-04,オンライン面談,国内債券,成約,E025,国内債券を提案。前向きな反応。
H002151,C00921,2025-10-16,電話,外国債券,見送り,E025,外国債券を提案。反応は限定的。
H002152,C00921,2026-01-12,メール,国内債券,見送り,E025,国内債券を提案。反応は限定的。
H002153,C00921,2026-05-25,来店,国内債券,検討中,E025,国内債券を提案。前向きな反応。
H002154,C00921,2025-08-10,メール,投資信託,情報提供のみ,E025,投資信託を提案。前向きな反応。
H002155,C00922,2026-02-27,メール,外貨預金,再訪問予定,E079,外貨預金を提案。前向きな反応。
H002156,C00922,2025-06-28,訪問,相続コンサル,見送り,E079,相続コンサルを提案。反応は限定的。
H002157,C00922,2026-01-29,訪問,外国債券,情報提供のみ,E079,外国債券を提案。前向きな反応。
H002158,C00923,2025-12-07,メール,国内債券,検討中,E075,国内債券を提案。前向きな反応。
H002159,C00924,2026-01-20,訪問,ファンドラップ,検討中,E008,ファンドラップを提案。前向きな反応。
H002160,C00924,2025-01-08,来店,国内債券,情報提供のみ,E008,国内債券を提案。前向きな反応。
H002161,C00924,2026-01-16,メール,国内債券,検討中,E008,国内債券を提案。前向きな反応。
H002162,C00924,2025-03-03,訪問,ファンドラップ,情報提供のみ,E008,ファンドラップを提案。前向きな反応。
H002163,C00926,2026-06-30,電話,相続コンサル,情報提供のみ,E028,相続コンサルを提案。前向きな反応。
H002164,C00927,2026-02-18,メール,外国債券,再訪問予定,E076,外国債券を提案。前向きな反応。
H002165,C00927,2025-01-29,メール,国内債券,検討中,E076,国内債券を提案。前向きな反応。
H002166,C00928,2025-03-25,メール,一時払い保険,見送り,E063,一時払い保険を提案。反応は限定的。
H002167,C00928,2024-06-11,オンライン面談,国内債券,検討中,E063,国内債券を提案。前向きな反応。
H002168,C00929,2025-11-21,オンライン面談,投資信託,検討中,E048,投資信託を提案。前向きな反応。
H002169,C00930,2025-08-25,来店,国内債券,再訪問予定,E042,国内債券を提案。前向きな反応。
H002170,C00931,2024-12-05,来店,相続コンサル,成約,E012,相続コンサルを提案。前向きな反応。
H002171,C00931,2024-03-28,訪問,一時払い保険,情報提供のみ,E012,一時払い保険を提案。前向きな反応。
H002172,C00931,2023-12-15,電話,国内債券,見送り,E012,国内債券を提案。反応は限定的。
H002173,C00932,2026-05-10,メール,国内債券,再訪問予定,E033,国内債券を提案。前向きな反応。
H002174,C00932,2026-01-07,来店,相続コンサル,見送り,E033,相続コンサルを提案。反応は限定的。
H002175,C00932,2025-08-14,訪問,外貨預金,見送り,E033,外貨預金を提案。反応は限定的。
H002176,C00932,2025-04-19,来店,外貨預金,再訪問予定,E033,外貨預金を提案。前向きな反応。
H002177,C00932,2026-04-12,電話,相続コンサル,再訪問予定,E033,相続コンサルを提案。前向きな反応。
H002178,C00933,2026-02-16,訪問,NISA,見送り,E005,NISAを提案。反応は限定的。
H002179,C00933,2025-08-30,オンライン面談,一時払い保険,検討中,E005,一時払い保険を提案。前向きな反応。
H002180,C00933,2025-07-16,電話,国内債券,成約,E005,国内債券を提案。前向きな反応。
H002181,C00933,2025-09-27,電話,外国債券,成約,E005,外国債券を提案。前向きな反応。
H002182,C00934,2025-07-16,訪問,国内債券,検討中,E060,国内債券を提案。前向きな反応。
H002183,C00934,2025-02-27,来店,外国債券,検討中,E060,外国債券を提案。前向きな反応。
H002184,C00936,2026-04-09,メール,ファンドラップ,情報提供のみ,E073,ファンドラップを提案。前向きな反応。
H002185,C00936,2026-02-14,電話,一時払い保険,検討中,E073,一時払い保険を提案。前向きな反応。
H002186,C00936,2026-03-21,来店,ファンドラップ,成約,E073,ファンドラップを提案。前向きな反応。
H002187,C00936,2025-06-07,訪問,NISA,検討中,E073,NISAを提案。前向きな反応。
H002188,C00936,2025-12-24,オンライン面談,外貨預金,検討中,E073,外貨預金を提案。前向きな反応。
H002189,C00938,2026-04-28,来店,一時払い保険,成約,E026,一時払い保険を提案。前向きな反応。
H002190,C00938,2025-03-29,メール,ファンドラップ,見送り,E026,ファンドラップを提案。反応は限定的。
H002191,C00938,2025-04-16,訪問,投資信託,見送り,E026,投資信託を提案。反応は限定的。
H002192,C00939,2025-08-26,訪問,NISA,情報提供のみ,E026,NISAを提案。前向きな反応。
H002193,C00939,2024-11-03,オンライン面談,相続コンサル,成約,E026,相続コンサルを提案。前向きな反応。
H002194,C00939,2025-04-06,来店,外国債券,再訪問予定,E026,外国債券を提案。前向きな反応。
H002195,C00940,2025-12-13,電話,NISA,見送り,E062,NISAを提案。反応は限定的。
H002196,C00940,2024-11-19,来店,ファンドラップ,検討中,E062,ファンドラップを提案。前向きな反応。
H002197,C00940,2025-11-11,来店,一時払い保険,成約,E062,一時払い保険を提案。前向きな反応。
H002198,C00941,2025-12-20,電話,ファンドラップ,検討中,E019,ファンドラップを提案。前向きな反応。
H002199,C00941,2025-04-20,電話,国内債券,検討中,E019,国内債券を提案。前向きな反応。
H002200,C00941,2025-08-27,訪問,投資信託,再訪問予定,E019,投資信託を提案。前向きな反応。
H002201,C00941,2025-09-19,訪問,外国債券,見送り,E019,外国債券を提案。反応は限定的。
H002202,C00942,2026-05-22,訪問,国内債券,再訪問予定,E048,国内債券を提案。前向きな反応。
H002203,C00942,2025-08-27,電話,投資信託,検討中,E048,投資信託を提案。前向きな反応。
H002204,C00942,2026-01-17,電話,一時払い保険,検討中,E048,一時払い保険を提案。前向きな反応。
H002205,C00942,2025-12-16,来店,国内債券,情報提供のみ,E048,国内債券を提案。前向きな反応。
H002206,C00942,2026-04-01,訪問,外貨預金,検討中,E048,外貨預金を提案。前向きな反応。
H002207,C00943,2025-07-24,オンライン面談,外貨預金,成約,E078,外貨預金を提案。前向きな反応。
H002208,C00943,2024-08-16,来店,外国債券,再訪問予定,E078,外国債券を提案。前向きな反応。
H002209,C00944,2025-07-27,訪問,投資信託,再訪問予定,E032,投資信託を提案。前向きな反応。
H002210,C00945,2026-01-05,メール,NISA,再訪問予定,E030,NISAを提案。前向きな反応。
H002211,C00945,2025-11-20,来店,ファンドラップ,見送り,E030,ファンドラップを提案。反応は限定的。
H002212,C00946,2026-01-16,訪問,投資信託,見送り,E067,投資信託を提案。反応は限定的。
H002213,C00946,2025-03-28,訪問,国内債券,検討中,E067,国内債券を提案。前向きな反応。
H002214,C00947,2026-05-11,オンライン面談,国内債券,情報提供のみ,E038,国内債券を提案。前向きな反応。
H002215,C00947,2025-09-14,来店,NISA,検討中,E038,NISAを提案。前向きな反応。
H002216,C00948,2026-06-10,訪問,NISA,情報提供のみ,E061,NISAを提案。前向きな反応。
H002217,C00948,2025-06-25,オンライン面談,投資信託,見送り,E061,投資信託を提案。反応は限定的。
H002218,C00948,2026-03-11,メール,国内債券,再訪問予定,E061,国内債券を提案。前向きな反応。
H002219,C00948,2025-05-07,来店,投資信託,見送り,E061,投資信託を提案。反応は限定的。
H002220,C00948,2025-12-30,メール,NISA,見送り,E061,NISAを提案。反応は限定的。
H002221,C00949,2025-01-12,オンライン面談,外国債券,成約,E013,外国債券を提案。前向きな反応。
H002222,C00950,2026-04-16,メール,ファンドラップ,再訪問予定,E081,ファンドラップを提案。前向きな反応。
H002223,C00951,2025-10-23,メール,外国債券,再訪問予定,E013,外国債券を提案。前向きな反応。
H002224,C00951,2025-01-05,訪問,一時払い保険,成約,E013,一時払い保険を提案。前向きな反応。
H002225,C00951,2025-04-10,来店,外貨預金,成約,E013,外貨預金を提案。前向きな反応。
H002226,C00952,2025-03-16,オンライン面談,一時払い保険,見送り,E004,一時払い保険を提案。反応は限定的。
H002227,C00954,2026-03-14,電話,外貨預金,見送り,E015,外貨預金を提案。反応は限定的。
H002228,C00955,2026-03-20,来店,ファンドラップ,検討中,E010,ファンドラップを提案。前向きな反応。
H002229,C00956,2025-11-28,電話,外貨預金,検討中,E037,外貨預金を提案。前向きな反応。
H002230,C00957,2026-03-17,オンライン面談,一時払い保険,情報提供のみ,E013,一時払い保険を提案。前向きな反応。
H002231,C00958,2025-10-16,メール,NISA,検討中,E010,NISAを提案。前向きな反応。
H002232,C00958,2024-10-04,オンライン面談,ファンドラップ,見送り,E010,ファンドラップを提案。反応は限定的。
H002233,C00959,2026-04-09,来店,ファンドラップ,再訪問予定,E067,ファンドラップを提案。前向きな反応。
H002234,C00959,2025-10-06,訪問,外国債券,検討中,E067,外国債券を提案。前向きな反応。
H002235,C00959,2025-04-02,オンライン面談,外国債券,検討中,E067,外国債券を提案。前向きな反応。
H002236,C00959,2025-05-27,電話,NISA,検討中,E067,NISAを提案。前向きな反応。
H002237,C00960,2026-04-02,電話,NISA,再訪問予定,E036,NISAを提案。前向きな反応。
H002238,C00960,2026-03-22,オンライン面談,NISA,成約,E036,NISAを提案。前向きな反応。
H002239,C00960,2025-03-10,オンライン面談,NISA,見送り,E036,NISAを提案。反応は限定的。
H002240,C00961,2024-11-25,来店,一時払い保険,見送り,E068,一時払い保険を提案。反応は限定的。
H002241,C00961,2024-01-21,メール,外貨預金,見送り,E068,外貨預金を提案。反応は限定的。
H002242,C00962,2025-10-14,来店,相続コンサル,検討中,E037,相続コンサルを提案。前向きな反応。
H002243,C00962,2025-09-22,訪問,相続コンサル,成約,E037,相続コンサルを提案。前向きな反応。
H002244,C00963,2025-05-08,電話,投資信託,成約,E066,投資信託を提案。前向きな反応。
H002245,C00963,2024-07-09,オンライン面談,NISA,見送り,E066,NISAを提案。反応は限定的。
H002246,C00963,2024-07-31,オンライン面談,相続コンサル,検討中,E066,相続コンサルを提案。前向きな反応。
H002247,C00964,2025-09-07,オンライン面談,ファンドラップ,再訪問予定,E039,ファンドラップを提案。前向きな反応。
H002248,C00964,2024-12-17,メール,ファンドラップ,見送り,E039,ファンドラップを提案。反応は限定的。
H002249,C00965,2025-03-24,オンライン面談,外貨預金,見送り,E011,外貨預金を提案。反応は限定的。
H002250,C00965,2024-08-27,来店,相続コンサル,再訪問予定,E011,相続コンサルを提案。前向きな反応。
H002251,C00965,2024-04-30,来店,ファンドラップ,見送り,E011,ファンドラップを提案。反応は限定的。
H002252,C00966,2024-11-23,訪問,相続コンサル,情報提供のみ,E011,相続コンサルを提案。前向きな反応。
H002253,C00968,2025-11-22,訪問,相続コンサル,成約,E073,相続コンサルを提案。前向きな反応。
H002254,C00969,2025-12-15,訪問,ファンドラップ,検討中,E059,ファンドラップを提案。前向きな反応。
H002255,C00969,2025-07-02,来店,NISA,成約,E059,NISAを提案。前向きな反応。
H002256,C00969,2024-12-08,オンライン面談,ファンドラップ,情報提供のみ,E059,ファンドラップを提案。前向きな反応。
H002257,C00970,2025-12-12,メール,相続コンサル,見送り,E008,相続コンサルを提案。反応は限定的。
H002258,C00970,2025-08-01,オンライン面談,外国債券,検討中,E008,外国債券を提案。前向きな反応。
H002259,C00970,2024-12-22,電話,NISA,見送り,E008,NISAを提案。反応は限定的。
H002260,C00971,2026-01-07,オンライン面談,NISA,成約,E034,NISAを提案。前向きな反応。
H002261,C00971,2025-08-18,訪問,投資信託,見送り,E034,投資信託を提案。反応は限定的。
H002262,C00971,2024-12-03,メール,ファンドラップ,情報提供のみ,E034,ファンドラップを提案。前向きな反応。
H002263,C00971,2025-03-18,電話,相続コンサル,検討中,E034,相続コンサルを提案。前向きな反応。
H002264,C00971,2025-12-15,電話,外貨預金,情報提供のみ,E034,外貨預金を提案。前向きな反応。
H002265,C00972,2026-01-07,来店,相続コンサル,再訪問予定,E005,相続コンサルを提案。前向きな反応。
H002266,C00972,2025-04-08,オンライン面談,外国債券,情報提供のみ,E005,外国債券を提案。前向きな反応。
H002267,C00972,2025-05-24,来店,外貨預金,情報提供のみ,E005,外貨預金を提案。前向きな反応。
H002268,C00972,2025-11-02,訪問,投資信託,情報提供のみ,E005,投資信託を提案。前向きな反応。
H002269,C00973,2024-11-17,電話,NISA,情報提供のみ,E005,NISAを提案。前向きな反応。
H002270,C00973,2024-03-11,メール,外国債券,情報提供のみ,E005,外国債券を提案。前向きな反応。
H002271,C00973,2024-06-16,オンライン面談,国内債券,見送り,E005,国内債券を提案。反応は限定的。
H002272,C00974,2025-11-26,訪問,一時払い保険,再訪問予定,E004,一時払い保険を提案。前向きな反応。
H002273,C00975,2025-11-04,来店,ファンドラップ,成約,E012,ファンドラップを提案。前向きな反応。
H002274,C00975,2025-02-15,訪問,一時払い保険,成約,E012,一時払い保険を提案。前向きな反応。
H002275,C00975,2025-09-22,来店,国内債券,情報提供のみ,E012,国内債券を提案。前向きな反応。
H002276,C00976,2026-01-05,オンライン面談,ファンドラップ,見送り,E072,ファンドラップを提案。反応は限定的。
H002277,C00977,2024-09-22,オンライン面談,一時払い保険,成約,E066,一時払い保険を提案。前向きな反応。
H002278,C00978,2025-09-22,オンライン面談,NISA,成約,E074,NISAを提案。前向きな反応。
H002279,C00978,2024-09-25,メール,相続コンサル,検討中,E074,相続コンサルを提案。前向きな反応。
H002280,C00979,2025-01-07,メール,投資信託,情報提供のみ,E035,投資信託を提案。前向きな反応。
H002281,C00979,2024-06-23,訪問,ファンドラップ,検討中,E035,ファンドラップを提案。前向きな反応。
H002282,C00980,2025-07-31,メール,一時払い保険,検討中,E073,一時払い保険を提案。前向きな反応。
H002283,C00981,2026-03-26,電話,外貨預金,検討中,E048,外貨預金を提案。前向きな反応。
H002284,C00981,2025-02-20,オンライン面談,ファンドラップ,再訪問予定,E048,ファンドラップを提案。前向きな反応。
H002285,C00981,2025-03-24,電話,一時払い保険,成約,E048,一時払い保険を提案。前向きな反応。
H002286,C00981,2026-02-18,電話,一時払い保険,成約,E048,一時払い保険を提案。前向きな反応。
H002287,C00981,2025-08-13,メール,国内債券,検討中,E048,国内債券を提案。前向きな反応。
H002288,C00982,2026-07-24,メール,一時払い保険,情報提供のみ,E051,一時払い保険を提案。前向きな反応。
H002289,C00982,2025-12-08,訪問,外貨預金,情報提供のみ,E051,外貨預金を提案。前向きな反応。
H002290,C00982,2025-11-30,メール,ファンドラップ,成約,E051,ファンドラップを提案。前向きな反応。
H002291,C00982,2025-12-25,電話,ファンドラップ,成約,E051,ファンドラップを提案。前向きな反応。
H002292,C00982,2026-01-05,メール,NISA,再訪問予定,E051,NISAを提案。前向きな反応。
H002293,C00983,2025-03-22,オンライン面談,相続コンサル,情報提供のみ,E002,相続コンサルを提案。前向きな反応。
H002294,C00983,2024-11-07,メール,NISA,見送り,E002,NISAを提案。反応は限定的。
H002295,C00983,2024-04-06,訪問,一時払い保険,情報提供のみ,E002,一時払い保険を提案。前向きな反応。
H002296,C00984,2025-08-18,訪問,外国債券,見送り,E006,外国債券を提案。反応は限定的。
H002297,C00984,2025-05-13,メール,相続コンサル,再訪問予定,E006,相続コンサルを提案。前向きな反応。
H002298,C00984,2025-08-04,電話,相続コンサル,検討中,E006,相続コンサルを提案。前向きな反応。
H002299,C00984,2025-01-16,オンライン面談,相続コンサル,検討中,E006,相続コンサルを提案。前向きな反応。
H002300,C00985,2026-06-02,来店,相続コンサル,検討中,E013,相続コンサルを提案。前向きな反応。
H002301,C00985,2025-12-03,来店,外貨預金,見送り,E013,外貨預金を提案。反応は限定的。
H002302,C00986,2025-10-20,訪問,国内債券,成約,E011,国内債券を提案。前向きな反応。
H002303,C00986,2024-09-29,メール,一時払い保険,見送り,E011,一時払い保険を提案。反応は限定的。
H002304,C00987,2025-12-31,オンライン面談,投資信託,情報提供のみ,E012,投資信託を提案。前向きな反応。
H002305,C00988,2025-08-15,来店,外貨預金,再訪問予定,E018,外貨預金を提案。前向きな反応。
H002306,C00988,2025-01-18,訪問,ファンドラップ,検討中,E018,ファンドラップを提案。前向きな反応。
H002307,C00988,2024-11-29,電話,一時払い保険,再訪問予定,E018,一時払い保険を提案。前向きな反応。
H002308,C00988,2024-08-11,訪問,NISA,成約,E018,NISAを提案。前向きな反応。
H002309,C00988,2025-02-26,メール,NISA,成約,E018,NISAを提案。前向きな反応。
H002310,C00989,2024-10-20,電話,外国債券,情報提供のみ,E039,外国債券を提案。前向きな反応。
H002311,C00990,2026-08-01,来店,投資信託,検討中,E077,投資信託を提案。前向きな反応。
H002312,C00990,2026-07-18,オンライン面談,国内債券,成約,E077,国内債券を提案。前向きな反応。
H002313,C00990,2025-07-21,電話,外貨預金,見送り,E077,外貨預金を提案。反応は限定的。
H002314,C00991,2026-02-13,メール,国内債券,成約,E037,国内債券を提案。前向きな反応。
H002315,C00991,2025-02-26,オンライン面談,ファンドラップ,情報提供のみ,E037,ファンドラップを提案。前向きな反応。
H002316,C00991,2026-01-03,来店,国内債券,再訪問予定,E037,国内債券を提案。前向きな反応。
H002317,C00991,2025-09-04,オンライン面談,一時払い保険,再訪問予定,E037,一時払い保険を提案。前向きな反応。
H002318,C00991,2025-06-29,訪問,ファンドラップ,検討中,E037,ファンドラップを提案。前向きな反応。
H002319,C00992,2025-08-09,訪問,相続コンサル,検討中,E001,相続コンサルを提案。前向きな反応。
H002320,C00992,2025-06-23,オンライン面談,ファンドラップ,見送り,E001,ファンドラップを提案。反応は限定的。
H002321,C00993,2026-08-17,訪問,相続コンサル,再訪問予定,E074,相続コンサルを提案。前向きな反応。
H002322,C00993,2026-01-19,メール,ファンドラップ,見送り,E074,ファンドラップを提案。反応は限定的。
H002323,C00993,2026-06-03,オンライン面談,投資信託,再訪問予定,E074,投資信託を提案。前向きな反応。
H002324,C00993,2025-08-18,電話,NISA,検討中,E074,NISAを提案。前向きな反応。
H002325,C00993,2025-10-14,オンライン面談,NISA,成約,E074,NISAを提案。前向きな反応。
H002326,C00994,2025-10-05,来店,外貨預金,再訪問予定,E041,外貨預金を提案。前向きな反応。
H002327,C00994,2024-10-11,電話,一時払い保険,成約,E041,一時払い保険を提案。前向きな反応。
H002328,C00994,2025-07-05,オンライン面談,外国債券,検討中,E041,外国債券を提案。前向きな反応。
H002329,C00994,2025-05-12,来店,NISA,検討中,E041,NISAを提案。前向きな反応。
H002330,C00994,2025-02-01,電話,ファンドラップ,成約,E041,ファンドラップを提案。前向きな反応。
H002331,C00995,2026-07-14,訪問,投資信託,検討中,E040,投資信託を提案。前向きな反応。
H002332,C00996,2026-07-03,オンライン面談,ファンドラップ,検討中,E081,ファンドラップを提案。前向きな反応。
H002333,C00997,2025-12-12,訪問,相続コンサル,情報提供のみ,E038,相続コンサルを提案。前向きな反応。
H002334,C00997,2025-08-25,オンライン面談,国内債券,検討中,E038,国内債券を提案。前向きな反応。
H002335,C00998,2025-08-03,オンライン面談,NISA,成約,E025,NISAを提案。前向きな反応。
H002336,C00998,2024-12-13,訪問,外貨預金,再訪問予定,E025,外貨預金を提案。前向きな反応。
H002337,C00998,2025-08-02,電話,NISA,見送り,E025,NISAを提案。反応は限定的。
H002338,C00998,2025-03-12,来店,投資信託,情報提供のみ,E025,投資信託を提案。前向きな反応。
H002339,C00998,2024-07-17,電話,一時払い保険,再訪問予定,E025,一時払い保険を提案。前向きな反応。
H002340,C00999,2025-03-06,電話,NISA,情報提供のみ,E041,NISAを提案。前向きな反応。
H002341,C00999,2024-06-04,メール,ファンドラップ,見送り,E041,ファンドラップを提案。反応は限定的。
H002342,C01000,2025-05-30,訪問,国内債券,検討中,E019,国内債券を提案。前向きな反応。
H002343,C01000,2025-02-15,訪問,国内債券,見送り,E019,国内債券を提案。反応は限定的。
