customer_id,name,kana,birth_date,gender,age,occupation,income_band,segment,zip_code,address,phone,my_number,deposit_balance_manyen,managed_asset_manyen,branch_id,employee_id,account_open_date
C00001,吉田 裕太,タカハシ ナナミ,1956-02-07,男性,70,年金生活者,3000万以上,マスリテール,059-9489,茨城県古河市竜泉2-16,0285-78-3340,251461507038,563,0,B06,E023,2006-03-22
C00002,佐藤 裕美子,ヤマグチ モモコ,1953-01-10,女性,73,経営者,3000万以上,準富裕層,983-8320,栃木県小山市方京5-16,029-26-2796,787851215839,2157,0,B10,E039,2022-01-10
C00003,林 千代,スズキ ユミコ,1957-07-22,女性,69,不動産賃貸業,3000万以上,準富裕層,608-0651,栃木県足利市方京5-9,0288-63-2827,578001943304,,512,B12,E049,2013-05-21
C00004,福田 知実,イトウ マアヤ,1951-09-04,女性,75,農業,300-500万,マス,660-4915,茨城県古河市池之端2-18,0288-87-1009,454759765684,302,276,B07,E030,2011-04-29
C00005,佐藤 陽子,スズキ シュウヘイ,1970-10-19,女性,55,税理士,1000-1500万,準富裕層,135-5718,茨城県筑西市東大和町2-9,0283-97-7932,336070141120,2467,1442,B01,E005,2022-08-02
C00006,渡辺 智也,サイトウ リカ,1971-12-23,男性,54,経営者,1000-1500万,富裕層,683-9086,栃木県足利市九段南3-1,0283-90-4770,343045499634,4608,5756,B11,E043,2023-08-20
C00007,福田 京助,スズキ カナ,1982-11-11,男性,43,弁護士,3000万以上,マス,159-4462,茨城県石岡市脚折町5-16,0280-80-7669,203897019487,185,80,B01,E001,2017-02-04
C00008,田中 里佳,ヤマグチ ナオコ,1991-03-03,女性,35,公務員,1500-3000万,マスリテール,866-0832,栃木県栃木市前弥六南町2-7,0283-77-3296,299380463457,630,234,B10,E040,2017-09-07
C00009,佐藤 太一,ヤマザキ ジュン,1953-03-29,男性,73,自営業,500-800万,マスリテール,452-9038,茨城県鹿嶋市津久戸町2-13,029-41-7209,389439657508,259,417,B08,E073,2016-03-20
C00010,鈴木 くみ子,ムラカミ ヒロシ,1973-03-06,女性,53,歯科医師,1500-3000万,富裕層,440-2088,茨城県筑西市長畑2-2,0283-30-4044,753129325865,6959,668,B03,E009,2011-03-02
C00011,青木 修平,モリ タロウ,1984-10-13,男性,41,公務員,500-800万,マス,905-6658,栃木県佐野市渡辺2-11,0280-53-7484,835001525541,723,185,B10,E075,2023-07-07
C00012,遠藤 さゆり,サトウ ハナコ,1984-11-24,女性,41,医師,1500-3000万,マス,421-4065,茨城県ひたちなか市太田ヶ谷5-17,029-90-5905,829851334750,214,99,B04,E014,2008-03-08
C00013,小林 篤司,イトウ ミカコ,1962-10-31,男性,63,税理士,500-800万,マス,840-3728,栃木県佐野市外国府間5-16,0282-26-2512,566580698915,198,0,B15,E060,2005-06-22
C00014,加藤 直子,フジワラ ジュン,1962-11-28,女性,63,歯科医師,500-800万,準富裕層,521-6548,茨城県つくば市元浅草5-2,0288-67-3426,239284873367,2110,0,B01,E001,2011-08-16
C00015,鈴木 淳,ハヤシ ジュン,1946-12-14,男性,79,会社員,3000万以上,マス,610-7119,茨城県つくば市丸の内ＪＰタワー2-6,0288-42-7755,293379984954,479,213,B04,E016,2019-07-28
C00016,吉田 桃子,コバヤシ ヒロシ,1954-09-11,女性,71,年金生活者,1500-3000万,マスリテール,045-7144,栃木県真岡市丹勢3-10,0288-49-4652,821656143707,1006,487,B11,E044,2015-05-26
C00017,小林 香織,シミズ カナ,1981-09-15,女性,44,医師,300万未満,マスリテール,307-8308,茨城県ひたちなか市猿楽町2-19,0282-24-2776,579303623884,539,518,B06,E024,2018-05-03
C00018,加藤 七夏,タナカ ミノル,1992-12-15,女性,33,公務員,500-800万,マスリテール,693-2851,栃木県日光市皇居外苑5-7,0282-75-2146,834219825197,1068,0,B10,E040,2013-02-13
C00019,山本 修平,ゴトウ ヨウコ,1978-05-22,男性,48,経営者,1500-3000万,富裕層,476-7238,栃木県日光市戸山2-7,0285-68-3851,725413874351,6111,0,B09,E036,2018-07-06
C00020,小川 陽一,アベ ソウタロウ,1971-04-15,男性,55,税理士,1000-1500万,マスリテール,648-5491,茨城県筑西市前弥六南町4-6,0287-30-5649,828063322537,219,191,B06,E071,2021-05-14
C00021,森 翔太,タカハシ アツシ,1957-06-27,男性,69,弁護士,300万未満,マスリテール,486-1193,栃木県真岡市浅草橋5-3,0285-73-4185,867589450881,301,0,B09,E037,2013-04-16
C00022,山下 拓真,カトウ クミコ,1978-06-16,男性,48,歯科医師,800-1000万,マスリテール,005-1746,茨城県日立市箪笥町4-5,0288-79-9702,718423289092,,434,B08,E033,2009-05-18
C00023,佐藤 千代,ヤマダ ヨウイチ,1968-09-11,女性,57,不動産賃貸業,1500-3000万,マスリテール,543-9157,栃木県真岡市西神田3-8,0288-55-9540,789276095704,1258,259,B15,E059,2024-01-01
C00024,斎藤 裕太,ムラカミ ユイ,1967-09-28,男性,58,経営者,800-1000万,超富裕層,162-7777,茨城県取手市浅草4-11,0283-79-7812,323605728604,10645,5083,B03,E012,2010-03-09
C00025,近藤 淳,シミズ ナオコ,1967-06-07,男性,59,不動産賃貸業,1000-1500万,富裕層,730-4681,茨城県取手市戸島5-18,0288-97-4613,342615098233,4249,0,B06,E024,2010-06-08
C00026,坂本 治,タカハシ タクマ,1980-05-22,男性,46,公務員,1000-1500万,マスリテール,723-3505,茨城県日立市東三島4-5,0288-79-3977,383683812395,1434,927,B07,E030,2013-04-19
C00027,井上 舞,タナカ ツバサ,1964-11-11,女性,61,会社員,300-500万,マスリテール,788-9569,茨城県水戸市土沢5-2,0282-48-2124,145748937891,1004,477,B04,E014,2022-02-18
C00028,佐々木 太郎,マエダ マイ,1972-06-12,男性,54,会社役員,1000-1500万,マスリテール,752-8947,栃木県那須塩原市神明内2-20,0283-34-3683,443445860556,497,308,B15,E058,2014-10-07
C00029,吉田 明美,ナカムラ マアヤ,1981-12-06,女性,44,不動産賃貸業,1500-3000万,マスリテール,860-7657,栃木県栃木市山中新田1-10,0288-96-2983,961424120992,1225,115,B09,E034,2024-08-12
C00030,青木 裕美子,スズキ ツバサ,1951-12-03,女性,74,年金生活者,1500-3000万,マスリテール,472-2977,茨城県鹿嶋市中三依2-14,0280-86-5425,987408586371,340,247,B05,E021,2010-03-16
C00031,田中 花子,マエダ マアヤ,1959-03-11,女性,67,公務員,3000万以上,マスリテール,974-6906,栃木県佐野市花島4-8,0288-79-7209,131509583569,786,0,B11,E046,2021-09-12
C00032,佐藤 英樹,ナカガワ タロウ,1956-06-07,男性,70,自営業,800-1000万,マス,070-0659,栃木県佐野市轟5-1,0283-44-2402,891310598800,253,0,B13,E078,2023-12-28
C00033,村上 学,イトウ ナオキ,1979-02-21,男性,47,経営者,1000-1500万,マスリテール,577-3571,茨城県ひたちなか市入谷5-12,0285-90-9698,565332894722,895,149,B08,E033,2018-12-27
C00034,高橋 陽子,ゴトウ ケンイチ,1994-03-13,女性,32,税理士,300-500万,マスリテール,110-9481,茨城県筑西市独鈷沢2-7,0280-81-5530,747357163267,549,0,B05,E021,2023-07-30
C00035,加藤 裕樹,スズキ ユウキ,1987-05-11,男性,39,弁護士,800-1000万,マスリテール,248-1669,栃木県佐野市皇居外苑1-2,0283-57-3068,640104129762,526,0,B09,E034,2022-01-02
C00036,小川 裕美子,ナカムラ ツバサ,1978-09-26,女性,47,自営業,3000万以上,マスリテール,070-8289,栃木県真岡市丸の内1-3,0285-82-2213,793968021638,657,0,B13,E051,2005-04-03
C00037,長谷川 加奈,フジワラ リカ,1990-06-20,女性,36,医師,800-1000万,マス,470-2506,茨城県鹿嶋市戸塚町4-10,0288-95-8025,724081856069,463,0,B02,E006,2008-07-10
C00038,清水 零,ヤマダ ユミコ,1958-09-08,男性,67,弁護士,300-500万,マスリテール,872-4022,栃木県足利市前弥六2-1,0285-77-8699,135610687504,337,0,B09,E035,2010-07-31
C00039,伊藤 美加子,ナカムラ ミキ,1988-05-24,女性,38,経営者,3000万以上,富裕層,186-7988,茨城県石岡市下宇和田2-14,029-89-4683,265990327202,3713,0,B03,E011,2012-02-05
C00040,中村 涼平,イノウエ モモコ,1993-05-07,男性,33,会社役員,800-1000万,マス,087-3954,栃木県佐野市虎ノ門4-9,0283-89-9090,187779505945,557,295,B12,E048,2014-10-09
C00041,池田 里佳,ヤマダ アケミ,1949-09-29,女性,76,不動産賃貸業,1500-3000万,富裕層,226-6625,栃木県小山市長間4-17,0287-76-5557,579255341440,17524,5967,B14,E057,2011-02-15
C00042,山田 桃子,ヨシダ ユイ,1961-11-13,女性,64,会社員,500-800万,マスリテール,719-7434,栃木県大田原市上広谷5-2,0285-31-6153,453271363074,453,143,B16,E061,2011-02-18
C00043,鈴木 知実,スズキ ユイ,1993-06-29,女性,33,農業,1000-1500万,マス,706-3033,栃木県真岡市上高野1-7,0282-90-3146,417516936790,403,66,B16,E064,2009-04-30
C00044,渡辺 裕美子,オカモト サトミ,1960-02-09,女性,66,医師,3000万以上,準富裕層,369-2939,栃木県足利市皇居外苑4-4,0287-39-9165,889984729564,1916,1071,B14,E056,2005-04-14
C00045,渡辺 あすか,ハシモト クミコ,1977-07-12,女性,49,公務員,1500-3000万,マスリテール,770-8042,栃木県佐野市南郷屋4-11,0288-84-5377,103524233168,,303,B09,E036,2022-06-15
C00046,山田 美加子,タナカ アスカ,1957-11-16,女性,68,歯科医師,1500-3000万,超富裕層,882-7827,栃木県真岡市睦3-7,0287-50-7274,554302504239,15777,0,B10,E038,2021-06-10
C00047,佐々木 裕美子,タカハシ ヨウイチ,1973-09-14,女性,52,経営者,300-500万,富裕層,311-1395,茨城県筑西市西関宿5-11,0288-32-8213,675953876146,4487,7535,B04,E069,2007-05-16
C00048,斎藤 陽一,フジタ タクマ,1967-12-22,男性,58,公務員,500-800万,マスリテール,453-4871,茨城県筑西市津久戸町4-11,0287-82-9864,778759018230,972,244,B01,E001,2011-02-09
C00049,斎藤 加奈,シミズ ジュン,1978-09-06,女性,47,弁護士,300-500万,マスリテール,160-3929,茨城県ひたちなか市大中1-2,0282-27-5806,509561481457,1488,0,B03,E012,2016-01-15
C00050,佐藤 美加子,ヤマモト チヨ,1959-09-10,女性,66,不動産賃貸業,1500-3000万,マスリテール,289-7438,茨城県石岡市蟇沼2-16,0283-38-4804,802060293051,947,0,B02,E008,2018-09-30
C00051,後藤 充,ヨシダ ヒデキ,1956-06-18,男性,70,自営業,800-1000万,マスリテール,152-4352,茨城県取手市湯本塩原3-15,0288-58-4263,525199071794,838,178,B08,E073,2006-06-06
C00052,小川 陽子,ヨシダ ミカコ,1980-02-14,女性,46,不動産賃貸業,1500-3000万,富裕層,716-6594,茨城県水戸市上広谷5-16,0288-56-4770,983075619976,7234,0,B01,E003,2015-01-04
C00053,吉田 学,サカモト ユウタ,1961-06-09,男性,65,不動産賃貸業,3000万以上,超富裕層,256-0423,茨城県水戸市前弥六南町3-15,029-94-6977,244879382019,25904,17898,B03,E009,2009-07-31
C00054,中川 直子,マエダ ケンイチ,1968-12-29,女性,57,経営者,3000万以上,富裕層,667-7245,栃木県小山市脚折3-16,0288-57-6549,228008204060,4354,8023,B14,E057,2008-08-18
C00055,山崎 直樹,ヤマダ ツバサ,1961-12-30,男性,64,弁護士,800-1000万,マスリテール,686-1713,栃木県真岡市氏家新田3-9,0283-68-7086,839199717879,403,0,B16,E062,2011-08-06
C00056,山本 真綾,ヤマダ タイチ,1957-11-14,女性,68,不動産賃貸業,500-800万,準富裕層,118-6622,茨城県水戸市花川戸1-10,0285-34-2592,248337633154,3538,1990,B08,E073,2021-07-01
C00057,阿部 結衣,カトウ サトミ,1971-06-10,女性,55,不動産賃貸業,1000-1500万,マスリテール,637-8167,茨城県土浦市戸山4-15,0280-66-2627,855832329275,1556,582,B07,E029,2020-03-13
C00058,渡辺 くみ子,ヨシダ ミキ,1951-03-12,女性,75,会社役員,3000万以上,超富裕層,996-9975,栃木県宇都宮市中川崎3-8,0280-92-4362,708876714629,9616,0,B09,E035,2019-03-13
C00059,井上 英樹,スズキ カナ,1968-07-13,男性,58,会社員,3000万以上,準富裕層,120-2522,栃木県小山市鳥越5-9,0288-42-2801,241844645681,4614,0,B09,E034,2023-08-27
C00060,山口 淳,ムラカミ ミキ,1957-06-06,男性,69,不動産賃貸業,500-800万,富裕層,564-2369,茨城県鹿嶋市芝公園3-17,0283-33-8405,342682139286,3451,0,B05,E021,2008-10-24
C00061,遠藤 直子,ナカムラ モモコ,1958-08-16,女性,68,自営業,300-500万,マスリテール,002-4634,茨城県日立市九段南3-20,0280-28-3067,784080984782,679,246,B01,E066,2021-09-30
C00062,遠藤 美加子,ナカムラ ユイ,1983-11-27,女性,42,公務員,1000-1500万,マスリテール,386-7460,栃木県栃木市隼町4-15,0280-72-6553,601769944847,734,942,B09,E037,2022-05-23
C00063,木村 翔太,サトウ ミキ,1980-12-18,男性,45,会社員,300-500万,マスリテール,830-6246,茨城県日立市芝公園1-14,029-67-3131,166814103555,564,429,B06,E026,2024-10-07
C00064,佐々木 あすか,ヤマグチ ヒロシ,1961-12-06,女性,64,年金生活者,300-500万,マス,102-7213,栃木県佐野市南赤田5-10,0282-33-9313,268417430757,163,39,B15,E080,2015-07-09
C00065,佐藤 京助,エンドウ クミコ,1948-10-25,男性,77,会社員,300万未満,マスリテール,800-4342,茨城県ひたちなか市平河町1-6,0282-59-6567,105802601424,433,410,B03,E010,2017-06-19
C00066,阿部 花子,ミウラ リカ,1981-08-26,女性,45,医師,500-800万,マス,777-7994,栃木県那須塩原市竜泉5-20,029-26-3549,929604758482,142,112,B13,E051,2005-09-20
C00067,伊藤 七夏,ナカジマ ツバサ,1994-11-22,女性,31,自営業,500-800万,マスリテール,778-1646,栃木県足利市戸山3-19,0285-87-6053,340713234664,,138,B10,E041,2008-04-30
C00068,青木 篤司,オガワ ナナミ,1963-04-13,男性,63,会社役員,1000-1500万,準富裕層,441-2385,栃木県那須塩原市長間1-1,0285-75-3878,517166676092,2014,0,B16,E065,2015-08-16
C00069,高橋 香織,シミズ チヨ,1970-05-19,女性,56,医師,1500-3000万,超富裕層,597-2344,栃木県大田原市天神島3-4,0285-22-6321,981206485371,31192,0,B10,E042,2014-03-23
C00070,山田 明美,アオキ ユイ,1953-01-21,女性,73,医師,1000-1500万,富裕層,452-5661,茨城県古河市九段南2-11,0288-41-2251,797977210972,8866,2517,B08,E031,2017-10-11
C00071,池田 智也,タナカ マアヤ,1988-07-08,男性,38,会社員,300-500万,マスリテール,109-3886,栃木県鹿沼市芝浦2-3,0280-83-8601,721715610769,2055,193,B09,E074,2016-06-09
C00072,中川 七夏,マツダ ミノル,1965-03-08,女性,61,年金生活者,300-500万,マスリテール,008-9272,茨城県筑西市中三依1-10,0285-77-1616,503971266742,651,0,B07,E029,2023-03-19
C00073,村上 涼平,フジタ チヨ,1975-12-17,男性,50,不動産賃貸業,3000万以上,準富裕層,360-3588,茨城県水戸市鍛冶ケ沢4-19,0287-44-6267,622289523089,2528,0,B01,E005,2017-06-01
C00074,清水 涼平,ヤマモト トモヤ,1946-09-14,男性,79,自営業,1500-3000万,マス,373-2153,茨城県取手市前弥六南町4-11,0287-96-1857,794879438508,341,147,B02,E008,2023-03-11
C00075,中島 健一,タカハシ ヒデキ,1989-09-11,男性,36,農業,1000-1500万,マスリテール,374-8697,茨城県つくば市西浅草5-3,0282-91-7171,970347176290,614,144,B01,E003,2023-04-09
C00076,渡辺 洋介,フジワラ ナナミ,1983-01-27,男性,43,年金生活者,3000万以上,マスリテール,346-1886,栃木県真岡市入谷2-8,0280-39-2264,210759132777,631,171,B12,E048,2024-04-03
C00077,前田 翔太,フジワラ ユイ,1963-08-27,男性,63,不動産賃貸業,1500-3000万,超富裕層,809-6464,栃木県宇都宮市東和町4-12,0287-50-8277,411860132678,10443,27955,B10,E075,2010-04-16
C00078,山田 稔,ハヤシ リカ,1992-12-13,男性,33,農業,3000万以上,マス,110-3830,栃木県真岡市上野公園4-10,0288-68-9239,561826923220,127,226,B11,E044,2005-07-02
C00079,藤井 翔太,ヤマザキ トモヤ,1991-05-18,男性,35,税理士,1000-1500万,マス,309-6689,栃木県佐野市睦4-17,0280-75-2502,998601810842,785,216,B12,E077,2007-10-18
C00080,山本 直樹,スズキ リョウヘイ,1972-05-31,男性,54,公務員,500-800万,マス,397-7432,栃木県足利市月島3-5,0280-24-5700,866533357163,260,62,B14,E055,2018-05-30
C00081,林 くみ子,アベ ミキ,1976-05-25,女性,50,自営業,300-500万,マスリテール,961-4583,栃木県佐野市土呂部2-10,029-26-4906,801882806220,196,499,B11,E047,2018-10-21
C00082,吉田 翔太,スズキ ハルカ,1972-10-07,男性,53,自営業,300万未満,マスリテール,660-5876,茨城県古河市日光2-19,0285-43-2402,174563225376,761,405,B07,E072,2012-12-18
C00083,藤原 亮介,スズキ サトミ,1977-09-22,男性,48,公務員,300-500万,マスリテール,611-0349,栃木県栃木市中三依1-19,0287-62-3185,486737476962,369,444,B09,E074,2020-09-25
C00084,岡本 陽一,スズキ ヤスヒロ,1973-04-06,男性,53,年金生活者,300-500万,マスリテール,600-3538,茨城県鹿嶋市天神島1-10,0280-25-4268,146754113706,1543,0,B05,E019,2011-07-28
C00085,後藤 陽子,ワタナベ キョウスケ,1995-05-12,女性,31,農業,500-800万,マスリテール,553-4106,栃木県宇都宮市大中3-9,029-67-8159,541906979680,296,0,B15,E080,2007-03-14
C00086,高橋 春香,ハヤシ アキラ,1953-11-20,女性,72,会社員,1000-1500万,マス,053-2076,栃木県足利市高田馬場4-20,0288-43-9937,453449035452,298,134,B14,E054,2015-07-10
C00087,佐々木 春香,ヤマダ ショウタ,1993-03-19,女性,33,税理士,1500-3000万,マスリテール,044-8543,茨城県古河市皇居外苑5-14,0282-27-2229,802962382098,,232,B01,E004,2014-02-28
C00088,佐藤 直樹,ヨシダ カナ,1970-01-01,男性,56,会社役員,1500-3000万,準富裕層,931-7267,茨城県古河市蟇沼4-19,029-97-3513,596837788361,6330,555,B05,E019,2022-12-26
C00089,斎藤 治,ワタナベ ミツル,1974-11-08,男性,51,不動産賃貸業,1500-3000万,準富裕層,729-5327,茨城県鹿嶋市芝浦5-13,0283-35-5288,386796288645,2607,712,B05,E070,2024-11-21
C00090,山田 陽子,スズキ カナ,1988-06-28,女性,38,経営者,300-500万,マスリテール,666-9033,茨城県鹿嶋市下吉羽1-11,0287-64-2063,695067706602,519,0,B07,E029,2013-08-08
C00091,加藤 洋介,カトウ カナ,1960-12-09,男性,65,経営者,500-800万,マスリテール,320-4176,栃木県小山市北青山2-16,029-66-7044,982475788471,1169,0,B14,E079,2024-01-27
C00092,鈴木 洋介,スズキ カズヤ,1982-12-21,男性,43,医師,800-1000万,マスリテール,381-2131,茨城県つくば市日光3-3,0285-79-9476,238918633188,514,233,B02,E007,2016-09-23
C00093,森 翼,エンドウ マイ,1989-04-09,男性,37,公務員,500-800万,マスリテール,738-0842,栃木県栃木市鶴ヶ丘3-17,0282-30-5105,796627812257,478,0,B11,E047,2017-01-03
C00094,鈴木 桃子,タカハシ ナオキ,1956-06-08,女性,70,不動産賃貸業,1500-3000万,準富裕層,110-5736,茨城県つくば市月島5-20,0282-92-1674,186021209147,946,0,B03,E009,2007-04-20
C00095,木村 舞,サイトウ ミノル,1987-04-20,女性,39,年金生活者,500-800万,マス,273-0474,栃木県佐野市柿木沢4-8,0288-71-5873,179257368565,444,119,B15,E058,2010-06-19
C00096,西村 春香,タナカ キョウスケ,1973-11-18,女性,52,自営業,1000-1500万,マスリテール,410-1140,茨城県古河市湯本塩原4-5,0288-67-9437,218376390592,367,0,B02,E008,2019-10-27
C00097,鈴木 直人,コバヤシ トモヤ,1962-05-21,男性,64,税理士,1000-1500万,富裕層,378-5105,茨城県石岡市東神田4-8,0288-40-6364,735370624829,4722,0,B03,E068,2020-07-15
C00098,斉藤 京助,マエダ アツシ,1979-05-16,男性,47,自営業,800-1000万,マスリテール,278-7259,茨城県土浦市箪笥町2-19,0282-26-1828,642374295556,553,124,B04,E069,2014-09-18
C00099,加藤 修平,ナカムラ カズヤ,1959-06-12,男性,67,医師,1000-1500万,超富裕層,694-9717,茨城県水戸市蔵前4-2,0283-91-4189,707147416489,9787,0,B03,E011,2015-07-16
C00100,佐藤 真綾,サトウ ソウタロウ,1993-03-17,女性,33,農業,300-500万,マスリテール,785-2248,茨城県石岡市平須賀5-13,0283-25-1742,250490989573,1468,312,B01,E066,2010-10-16
C00101,佐藤 舞,タカハシ ヒデキ,1980-11-19,女性,45,農業,800-1000万,マスリテール,512-9154,茨城県筑西市六番町5-16,0287-92-5911,995392845738,541,770,B04,E014,2006-06-11
C00102,吉田 智也,イシイ ヒロシ,1966-11-22,男性,59,公務員,3000万以上,マスリテール,414-6843,茨城県石岡市羽折町5-8,0287-26-8871,676257961395,1655,123,B05,E070,2007-04-22
C00103,藤原 さゆり,ムラカミ ハルカ,1949-06-30,女性,77,歯科医師,1000-1500万,準富裕層,864-1734,栃木県大田原市長間2-14,0283-98-8726,902024314077,1490,514,B10,E038,2013-09-18
C00104,松本 拓真,ナカジマ チヨ,1961-12-26,男性,64,農業,1500-3000万,富裕層,172-1251,栃木県佐野市橋場5-16,0280-51-5571,428814478413,5571,0,B10,E039,2017-08-31
C00105,青木 春香,イシカワ リカ,1986-07-25,女性,40,税理士,500-800万,マスリテール,241-1684,栃木県佐野市横林3-4,0283-89-7220,999342668835,298,0,B15,E060,2010-02-13
C00106,斎藤 康弘,タナカ ヤスヒロ,1977-01-09,男性,49,税理士,500-800万,マス,475-9236,栃木県佐野市秋葉原4-7,0280-88-5442,718187630594,158,0,B15,E060,2018-08-15
C00107,遠藤 充,タカハシ カオリ,1968-11-29,男性,57,弁護士,1000-1500万,マス,646-4961,茨城県日立市五味ヶ谷2-1,0283-40-7666,626029124512,409,48,B02,E007,2016-10-29
C00108,山口 七夏,ヤマダ アスカ,1963-10-21,女性,62,会社員,800-1000万,マスリテール,293-1257,栃木県日光市前弥六南町1-6,0285-42-1595,964993505193,2725,0,B11,E046,2017-04-20
C00109,山田 結衣,ヤマダ ヨウイチ,1974-02-25,女性,52,会社役員,1500-3000万,富裕層,192-5267,茨城県筑西市上野桜木4-5,0288-84-8668,311625223853,3882,1669,B03,E009,2015-01-10
C00110,山田 花子,ヤマグチ ケンイチ,1946-12-30,女性,79,年金生活者,800-1000万,マスリテール,724-7172,茨城県取手市富久町4-17,0282-31-7567,205953647125,574,108,B04,E015,2015-06-25
C00111,小林 七夏,カトウ ハナコ,1979-08-16,女性,47,会社員,800-1000万,マス,053-5482,栃木県鹿沼市東三島1-9,0287-66-4871,830411262281,151,79,B16,E061,2011-08-06
C00112,渡辺 裕太,ナカムラ ヒロシ,1978-11-04,男性,47,公務員,1500-3000万,マスリテール,938-5731,茨城県ひたちなか市猿楽町3-20,0280-48-3188,269557500167,,216,B08,E073,2024-05-09
C00113,高橋 香織,イノウエ リカ,1985-05-16,女性,41,公務員,500-800万,マスリテール,832-2093,栃木県鹿沼市松が谷1-17,0285-87-6927,222682170508,758,360,B10,E038,2006-11-14
C00114,山口 晃,ヤマモト サトミ,1962-06-05,男性,64,不動産賃貸業,800-1000万,マスリテール,784-7967,栃木県足利市上高野5-15,0288-27-8429,663207412387,447,156,B12,E077,2009-07-13
C00115,高橋 聡太郎,ヤマグチ ヒデキ,1987-08-03,男性,39,農業,500-800万,マスリテール,904-8626,茨城県水戸市中小来川2-19,029-25-7941,870278886192,867,0,B07,E027,2018-03-28
C00116,斎藤 京助,タナカ ユウキ,1984-04-28,男性,42,医師,3000万以上,富裕層,828-2712,栃木県大田原市富久町4-13,0285-30-9835,817830725289,3041,3246,B09,E036,2005-11-16
C00117,森 千代,サイトウ ミカコ,1956-12-07,女性,69,農業,300-500万,準富裕層,244-5070,茨城県ひたちなか市上野公園4-18,0285-88-7214,352644409339,3214,0,B01,E002,2023-01-29
C00118,小林 浩,ヤマダ ナナミ,1984-09-06,男性,41,税理士,300万未満,マス,514-8641,茨城県水戸市高田馬場4-15,0280-89-4559,163462710020,223,178,B08,E032,2024-04-28
C00119,小川 くみ子,サトウ ミキ,1989-07-30,女性,37,弁護士,1500-3000万,マスリテール,567-1680,栃木県日光市東浅草2-14,0282-55-1998,787946958681,816,462,B09,E037,2022-01-08
C00120,鈴木 健一,ヤマダ モモコ,1952-07-07,男性,74,会社員,500-800万,マスリテール,447-1502,栃木県小山市神明内3-13,0280-88-8758,427385361962,1390,0,B09,E035,2021-05-02
C00121,福田 翼,カトウ タロウ,1957-01-09,男性,69,農業,800-1000万,マスリテール,083-6142,栃木県真岡市外国府間3-3,0283-44-1844,513469894146,462,0,B12,E048,2005-07-25
C00122,村上 充,オガワ クミコ,1946-12-15,男性,79,不動産賃貸業,1500-3000万,マスリテール,939-7740,栃木県佐野市豊町1-7,0280-35-8846,370215467820,844,0,B13,E052,2020-03-05
C00123,山田 晃,サトウ シュウヘイ,1987-08-01,男性,39,農業,800-1000万,マスリテール,561-9975,茨城県鹿嶋市三筋4-4,0288-80-6246,327265319003,1025,222,B06,E024,2013-06-19
C00124,伊藤 和也,イトウ ミツル,1985-06-27,男性,41,不動産賃貸業,500-800万,マス,468-1029,茨城県石岡市無栗屋2-16,0283-63-5216,807482294267,334,88,B04,E069,2021-09-25
C00125,林 明美,ヤマシタ ソウタロウ,1966-11-21,女性,59,歯科医師,500-800万,準富裕層,629-5780,茨城県水戸市中川崎1-2,0288-20-7756,356111913411,3616,1151,B08,E031,2016-05-31
C00126,阿部 治,スズキ モモコ,1972-09-30,男性,53,弁護士,300万未満,マスリテール,805-8316,栃木県佐野市土沢5-10,029-84-8054,297180975168,672,299,B10,E038,2012-10-22
C00127,佐藤 拓真,ワタナベ アケミ,1963-03-18,男性,63,弁護士,3000万以上,マス,069-5649,栃木県真岡市中川崎5-8,0287-48-5914,189540907419,344,176,B15,E058,2019-08-29
C00128,藤田 花子,サトウ ヒデキ,1962-04-07,女性,64,公務員,3000万以上,マスリテール,658-2868,茨城県日立市今戸5-2,0280-47-8790,148408984648,661,363,B01,E001,2024-08-12
C00129,清水 くみ子,ヤマシタ トモヤ,1946-11-20,女性,79,農業,800-1000万,マスリテール,206-0717,栃木県大田原市木立5-11,0285-37-2284,918194675138,825,161,B10,E040,2022-09-18
C00130,福田 桃子,オカモト ユイ,1969-02-21,女性,57,弁護士,300-500万,準富裕層,037-3131,茨城県ひたちなか市鶴ヶ丘4-16,0280-65-7150,303718235716,1383,578,B01,E066,2012-02-21
C00131,遠藤 花子,タカハシ ハルカ,1967-04-14,女性,59,医師,1000-1500万,準富裕層,409-7204,栃木県大田原市芝公園2-13,0282-66-2745,104688044575,1980,0,B09,E036,2011-10-13
C00132,佐々木 幹,ニシムラ モモコ,1958-08-08,女性,68,医師,500-800万,準富裕層,084-6955,茨城県筑西市方京1-20,0283-61-7311,417880582454,,1016,B07,E030,2013-08-12
C00133,井上 太一,スズキ ミノル,1960-01-29,男性,66,経営者,800-1000万,マスリテール,456-9873,茨城県日立市津久戸町2-14,0282-73-5911,961073216850,754,150,B06,E022,2008-05-02
C00134,中村 篤司,サイトウ マイ,1959-01-01,男性,67,経営者,500-800万,マスリテール,810-0939,茨城県古河市二つ室4-11,0285-96-3230,453477677991,693,126,B05,E021,2018-06-04
C00135,小林 陽一,ミウラ キョウスケ,1988-04-12,男性,38,自営業,1000-1500万,マスリテール,694-7179,栃木県真岡市土呂部5-8,0282-68-5592,966795243734,442,0,B15,E080,2007-07-11
C00136,後藤 太郎,コバヤシ ユミコ,1946-08-26,男性,80,不動産賃貸業,1000-1500万,マスリテール,157-7371,茨城県土浦市月島4-10,0288-28-7703,648351263590,214,0,B05,E018,2012-06-10
C00137,木村 直人,カトウ リカ,1959-03-19,男性,67,税理士,800-1000万,マスリテール,983-1858,栃木県日光市独鈷沢5-14,0283-24-6890,691899308484,418,240,B10,E042,2019-09-18
C00138,山口 零,ワタナベ ジュン,1980-11-26,男性,45,医師,500-800万,準富裕層,219-4678,栃木県大田原市千束3-14,029-21-2615,341629441437,3082,0,B10,E042,2009-01-02
C00139,石井 智也,アオキ トモヤ,1995-11-10,男性,30,自営業,300万未満,マスリテール,829-5236,栃木県足利市丸の内ＪＰタワー3-14,029-34-3321,440798476551,464,280,B10,E040,2019-03-11
C00140,坂本 亮介,ヤマシタ レイ,1980-09-16,男性,45,農業,300万未満,マスリテール,178-5922,茨城県日立市橋場1-11,0287-33-3692,369468350490,606,263,B07,E072,2009-06-26
C00141,小川 翔太,サトウ ユイ,1974-03-09,男性,52,会社員,1000-1500万,マスリテール,478-9038,茨城県取手市油井1-20,0280-77-8037,105965004278,622,339,B03,E068,2017-03-28
C00142,鈴木 真綾,マツモト マイ,1986-12-27,女性,39,経営者,1000-1500万,準富裕層,075-2053,茨城県土浦市西神田4-4,0282-82-9646,804228248578,3480,0,B03,E011,2017-11-05
C00143,山田 桃子,タカハシ ユイ,1977-08-17,女性,49,不動産賃貸業,3000万以上,準富裕層,186-2114,栃木県佐野市筑土八幡町5-19,029-37-6131,362499217021,1074,0,B09,E036,2015-01-21
C00144,村上 桃子,ヤマモト ケンイチ,1961-06-15,女性,65,経営者,1000-1500万,富裕層,726-3694,茨城県つくば市丸の内ＪＰタワー4-18,0287-42-3733,415635609113,6096,0,B01,E002,2023-12-13
C00145,近藤 直子,ヤマザキ ヒデキ,1958-12-30,女性,67,不動産賃貸業,1500-3000万,富裕層,640-4961,茨城県鹿嶋市三ノ輪4-16,0285-76-9006,190912661480,5902,0,B03,E013,2006-11-14
C00146,林 浩,タナカ マナブ,1981-10-01,男性,44,税理士,800-1000万,マス,619-5531,茨城県鹿嶋市長畑5-17,029-93-2871,951554098697,197,0,B01,E005,2021-07-03
C00147,鈴木 里佳,アベ ユミコ,1966-03-30,女性,60,農業,500-800万,マス,654-0496,栃木県栃木市鳥越3-2,0285-53-6711,581409926304,447,0,B12,E048,2022-10-12
C00148,山崎 聡太郎,イトウ マアヤ,1960-03-02,男性,66,弁護士,300-500万,マスリテール,074-0981,栃木県栃木市氏家2-2,0283-64-9720,754042279961,786,338,B11,E047,2013-10-16
C00149,山田 花子,ヤマモト ユウキ,1961-04-14,女性,65,税理士,800-1000万,マスリテール,881-5658,茨城県石岡市台場3-14,0285-77-2237,974599771604,332,738,B03,E009,2007-08-14
C00150,山口 加奈,イトウ カナ,1958-08-22,女性,68,経営者,3000万以上,富裕層,253-2308,茨城県筑西市松浦町4-7,0285-47-9105,453340675206,5561,4097,B06,E024,2006-01-05
C00151,遠藤 翼,フジワラ リョウヘイ,1953-02-22,男性,73,不動産賃貸業,3000万以上,富裕層,335-9464,茨城県つくば市外神田4-15,029-74-4314,860190717545,11641,0,B05,E018,2008-10-18
C00152,山口 桃子,ヤマグチ ナナミ,1970-05-14,女性,56,歯科医師,1500-3000万,富裕層,092-6442,栃木県小山市日本堤1-13,0287-59-4836,819103071273,3477,0,B14,E054,2014-02-22
C00153,伊藤 太郎,サトウ ナオキ,1975-06-22,男性,51,弁護士,1000-1500万,富裕層,863-7710,栃木県宇都宮市鶴ヶ丘3-4,0288-74-3165,179361118255,2461,0,B10,E039,2015-09-25
C00154,吉田 涼平,イシカワ マアヤ,1963-08-30,男性,63,医師,500-800万,富裕層,410-0838,茨城県石岡市上高野1-20,0287-41-8210,891782322234,5102,4063,B06,E023,2012-04-01
C00155,鈴木 直人,フジタ ナオコ,1987-02-02,男性,39,公務員,300-500万,マスリテール,638-1946,栃木県足利市山中新田5-13,0282-74-6152,253721503747,2194,0,B10,E039,2024-07-02
C00156,小林 太一,マエダ サトミ,1975-09-22,男性,50,弁護士,3000万以上,マスリテール,411-8193,茨城県水戸市長畑3-7,0283-97-9348,921148984176,955,0,B03,E012,2005-11-27
C00157,山下 陽一,マツモト クミコ,1975-12-02,男性,50,弁護士,500-800万,マスリテール,527-2290,茨城県取手市東神田5-14,0282-89-3830,618671958491,615,111,B04,E014,2023-08-17
C00158,高橋 学,ハヤシ モモコ,1987-03-29,男性,39,会社役員,1500-3000万,富裕層,545-8025,茨城県取手市九段南4-13,029-88-9808,270149626499,11370,0,B01,E003,2014-07-01
C00159,小林 稔,マツダ ヒロシ,1960-09-09,男性,65,農業,1000-1500万,準富裕層,920-0436,茨城県取手市上野桜木2-2,0280-31-8118,598714364924,1745,1655,B01,E005,2010-04-24
C00160,山下 裕美子,タナカ リカ,1981-10-11,女性,44,年金生活者,300-500万,マスリテール,793-6229,栃木県宇都宮市横林2-16,0282-86-9474,386563505874,825,0,B09,E035,2021-06-07
C00161,佐藤 加奈,サトウ タイチ,1966-05-10,女性,60,経営者,1500-3000万,準富裕層,422-3340,茨城県石岡市虎ノ門虎ノ門ヒルズ森タワー1-16,0285-85-6900,645698955756,3589,0,B05,E021,2015-01-14
C00162,遠藤 裕太,ハシモト ナオト,1955-07-29,男性,71,税理士,1500-3000万,準富裕層,332-7837,茨城県水戸市松が谷1-1,0280-25-8729,522470062159,7057,0,B03,E010,2012-07-15
C00163,山田 英樹,イノウエ リカ,1985-12-25,男性,40,農業,500-800万,マスリテール,270-9995,茨城県古河市北上野3-3,0283-67-2956,840890624327,998,0,B03,E009,2008-11-05
C00164,渡辺 聡太郎,オオタ ソウタロウ,1984-04-29,男性,42,公務員,800-1000万,マス,721-3396,茨城県古河市千束2-10,0283-58-4974,505719475778,421,0,B03,E013,2011-05-05
C00165,木村 零,ヤマモト ユミコ,1979-07-04,男性,47,経営者,500-800万,マスリテール,388-6464,栃木県栃木市丸の内ＪＰタワー5-12,0287-21-6488,933229934822,941,0,B16,E081,2024-02-03
C00166,山本 七夏,ナカムラ トモヤ,1978-06-15,女性,48,医師,3000万以上,マス,765-7849,茨城県筑西市下宇和田4-12,0285-30-2565,248199683790,310,158,B06,E071,2009-01-15
C00167,福田 裕樹,タカハシ ヨウコ,1982-10-13,男性,43,不動産賃貸業,1500-3000万,マスリテール,245-3972,栃木県那須塩原市中三依3-15,0282-49-2223,323095868636,,650,B12,E049,2018-05-25
C00168,山崎 篤司,カトウ ユウキ,1969-02-02,男性,57,歯科医師,800-1000万,準富裕層,697-2252,栃木県佐野市中宮祠4-9,0288-35-2481,985440215860,1458,3386,B11,E076,2024-04-15
C00169,加藤 零,ササキ サトミ,1983-07-20,男性,43,弁護士,500-800万,マスリテール,294-5262,茨城県つくば市鶴ヶ丘1-13,0288-77-5093,607212982896,246,245,B04,E014,2017-12-01
C00170,阿部 翔太,フジイ ケンイチ,1966-04-24,男性,60,医師,3000万以上,準富裕層,857-2880,栃木県足利市中小来川1-3,0280-76-3110,464251396965,1857,299,B12,E048,2024-12-10
C00171,後藤 さゆり,サイトウ アケミ,1960-03-20,女性,66,会社役員,1000-1500万,富裕層,617-1758,茨城県古河市日比谷公園2-6,0282-55-8307,267003033571,11399,2381,B01,E001,2010-09-10
C00172,坂本 京助,ワタナベ カナ,1961-11-11,男性,64,年金生活者,500-800万,富裕層,748-7518,栃木県大田原市平須賀2-14,0280-87-5082,700445739812,5951,0,B09,E034,2019-05-16
C00173,石川 七夏,タナカ リョウスケ,1977-07-28,女性,49,自営業,300万未満,マスリテール,415-7007,栃木県鹿沼市花川戸2-1,0288-55-1959,681846453976,1011,208,B16,E063,2011-07-24
C00174,森 健一,ササキ レイ,1957-08-25,男性,69,歯科医師,1500-3000万,準富裕層,267-6284,栃木県栃木市戸島5-13,0282-42-3885,749556041080,1880,3781,B11,E045,2013-12-07
C00175,三浦 七夏,ワタナベ タロウ,1980-04-30,女性,46,不動産賃貸業,300-500万,マス,063-1936,栃木県宇都宮市入谷1-2,0280-97-4584,675611207737,392,412,B12,E077,2011-02-19
C00176,池田 零,イケダ リカ,1991-09-20,男性,34,歯科医師,1500-3000万,富裕層,302-6021,茨城県つくば市神明内1-17,0288-66-2188,874698673457,9284,0,B01,E066,2009-05-20
C00177,佐々木 智也,カトウ ユイ,1991-07-20,男性,35,会社員,1000-1500万,マスリテール,775-8806,茨城県筑西市下吉羽5-12,0280-95-3872,436632596465,997,273,B06,E071,2020-03-27
C00178,松本 直人,スズキ ユミコ,1950-09-21,男性,75,歯科医師,1000-1500万,準富裕層,848-8972,栃木県鹿沼市日本堤2-19,029-83-3304,917466143803,3799,1104,B10,E038,2009-01-16
C00179,高橋 桃子,スズキ サトミ,1981-07-24,女性,45,歯科医師,500-800万,マスリテール,500-1489,茨城県日立市橋場3-9,0288-33-1020,521113586763,1150,256,B03,E012,2013-11-28
C00180,山田 直人,ヤマダ アスカ,1973-07-01,男性,53,公務員,3000万以上,富裕層,688-5049,栃木県鹿沼市土沢2-6,0285-29-1547,122741459331,9939,0,B10,E040,2012-12-02
C00181,中島 浩,サトウ タロウ,1980-09-19,男性,45,医師,500-800万,富裕層,554-0987,茨城県石岡市東大和町5-16,0287-23-8066,821307297093,3813,4178,B03,E010,2024-09-20
C00182,佐藤 舞,フジタ ヤスヒロ,1977-09-19,女性,48,歯科医師,1500-3000万,準富裕層,746-6887,栃木県日光市北青山3-10,0282-50-2571,529709912209,1625,0,B09,E074,2024-11-08
C00183,山田 真綾,スズキ ユイ,1951-10-13,女性,74,歯科医師,1500-3000万,富裕層,880-5697,栃木県鹿沼市百村4-7,029-23-4390,800813387933,4870,0,B09,E036,2008-07-27
C00184,松本 千代,マエダ ソウタロウ,1968-08-11,女性,58,医師,1000-1500万,富裕層,736-8920,栃木県那須塩原市箪笥町4-12,0280-77-1731,582167184728,9522,1091,B16,E064,2015-08-22
C00185,伊藤 春香,ワタナベ レイ,1989-08-19,女性,37,不動産賃貸業,1500-3000万,準富裕層,783-1848,茨城県筑西市土呂部4-19,0280-90-1999,528812958649,932,0,B03,E013,2021-03-10
C00186,斎藤 明美,タナカ カズヤ,1975-04-16,女性,51,不動産賃貸業,3000万以上,準富裕層,457-9794,茨城県石岡市中三依5-5,029-77-3832,985673324276,2445,1676,B07,E028,2009-11-23
C00187,加藤 千代,マエダ ヤスヒロ,1947-11-17,女性,78,医師,1500-3000万,マスリテール,515-4739,茨城県日立市天神島1-13,0283-70-6343,404326883563,1351,0,B02,E067,2021-04-25
C00188,木村 康弘,イトウ クミコ,1995-04-08,男性,31,経営者,300-500万,マスリテール,533-3621,栃木県鹿沼市虎ノ門虎ノ門ヒルズ森タワー5-19,0288-32-2730,957115200247,987,0,B15,E058,2011-01-04
C00189,井上 裕美子,シミズ ツバサ,1973-05-07,女性,53,公務員,300-500万,マスリテール,048-5642,栃木県鹿沼市芝浦4-2,0285-62-4892,916255489360,,130,B11,E046,2020-09-18
C00190,橋本 舞,ヤマモト ケンイチ,1983-06-22,女性,43,会社役員,800-1000万,マスリテール,484-3948,栃木県足利市外国府間2-5,0282-76-6257,900021067068,1034,0,B15,E080,2011-01-06
C00191,岡田 零,キムラ ツバサ,1973-06-03,男性,53,弁護士,800-1000万,富裕層,137-6363,栃木県佐野市長間5-13,0280-87-1474,311199593777,14169,5316,B09,E035,2010-02-06
C00192,山崎 零,コンドウ カオリ,1972-04-25,男性,54,会社役員,1000-1500万,富裕層,849-3120,栃木県真岡市西小来川5-13,0287-35-1500,509061009338,3283,0,B13,E078,2010-05-15
C00193,遠藤 修平,ササキ リョウスケ,1991-04-04,男性,35,自営業,300-500万,マスリテール,310-0251,栃木県宇都宮市下宇和田4-2,0280-93-4511,344199433115,748,50,B09,E035,2023-09-29
C00194,中島 幹,ハシモト ユウキ,1955-06-06,女性,71,年金生活者,800-1000万,富裕層,937-3921,栃木県小山市隼町5-1,0280-52-6004,807421349759,6526,3638,B10,E040,2020-07-05
C00195,山田 里佳,ヤマモト ハルカ,1971-02-25,女性,55,会社員,300-500万,マスリテール,509-7635,茨城県筑西市南赤田3-18,0287-96-5631,852901221143,469,534,B07,E027,2021-01-20
C00196,前田 花子,コバヤシ ツバサ,1947-05-02,女性,79,税理士,500-800万,マスリテール,884-3625,茨城県水戸市横林5-13,0287-60-3292,128867691522,568,128,B08,E073,2005-04-29
C00197,山本 知実,イトウ ユミコ,1987-07-02,女性,39,公務員,1000-1500万,マスリテール,511-9021,栃木県栃木市平河町5-16,0287-65-9311,299966152730,633,311,B16,E063,2010-02-23
C00198,藤原 充,ヤマダ ハルカ,1953-08-19,男性,73,経営者,800-1000万,超富裕層,737-8954,茨城県ひたちなか市千束4-11,0282-53-5817,615901943089,23244,7615,B01,E001,2008-09-06
C00199,松本 洋介,オオタ ミノル,1947-06-23,男性,79,自営業,1500-3000万,マス,006-6756,栃木県小山市豊町2-11,0285-92-8496,444212526725,300,92,B13,E052,2021-11-06
C00200,鈴木 くみ子,イトウ トモヤ,1964-01-12,女性,62,会社員,800-1000万,マスリテール,632-7916,栃木県栃木市蔵前2-19,0288-40-9021,940891077866,1285,0,B11,E043,2005-04-25
C00201,佐藤 桃子,マツモト ナナミ,1945-11-15,女性,80,年金生活者,500-800万,マスリテール,832-7054,茨城県水戸市押上3-17,0280-22-1067,905850484197,630,0,B02,E007,2007-02-21
C00202,松本 千代,シミズ ジュン,1986-07-29,女性,40,税理士,300-500万,マス,273-6502,茨城県水戸市方京3-10,0285-86-9587,578192360772,151,0,B03,E068,2012-06-17
C00203,山田 千代,ヤマモト ヨウスケ,1988-03-28,女性,38,自営業,1000-1500万,マスリテール,669-0519,栃木県宇都宮市前弥六南町4-9,0288-88-1796,826055461255,905,281,B16,E061,2013-02-08
C00204,井上 篤司,ハシモト オサム,1970-06-29,男性,56,会社役員,1000-1500万,準富裕層,444-5427,栃木県小山市松浦町2-1,0282-73-2654,674075993055,1381,0,B10,E040,2022-11-23
C00205,伊藤 涼平,ワタナベ カオリ,1979-11-27,男性,46,公務員,1000-1500万,マス,287-8897,栃木県真岡市土呂部2-20,0280-53-9571,323222849485,307,0,B09,E036,2008-08-03
C00206,佐藤 知実,マエダ ユウキ,1986-11-12,女性,39,歯科医師,300-500万,準富裕層,951-1260,栃木県足利市九段南1-19,0287-83-3443,202862087422,3962,970,B10,E042,2008-04-01
C00207,木村 亮介,モリ ユイ,1961-12-01,男性,64,税理士,300-500万,マスリテール,773-2292,茨城県水戸市方京3-12,0288-60-7979,227726057596,504,0,B01,E001,2015-01-06
C00208,佐藤 翼,ムラカミ タイチ,1975-11-11,男性,50,会社役員,3000万以上,準富裕層,628-9758,栃木県足利市白金台3-11,0280-34-7566,398313562175,2960,820,B13,E078,2024-05-17
C00209,佐藤 直子,ササキ ハルカ,1973-03-15,女性,53,公務員,1000-1500万,マスリテール,384-7075,栃木県小山市柿木沢新田1-14,0283-81-8178,770793406340,1041,0,B10,E041,2018-08-05
C00210,鈴木 学,オガワ カオリ,1949-03-08,男性,77,年金生活者,500-800万,マスリテール,157-6225,栃木県日光市渡辺5-19,0280-63-9504,858160955104,646,0,B11,E076,2019-10-17
C00211,小林 香織,オオタ トモヤ,1963-05-10,女性,63,年金生活者,800-1000万,マスリテール,276-1674,栃木県鹿沼市油井1-1,0287-40-9283,619041839496,503,118,B09,E037,2006-09-30
C00212,山田 英樹,スズキ カオリ,1963-01-18,男性,63,自営業,800-1000万,マスリテール,095-9780,栃木県鹿沼市東神田4-3,0288-83-8324,230206492808,426,240,B13,E078,2022-04-10
C00213,山本 拓真,イシカワ ヒデキ,1991-03-01,男性,35,医師,500-800万,富裕層,248-9370,栃木県鹿沼市東上野5-10,0283-91-4389,837250875950,5063,0,B10,E041,2008-05-23
C00214,高橋 直子,ワタナベ クミコ,1948-03-24,女性,78,会社役員,1000-1500万,準富裕層,445-4521,栃木県真岡市高田馬場1-4,0288-48-1035,488013174302,,1527,B15,E060,2010-12-30
C00215,小林 千代,ハヤシ サトミ,1968-05-07,女性,58,経営者,800-1000万,富裕層,138-4991,栃木県大田原市中宮祠2-15,0288-44-6536,929391538469,2018,713,B09,E037,2023-12-23
C00216,近藤 拓真,ヨシダ マイ,1986-08-03,男性,40,自営業,800-1000万,マスリテール,880-9738,茨城県つくば市湯宮5-6,0287-36-2696,823218400002,374,615,B01,E005,2011-01-04
C00217,佐々木 さゆり,フジワラ ナナミ,1982-06-23,女性,44,農業,500-800万,マスリテール,648-8044,栃木県佐野市長間4-5,0280-72-9393,704308316563,585,169,B09,E036,2011-07-09
C00218,長谷川 拓真,スズキ ユミコ,1955-03-11,男性,71,弁護士,1500-3000万,準富裕層,558-2947,栃木県小山市独鈷沢5-18,0287-61-2890,489814560511,2904,0,B10,E042,2024-01-22
C00219,太田 知実,オガワ カオリ,1986-10-07,女性,39,年金生活者,300-500万,マスリテール,814-6703,茨城県取手市鳥越2-2,0287-27-4275,925780383750,1445,254,B08,E032,2007-10-14
C00220,伊藤 くみ子,ゴトウ カオリ,1967-11-25,女性,58,歯科医師,800-1000万,準富裕層,612-7851,栃木県佐野市台場1-13,0285-73-6122,709738610812,3152,1941,B16,E061,2015-09-09
C00221,井上 春香,スズキ ショウタ,1978-07-15,女性,48,弁護士,800-1000万,マスリテール,363-2725,茨城県石岡市中鉢石町2-7,0282-77-3906,851548209368,657,416,B01,E001,2016-04-06
C00222,藤原 太一,スズキ カナ,1958-03-12,男性,68,経営者,3000万以上,準富裕層,522-8499,茨城県水戸市神明内3-15,0287-39-1654,754220714413,1932,0,B03,E009,2013-11-30
C00223,山田 裕美子,ナカムラ アキラ,1969-08-14,女性,57,自営業,800-1000万,マスリテール,302-6815,栃木県日光市細竹2-14,0283-88-7609,482646992483,733,568,B11,E044,2007-04-28
C00224,中村 花子,ゴトウ モモコ,1969-08-17,女性,57,会社員,300-500万,マスリテール,487-1599,栃木県那須塩原市富久町4-8,0287-98-4994,147068103454,849,663,B14,E056,2019-06-10
C00225,山本 聡太郎,オカダ カズヤ,1946-02-25,男性,80,公務員,1500-3000万,マスリテール,351-1791,茨城県鹿嶋市卯の里4-2,0282-44-6248,192401474145,734,519,B06,E022,2023-08-07
C00226,山口 英樹,ナカムラ ツバサ,1993-11-17,男性,32,年金生活者,1000-1500万,マス,237-6636,茨城県日立市柿木沢新田2-18,0288-75-2181,854827148455,153,0,B03,E010,2008-09-23
C00227,加藤 陽子,ヤマダ ツバサ,1964-10-30,女性,61,会社役員,1000-1500万,富裕層,721-3519,茨城県取手市権現堂4-11,029-69-2938,106592063444,4772,5521,B01,E066,2010-07-27
C00228,木村 陽一,コバヤシ シュウヘイ,1968-05-01,男性,58,経営者,1500-3000万,準富裕層,268-8019,栃木県鹿沼市三筋1-10,0288-76-7249,132902555461,1955,0,B10,E041,2024-04-26
C00229,林 学,ハヤシ ハルカ,1962-12-13,男性,63,歯科医師,500-800万,マスリテール,468-2826,茨城県水戸市九段南5-18,0280-35-1684,727086828207,441,1036,B02,E067,2023-05-17
C00230,森 太一,イトウ カズヤ,1954-05-03,男性,72,税理士,1500-3000万,準富裕層,710-2316,栃木県小山市橋場2-8,0283-52-4183,298060795700,1990,0,B09,E074,2012-10-08
C00231,木村 舞,ササキ ヒデキ,1980-05-12,女性,46,年金生活者,1000-1500万,マスリテール,660-2838,栃木県栃木市卯の里1-10,0283-28-4170,633940824899,536,650,B13,E078,2014-10-17
C00232,田中 美加子,エンドウ アキラ,1969-09-17,女性,56,経営者,1000-1500万,マスリテール,199-6290,茨城県取手市日本堤3-12,0280-62-8863,591614190375,351,98,B04,E016,2018-01-23
C00233,池田 舞,ササキ カオリ,1973-11-01,女性,52,農業,800-1000万,マス,814-3613,栃木県佐野市羽折町1-3,029-84-1511,739145432327,,198,B11,E047,2005-08-27
C00234,松本 健一,キムラ ミキ,1973-01-13,男性,53,会社役員,500-800万,マスリテール,115-9383,茨城県石岡市睦3-5,0285-84-9362,534180623464,772,0,B06,E024,2010-05-11
C00235,井上 康弘,マエダ トモヤ,1972-11-11,男性,53,不動産賃貸業,800-1000万,準富裕層,435-1677,栃木県鹿沼市西関宿2-16,0282-25-4585,635846443659,1385,0,B09,E035,2010-12-15
C00236,山田 春香,ヨシダ カズヤ,1984-07-21,女性,42,弁護士,1500-3000万,マス,242-3438,茨城県水戸市四番町3-4,0287-86-5480,915334568012,404,23,B01,E003,2022-03-22
C00237,高橋 京助,オカダ ヨウイチ,1948-01-11,男性,78,公務員,3000万以上,マスリテール,359-8720,栃木県栃木市脚折5-13,0282-64-8976,631685415257,543,142,B09,E074,2016-12-08
C00238,中村 裕樹,ヤマモト ナオコ,1993-07-27,男性,33,自営業,300-500万,マス,526-1560,茨城県つくば市湯宮3-20,0287-35-4773,990838982470,186,0,B01,E003,2024-04-03
C00239,西村 直子,ハシモト キョウスケ,1957-09-25,女性,68,年金生活者,1000-1500万,富裕層,728-5277,栃木県栃木市西関宿1-5,0283-95-3639,792068370016,5741,0,B10,E042,2020-03-24
C00240,佐々木 浩,シミズ マアヤ,1968-01-19,男性,58,会社役員,300-500万,富裕層,648-1525,茨城県ひたちなか市高輪1-7,0285-97-8723,632006012849,4659,3154,B01,E002,2015-04-25
C00241,池田 春香,ミウラ ハナコ,1974-09-05,女性,51,不動産賃貸業,1500-3000万,富裕層,889-1526,茨城県古河市池之端4-20,0283-28-4765,522531200410,2691,0,B03,E010,2017-09-11
C00242,近藤 陽一,イトウ マイ,1987-01-24,男性,39,農業,800-1000万,マスリテール,506-4399,茨城県日立市隼町1-16,0287-36-9835,103554178984,1741,746,B01,E066,2021-07-26
C00243,井上 くみ子,ゴトウ アスカ,1947-05-06,女性,79,会社員,1000-1500万,準富裕層,641-7529,栃木県鹿沼市所野1-14,0280-52-8817,356692409349,3364,911,B10,E038,2007-06-27
C00244,吉田 明美,タナカ クミコ,1989-12-26,女性,36,税理士,1500-3000万,マス,309-2604,茨城県取手市五味ヶ谷3-4,0280-74-5155,566159020937,308,0,B03,E013,2006-11-13
C00245,渡辺 春香,サトウ ミツル,1960-07-31,女性,66,年金生活者,800-1000万,マスリテール,716-3836,茨城県ひたちなか市津久戸町3-19,0282-70-3262,231680617183,1016,270,B05,E070,2018-02-09
C00246,佐藤 直樹,タカハシ ショウタ,1971-06-29,男性,55,医師,500-800万,富裕層,455-0152,茨城県取手市手岡1-3,0288-38-8727,761106542386,6204,3704,B03,E012,2018-11-29
C00247,岡本 舞,ササキ ショウタ,1964-07-14,女性,62,弁護士,3000万以上,富裕層,748-1678,茨城県鹿嶋市南郷屋4-1,0280-86-5685,135196168215,7358,20733,B01,E005,2011-04-08
C00248,高橋 康弘,ヤマザキ ミノル,1952-04-14,男性,74,不動産賃貸業,1500-3000万,富裕層,543-9228,栃木県大田原市手岡5-7,0283-21-2124,202732084792,7575,1533,B09,E074,2017-03-16
C00249,吉田 知実,ニシムラ マナブ,1980-01-05,女性,46,会社員,300-500万,マスリテール,880-3559,茨城県筑西市前弥六1-18,029-84-5821,980970845502,655,0,B03,E013,2022-12-06
C00250,前田 裕美子,ナカムラ マイ,1961-01-14,女性,65,経営者,1500-3000万,富裕層,143-4059,栃木県宇都宮市五味ヶ谷4-4,0282-28-7269,966009983169,15589,2189,B15,E059,2017-11-22
C00251,井上 学,ゴトウ アケミ,1988-03-28,男性,38,会社員,1500-3000万,マスリテール,674-4942,栃木県栃木市権現堂3-3,0285-63-2245,620457633259,1570,0,B10,E040,2015-05-10
C00252,中島 七夏,ゴトウ ヨウイチ,1993-09-07,女性,32,歯科医師,500-800万,マスリテール,506-6322,茨城県土浦市無栗屋5-12,0280-33-2964,189851523866,699,492,B05,E070,2009-10-27
C00253,松本 明美,フクダ クミコ,1964-09-22,女性,61,不動産賃貸業,1000-1500万,準富裕層,859-9312,栃木県鹿沼市高田馬場3-16,0283-55-9041,407137980276,4098,0,B15,E080,2012-04-22
C00254,前田 康弘,サトウ オサム,1945-09-14,男性,80,会社役員,1500-3000万,準富裕層,220-0652,茨城県取手市日光2-15,029-86-8537,857269955967,4089,0,B03,E009,2023-12-22
C00255,山口 充,ヨシダ マアヤ,1949-03-15,男性,77,公務員,500-800万,マスリテール,549-8808,茨城県石岡市渡辺3-12,0280-83-7945,560465730784,409,168,B01,E066,2010-07-20
C00256,鈴木 知実,マツモト タクマ,1974-11-27,女性,51,公務員,1000-1500万,マスリテール,781-1083,栃木県栃木市猿楽町5-14,0288-68-4212,976799722452,634,931,B11,E076,2018-12-22
C00257,佐藤 治,スズキ ヨウコ,1976-01-19,男性,50,歯科医師,1500-3000万,富裕層,316-2877,茨城県ひたちなか市百村3-18,0288-92-1781,209085305563,,2581,B02,E007,2005-04-03
C00258,橋本 さゆり,ミウラ モモコ,1971-05-18,女性,55,自営業,500-800万,マスリテール,842-4247,茨城県古河市卯の里5-7,0283-93-9821,412589047370,507,493,B01,E003,2012-06-09
C00259,石川 加奈,ナカムラ ツバサ,1958-11-14,女性,67,経営者,1500-3000万,富裕層,065-4308,茨城県つくば市二つ室2-11,0285-98-7631,186205766415,10295,0,B04,E015,2014-12-03
C00260,佐藤 裕美子,コバヤシ ジュン,1984-06-09,女性,42,会社員,1500-3000万,マスリテール,915-9402,茨城県古河市睦5-17,0285-72-3741,237538171911,548,170,B05,E070,2009-07-27
C00261,佐藤 明美,サトウ タロウ,1964-07-13,女性,62,経営者,500-800万,準富裕層,153-2932,茨城県鹿嶋市中小来川5-2,029-70-9584,212026710909,3279,0,B03,E011,2016-01-22
C00262,伊藤 翔太,フジイ ハナコ,1958-11-01,男性,67,年金生活者,1500-3000万,富裕層,079-9364,栃木県小山市北青山5-6,029-24-6846,613146177255,4828,0,B09,E074,2007-05-23
C00263,田中 桃子,ミウラ オサム,1989-09-21,女性,36,歯科医師,800-1000万,マスリテール,886-4625,栃木県那須塩原市猿楽町4-18,0280-31-8239,500754242317,760,225,B15,E080,2011-07-19
C00264,佐藤 知実,キムラ ナナミ,1982-09-19,女性,43,会社役員,1000-1500万,準富裕層,248-7600,茨城県筑西市月島1-16,0288-81-5908,941852814217,2715,0,B03,E012,2016-10-31
C00265,中川 康弘,イシカワ ヒデキ,1983-10-13,男性,42,会社役員,1000-1500万,マスリテール,251-2466,栃木県大田原市中宮祠4-8,0282-30-7917,364678746971,582,240,B12,E050,2023-08-25
C00266,伊藤 春香,ミウラ アキラ,1983-09-14,女性,42,公務員,800-1000万,マス,385-5038,茨城県石岡市南郷屋4-9,0287-99-9060,452993867801,434,0,B03,E009,2009-02-07
C00267,吉田 篤司,ヤマシタ オサム,1947-03-29,男性,79,歯科医師,1500-3000万,準富裕層,237-8515,茨城県古河市虎ノ門虎ノ門ヒルズ森タワー4-2,0282-30-3393,392298458992,2019,639,B02,E067,2019-01-06
C00268,山田 香織,ヤマグチ ミツル,1986-10-25,女性,39,歯科医師,300-500万,準富裕層,076-9697,茨城県土浦市日光4-15,0280-24-4263,909433121328,3930,0,B01,E001,2013-09-13
C00269,伊藤 淳,ニシムラ マアヤ,1980-09-25,男性,45,自営業,800-1000万,マスリテール,753-5345,栃木県宇都宮市西神田5-17,029-52-8884,429159937069,877,0,B09,E035,2014-01-20
C00270,鈴木 修平,ゴトウ ヒロシ,1950-07-23,男性,76,年金生活者,500-800万,マス,108-2693,茨城県水戸市浅草5-16,0287-96-3539,947703702424,283,142,B05,E017,2014-04-28
C00271,鈴木 春香,ヤマダ トモヤ,1958-07-07,女性,68,医師,1500-3000万,準富裕層,122-1481,茨城県筑西市氏家1-5,0285-49-6189,714101621106,10891,1173,B03,E068,2021-02-24
C00272,長谷川 陽子,イトウ リョウスケ,1961-09-19,女性,64,経営者,1500-3000万,準富裕層,093-4066,栃木県真岡市明石町2-19,0280-89-6696,904549083133,1292,1755,B11,E046,2012-12-04
C00273,森 淳,サトウ タクマ,1988-07-31,男性,38,医師,500-800万,マスリテール,569-9013,茨城県水戸市西関宿5-13,0287-43-1306,951967215667,459,0,B03,E013,2006-11-23
C00274,岡田 京助,サトウ ヨウスケ,1984-10-29,男性,41,年金生活者,500-800万,マスリテール,227-2141,茨城県取手市上吉羽3-4,029-86-2092,245761739120,981,408,B03,E010,2021-06-22
C00275,池田 充,ハヤシ ジュン,1991-10-15,男性,34,医師,300万未満,マスリテール,076-0357,栃木県栃木市東三島5-3,029-46-9051,189473092419,854,402,B13,E078,2008-12-15
C00276,岡田 治,スズキ ミカコ,1947-08-01,男性,79,会社員,800-1000万,マスリテール,946-9402,栃木県足利市筑土八幡町2-18,0285-44-4164,823814483244,768,146,B12,E049,2021-06-07
C00277,佐々木 拓真,タナカ サトミ,1991-04-28,男性,35,農業,1000-1500万,マスリテール,281-4585,栃木県大田原市秋葉原1-6,0288-43-7579,471534826460,851,371,B09,E035,2022-09-01
C00278,斎藤 陽子,ヤマザキ ナオキ,1966-01-04,女性,60,会社員,3000万以上,富裕層,563-7848,栃木県那須塩原市日光5-8,0283-89-4504,943424473649,9925,0,B09,E074,2006-10-03
C00279,高橋 知実,シミズ ヨウイチ,1972-09-22,女性,53,会社員,500-800万,マスリテール,019-6266,栃木県那須塩原市明石町1-9,0283-85-3534,139059665795,649,199,B15,E080,2014-08-05
C00280,中村 浩,コバヤシ サユリ,1946-05-01,男性,80,税理士,500-800万,マスリテール,611-3588,茨城県石岡市轟4-19,0280-29-6319,631686475006,1092,0,B05,E018,2022-11-30
C00281,佐藤 直樹,フジタ チヨ,1994-09-02,男性,31,不動産賃貸業,1500-3000万,マスリテール,102-4060,茨城県取手市中川崎1-8,0287-97-1187,957421016279,,461,B08,E073,2010-05-01
C00282,前田 翔太,ナカムラ サユリ,1953-12-24,男性,72,会社員,3000万以上,マスリテール,606-5210,茨城県鹿嶋市明石町5-19,0283-31-4638,419682729493,760,78,B01,E004,2023-04-12
C00283,橋本 春香,キムラ シュウヘイ,1987-09-02,女性,38,医師,1000-1500万,マスリテール,829-8064,茨城県つくば市竜泉2-16,0283-45-8993,814662452464,746,102,B02,E007,2011-03-08
C00284,佐藤 篤司,サイトウ アキラ,1971-11-06,男性,54,弁護士,1000-1500万,準富裕層,000-5435,栃木県那須塩原市木立3-7,0282-64-1396,438313205080,1758,1108,B09,E035,2021-02-16
C00285,山下 花子,サトウ ヒロシ,1980-12-08,女性,45,不動産賃貸業,1000-1500万,マス,145-1817,栃木県小山市松が谷1-4,0287-26-4982,782680502960,152,0,B16,E062,2022-03-19
C00286,小林 真綾,ナカムラ タイチ,1951-12-17,女性,74,会社役員,1500-3000万,富裕層,161-7157,栃木県佐野市蔵前5-16,0283-38-1301,741567640429,7234,2541,B13,E051,2017-12-25
C00287,橋本 英樹,イトウ ユミコ,1986-07-15,男性,40,税理士,1000-1500万,マス,387-5026,茨城県水戸市藤金1-13,0287-54-6901,219676181095,574,0,B03,E009,2007-07-20
C00288,太田 裕美子,コンドウ ユミコ,1946-08-26,女性,80,弁護士,300-500万,マスリテール,616-5213,茨城県土浦市神明内5-15,0283-22-1651,437281270772,717,267,B04,E016,2017-10-16
C00289,福田 京助,ナカジマ チヨ,1962-09-08,男性,63,会社役員,3000万以上,富裕層,327-2750,茨城県筑西市前弥六3-2,0287-52-7343,346016559274,7667,0,B08,E032,2021-06-07
C00290,吉田 直子,イトウ オサム,1962-11-15,女性,63,年金生活者,500-800万,マス,805-1770,茨城県土浦市丹勢5-5,0285-59-6395,694634653810,169,172,B05,E018,2005-12-18
C00291,石川 健一,ササキ マアヤ,1962-11-29,男性,63,不動産賃貸業,1500-3000万,準富裕層,384-1661,茨城県筑西市雷門2-14,0288-38-3589,174378079878,3047,0,B03,E013,2020-10-09
C00292,高橋 治,ヤマモト タイチ,1958-04-26,男性,68,歯科医師,1000-1500万,超富裕層,107-1215,栃木県大田原市丸の内4-10,0285-55-3489,309504673094,21091,0,B09,E034,2008-05-27
C00293,高橋 治,ナカムラ マナブ,1990-07-21,男性,36,不動産賃貸業,500-800万,マスリテール,721-0507,茨城県水戸市筑土八幡町3-3,0287-81-3196,617993292748,441,0,B02,E008,2023-11-06
C00294,斎藤 舞,サトウ タイチ,1955-06-26,女性,71,自営業,1500-3000万,富裕層,194-6705,茨城県水戸市竜泉3-14,0280-45-4351,293557581687,4081,0,B03,E012,2010-04-22
C00295,山本 加奈,カトウ ヒデキ,1987-10-31,女性,38,経営者,500-800万,マスリテール,157-0893,栃木県鹿沼市勝どき5-18,0283-24-9530,594390748940,530,1126,B13,E078,2005-01-28
C00296,山本 稔,タナカ アケミ,1955-07-22,男性,71,弁護士,500-800万,マスリテール,653-4781,栃木県宇都宮市方京2-10,0285-70-5989,608034134740,5218,0,B12,E049,2014-06-21
C00297,山本 拓真,ササキ ナオコ,1949-08-25,男性,77,経営者,300-500万,マスリテール,557-6349,茨城県石岡市柿木沢新田5-5,0285-72-6299,127706343804,1334,104,B07,E028,2012-06-02
C00298,小林 智也,ワタナベ トモヤ,1958-06-07,男性,68,自営業,300-500万,マス,857-4400,茨城県日立市日光4-12,029-87-7292,970705293143,149,424,B07,E072,2008-01-09
C00299,鈴木 太郎,マツダ ユミコ,1956-08-08,男性,70,公務員,300-500万,マスリテール,062-6342,栃木県小山市東上野2-2,0285-59-6071,944949610845,449,352,B09,E037,2013-05-16
C00300,木村 翔太,ヤマモト マアヤ,1991-01-15,男性,35,医師,800-1000万,準富裕層,731-0568,茨城県鹿嶋市西浅草4-14,0285-30-1107,407293492324,2489,1291,B03,E013,2016-06-04
C00301,鈴木 康弘,タナカ サユリ,1994-07-30,男性,32,会社役員,3000万以上,準富裕層,827-3157,栃木県鹿沼市山中新田5-10,0282-31-1803,555734202254,1047,0,B10,E039,2005-11-08
C00302,岡本 舞,ナカガワ ミツル,1952-07-17,女性,74,不動産賃貸業,800-1000万,マスリテール,609-4225,茨城県水戸市西神田1-10,0282-67-7208,176537454301,1050,137,B02,E067,2023-03-20
C00303,鈴木 英樹,イノウエ ナオコ,1971-07-03,男性,55,税理士,800-1000万,マスリテール,939-0202,栃木県日光市東上野2-7,0283-27-2790,901317919940,250,0,B13,E051,2020-08-19
C00304,加藤 くみ子,ニシムラ ヒロシ,1984-10-02,女性,41,公務員,800-1000万,マスリテール,804-4687,茨城県鹿嶋市元浅草5-16,0285-43-4812,420870938190,1047,2132,B08,E032,2022-08-08
C00305,渡辺 充,キムラ ミキ,1946-11-29,男性,79,自営業,800-1000万,マスリテール,282-6602,茨城県取手市湯本塩原4-2,0282-64-4478,800128190634,1845,0,B01,E002,2017-05-13
C00306,佐藤 花子,サトウ ナオキ,1991-12-17,女性,34,医師,1000-1500万,富裕層,918-6102,栃木県鹿沼市土沢5-1,0288-42-4178,626874259465,,1197,B10,E041,2011-10-04
C00307,山本 洋介,イシイ カナ,1994-08-05,男性,32,自営業,500-800万,マス,233-2201,栃木県宇都宮市九段南5-10,0283-60-9779,327713661752,824,47,B12,E050,2024-06-25
C00308,藤田 花子,イシカワ ヨウコ,1977-12-03,女性,48,医師,1000-1500万,マス,192-7237,栃木県那須塩原市下宇和田1-9,0285-31-9143,361464933400,594,279,B12,E050,2023-04-08
C00309,中島 桃子,ハセガワ モモコ,1985-05-13,女性,41,弁護士,800-1000万,マスリテール,067-5097,茨城県筑西市日本堤2-7,0282-81-9579,951736505116,578,261,B07,E029,2013-01-25
C00310,田中 涼平,ムラカミ ショウタ,1946-09-08,男性,79,農業,300万未満,マスリテール,051-5904,茨城県石岡市上吉羽1-11,0285-25-2689,944049454251,365,143,B02,E008,2010-06-25
C00311,山口 里佳,イケダ ショウタ,1963-12-30,女性,62,年金生活者,1000-1500万,準富裕層,608-7308,茨城県鹿嶋市押上1-9,0280-40-5483,113376505558,2066,0,B01,E005,2024-03-17
C00312,林 太郎,タカハシ ナオコ,1983-03-13,男性,43,弁護士,1000-1500万,マスリテール,705-1480,栃木県佐野市脚折町5-8,0280-29-6101,694160359326,579,0,B09,E037,2005-07-20
C00313,高橋 浩,イシイ ミツル,1956-06-24,男性,70,自営業,500-800万,マスリテール,211-4408,茨城県石岡市虎ノ門5-15,0283-65-6119,999075520335,374,0,B01,E002,2015-04-08
C00314,佐々木 京助,サイトウ アキラ,1956-05-30,男性,70,自営業,800-1000万,マスリテール,622-5004,栃木県栃木市五味ヶ谷2-5,0288-98-5227,503352669302,1377,601,B10,E041,2013-06-23
C00315,近藤 美加子,イトウ ナナミ,1979-07-15,女性,47,会社員,800-1000万,マスリテール,844-6506,茨城県つくば市南郷屋3-12,0283-93-3087,213850776898,692,0,B03,E012,2005-02-23
C00316,木村 学,ヤマモト カナ,1969-07-26,男性,57,会社員,800-1000万,マスリテール,344-4529,栃木県日光市東神田2-16,0285-28-6582,994247573582,1298,228,B12,E077,2022-03-25
C00317,阿部 里佳,タナカ モモコ,1984-01-14,女性,42,不動産賃貸業,800-1000万,マスリテール,921-0930,栃木県真岡市高輪3-18,029-76-3886,174757314715,735,333,B11,E047,2018-03-18
C00318,山下 里佳,ナカガワ ナオコ,1991-04-02,女性,35,会社員,300-500万,マスリテール,414-6361,茨城県石岡市中小来川1-5,0287-39-8421,420109306294,799,0,B01,E004,2016-08-29
C00319,中村 千代,アオキ ハルカ,1970-11-15,女性,55,弁護士,3000万以上,準富裕層,865-2785,栃木県佐野市柿木沢4-12,029-94-1133,544573885344,3139,0,B09,E035,2010-11-16
C00320,高橋 淳,オオタ リョウヘイ,1962-02-12,男性,64,会社員,500-800万,マスリテール,091-3641,栃木県鹿沼市六番町4-11,0287-68-7652,578380179233,439,0,B13,E052,2009-06-20
C00321,吉田 花子,ワタナベ ナナミ,1968-08-25,女性,58,歯科医師,1000-1500万,富裕層,120-7709,栃木県佐野市西小来川2-5,029-29-1257,890892440071,8126,0,B10,E041,2022-04-30
C00322,山田 修平,エンドウ タクマ,1972-01-08,男性,54,医師,1500-3000万,富裕層,423-0885,栃木県鹿沼市四区町4-20,0280-78-9346,707411990377,7393,0,B10,E041,2007-10-01
C00323,中村 浩,タカハシ サユリ,1984-09-21,男性,41,歯科医師,500-800万,マスリテール,499-5449,茨城県筑西市押上5-12,029-24-8917,506754373302,865,148,B06,E022,2011-04-09
C00324,佐藤 淳,マエダ ケンイチ,1974-05-22,男性,52,歯科医師,1500-3000万,準富裕層,162-8021,栃木県足利市前弥六5-19,0282-98-1864,477543023947,2419,391,B09,E074,2007-08-04
C00325,山崎 真綾,フジワラ マアヤ,1945-03-28,女性,81,自営業,500-800万,マスリテール,546-3267,栃木県佐野市北青山3-6,029-96-5981,962115778912,1585,0,B11,E047,2024-01-01
C00326,前田 桃子,サトウ アキラ,1976-12-16,女性,49,不動産賃貸業,1500-3000万,準富裕層,254-3707,茨城県水戸市丸の内ＪＰタワー3-16,029-36-9283,408308913697,2998,0,B03,E011,2011-03-30
C00327,小林 裕美子,タカハシ アスカ,1960-03-16,女性,66,税理士,500-800万,マスリテール,297-7469,茨城県つくば市東上野3-8,0285-43-9640,138062062164,353,0,B02,E008,2016-12-04
C00328,吉田 稔,ナカムラ リョウヘイ,1969-12-30,男性,56,不動産賃貸業,1500-3000万,準富裕層,768-3087,栃木県小山市卯の里2-19,0287-64-1890,390521299250,8065,661,B16,E061,2023-12-17
C00329,佐藤 千代,タナカ アキラ,1975-01-27,女性,51,公務員,1500-3000万,富裕層,173-2017,茨城県鹿嶋市京橋3-5,0283-75-1194,593050688004,3066,2555,B01,E004,2019-03-22
C00330,小林 充,フジタ ヨウコ,1947-06-24,男性,79,医師,500-800万,準富裕層,049-1771,栃木県鹿沼市土沢4-15,0288-50-4193,471600365664,1224,763,B10,E075,2005-12-19
C00331,加藤 拓真,イノウエ ナオキ,1980-10-16,男性,45,会社員,1000-1500万,マスリテール,210-0152,栃木県佐野市皇居外苑2-2,029-99-2506,824106311497,373,394,B10,E039,2013-06-02
C00332,阿部 淳,カトウ リョウヘイ,1950-05-08,男性,76,経営者,3000万以上,準富裕層,736-1928,栃木県小山市脚折町1-6,0282-57-8650,800404859161,,2459,B15,E080,2007-04-13
C00333,佐々木 陽子,ゴトウ ヨウスケ,1971-09-06,女性,54,公務員,1000-1500万,マスリテール,206-5864,栃木県大田原市虎ノ門4-11,029-53-5336,581800538483,584,0,B15,E058,2010-11-28
C00334,井上 零,イケダ ナオキ,1961-11-10,男性,64,不動産賃貸業,1500-3000万,富裕層,002-0208,茨城県土浦市前弥六5-4,0285-53-2692,177459137736,3485,0,B08,E031,2023-02-19
C00335,高橋 香織,ヤマシタ カズヤ,1991-02-21,女性,35,自営業,1500-3000万,マス,659-3787,栃木県鹿沼市浅草橋1-17,0287-82-8833,544254484901,447,47,B09,E034,2024-10-09
C00336,渡辺 篤司,オカダ リョウスケ,1947-01-05,男性,79,公務員,1000-1500万,マスリテール,297-5901,栃木県大田原市外神田1-3,0282-88-6571,935197791408,1185,632,B09,E036,2013-07-09
C00337,鈴木 康弘,サトウ キョウスケ,1978-10-30,男性,47,農業,1000-1500万,マス,174-5384,栃木県真岡市明石町1-15,0287-44-3292,310606720510,226,0,B10,E038,2022-11-21
C00338,斉藤 治,オカダ サユリ,1950-10-21,男性,75,自営業,1500-3000万,富裕層,409-7479,栃木県真岡市上広谷1-2,0282-27-6533,893657465489,2653,0,B10,E038,2021-09-18
C00339,小川 充,スズキ ユウキ,1982-01-17,男性,44,年金生活者,500-800万,マスリテール,965-2611,茨城県日立市南郷屋1-5,0285-22-8720,149900528148,974,331,B06,E023,2013-04-27
C00340,小川 稔,タナカ マアヤ,1984-09-25,男性,41,会社役員,3000万以上,準富裕層,626-0472,栃木県足利市油井1-4,0285-96-4613,980739351543,8247,288,B10,E039,2014-08-30
C00341,鈴木 舞,サトウ ナオコ,1978-05-27,女性,48,会社員,300-500万,マス,012-8598,茨城県取手市外国府間2-12,0283-41-8187,145449282964,871,95,B07,E028,2024-07-22
C00342,山口 陽子,ヨシダ ユウタ,1957-09-04,女性,69,歯科医師,1500-3000万,富裕層,354-6305,茨城県鹿嶋市四区町2-7,0280-54-9570,552906101520,9283,0,B01,E002,2021-10-12
C00343,佐藤 零,ヤマグチ ナオキ,1988-06-10,男性,38,不動産賃貸業,1500-3000万,マス,890-2709,栃木県佐野市二つ室3-14,029-91-4860,229673235422,484,0,B15,E058,2020-01-11
C00344,伊藤 淳,ヤマグチ ヒデキ,1977-10-22,男性,48,自営業,1000-1500万,マスリテール,412-3850,栃木県真岡市方京4-6,0280-25-1885,502201614722,845,0,B09,E036,2014-03-08
C00345,鈴木 幹,ヤマモト ミキ,1983-01-02,女性,43,会社員,1000-1500万,マスリテール,018-1681,茨城県筑西市高輪2-6,0288-23-8947,226765546215,2068,0,B03,E009,2013-03-31
C00346,長谷川 陽子,サカモト ユイ,1955-07-20,女性,71,不動産賃貸業,500-800万,マスリテール,687-7474,栃木県足利市丸の内2-14,0288-45-7152,344346552746,581,108,B14,E054,2012-04-07
C00347,長谷川 美加子,キムラ ヨウコ,1975-08-06,女性,51,会社役員,1500-3000万,富裕層,733-5952,茨城県古河市浅草3-7,0282-36-1525,725743279503,5633,0,B08,E031,2007-04-13
C00348,佐藤 太郎,イノウエ ハルカ,1980-10-21,男性,45,自営業,500-800万,マスリテール,046-2689,茨城県つくば市台東5-6,0283-90-4763,551342970503,522,0,B03,E013,2007-10-23
C00349,鈴木 学,タナカ レイ,1988-06-16,男性,38,不動産賃貸業,500-800万,マスリテール,220-7488,茨城県石岡市鍛冶ケ沢2-19,0280-93-1083,143139614451,1045,408,B08,E073,2019-05-03
C00350,前田 篤司,フジタ トモヤ,1968-04-28,男性,58,公務員,300-500万,マスリテール,603-8260,栃木県宇都宮市湯宮4-7,0280-65-5846,809696368996,434,107,B10,E038,2024-04-10
C00351,松本 あすか,ムラカミ ミキ,1992-02-21,女性,34,歯科医師,300-500万,マスリテール,799-2903,茨城県取手市大中2-12,0287-79-1022,790890082688,645,813,B01,E001,2019-08-11
C00352,鈴木 陽子,ヤマグチ マアヤ,1966-05-08,女性,60,農業,500-800万,マス,623-4067,茨城県日立市五味ヶ谷5-11,0287-27-9433,502329570945,148,164,B06,E022,2012-12-16
C00353,松田 美加子,タカハシ マナブ,1980-09-12,女性,45,自営業,1000-1500万,マスリテール,766-8393,茨城県つくば市九段南3-8,0283-34-8839,738886165523,375,490,B01,E066,2021-11-10
C00354,山下 零,タナカ マナブ,1981-06-07,男性,45,会社員,800-1000万,マスリテール,703-5657,茨城県筑西市油井5-4,0285-88-9730,421690693387,1392,119,B03,E012,2024-08-16
C00355,山口 裕樹,ヤマシタ ハルカ,1973-09-04,男性,52,弁護士,3000万以上,富裕層,596-9349,栃木県足利市大京町1-6,0282-34-3424,265340472930,3356,0,B09,E035,2018-06-26
C00356,斉藤 翼,マツモト アキラ,1964-06-03,男性,62,税理士,1000-1500万,富裕層,054-0927,栃木県真岡市木立1-10,0280-28-1361,984212621088,14441,0,B09,E035,2010-05-05
C00357,岡本 直子,ムラカミ ユウキ,1984-12-31,女性,41,公務員,800-1000万,マスリテール,208-8866,栃木県日光市土呂部5-15,0285-58-3161,971441485256,478,0,B13,E053,2012-03-04
C00358,鈴木 結衣,ナカジマ ヒデキ,1964-10-31,女性,61,弁護士,3000万以上,富裕層,523-4712,茨城県石岡市中三依2-18,0282-43-3873,880993982661,5141,1330,B03,E068,2023-07-13
C00359,加藤 陽一,フジワラ アスカ,1945-08-30,男性,81,歯科医師,1500-3000万,準富裕層,257-3327,栃木県那須塩原市戸山2-12,0285-89-3663,433004460861,,298,B14,E054,2021-08-07
C00360,前田 結衣,フジタ シュウヘイ,1960-01-01,女性,66,自営業,3000万以上,マス,181-1220,栃木県那須塩原市柿木沢新田1-16,029-37-2914,127093006774,325,451,B15,E080,2024-03-31
C00361,小林 翼,イノウエ クミコ,1953-03-17,男性,73,自営業,3000万以上,富裕層,866-4178,栃木県佐野市中宮祠2-1,029-88-8298,837347372732,8026,0,B09,E034,2011-08-12
C00362,佐藤 花子,フジタ ミツル,1976-05-24,女性,50,弁護士,300-500万,マスリテール,677-4934,栃木県大田原市千束3-13,0282-21-5663,483733510391,471,603,B16,E063,2020-10-18
C00363,鈴木 裕樹,マツモト サユリ,1971-07-20,男性,55,弁護士,1000-1500万,マスリテール,805-8276,栃木県大田原市氏家4-5,0288-95-2410,328250192711,614,0,B16,E063,2013-04-26
C00364,鈴木 千代,アベ タイチ,1963-05-26,女性,63,医師,800-1000万,マスリテール,223-8691,茨城県石岡市上野桜木2-7,0280-68-5742,639249752328,890,655,B08,E031,2024-12-06
C00365,鈴木 春香,イトウ リカ,1976-04-18,女性,50,不動産賃貸業,3000万以上,富裕層,636-3994,栃木県小山市長畑3-10,0287-80-3034,832952545655,5884,0,B12,E050,2018-08-26
C00366,小林 加奈,ワタナベ ナナミ,1946-04-05,女性,80,経営者,3000万以上,マスリテール,529-6143,茨城県日立市花川戸5-12,0283-81-8144,387197358866,545,0,B07,E030,2021-01-20
C00367,佐々木 聡太郎,ヤマモト オサム,1993-05-10,男性,33,会社員,800-1000万,マスリテール,171-8814,栃木県小山市三ノ輪3-6,029-54-6917,797586500875,427,0,B16,E063,2005-02-23
C00368,田中 里佳,エンドウ ツバサ,1987-08-14,女性,39,農業,1000-1500万,マスリテール,210-8810,茨城県筑西市戸塚町3-11,0288-58-5447,867448137034,1511,183,B01,E066,2017-12-06
C00369,中島 くみ子,ヤマダ タイチ,1946-12-07,女性,79,歯科医師,800-1000万,準富裕層,075-0889,茨城県土浦市押上2-17,0280-44-9612,687749394173,1620,262,B05,E070,2020-11-18
C00370,木村 翔太,カトウ ミカコ,1977-02-20,男性,49,公務員,500-800万,マスリテール,443-5183,栃木県鹿沼市所野5-11,0280-58-1471,996550629835,459,0,B09,E034,2012-10-15
C00371,松本 充,マエダ ヒロシ,1947-04-28,男性,79,経営者,500-800万,富裕層,868-1189,茨城県水戸市明石町4-14,029-45-2766,972019204718,4868,1639,B03,E068,2023-07-24
C00372,山本 稔,サイトウ ナナミ,1984-01-10,男性,42,自営業,1000-1500万,マス,448-6249,栃木県宇都宮市白金台1-5,0288-55-6698,277606360683,370,0,B09,E074,2021-06-10
C00373,佐々木 英樹,タカハシ タクマ,1985-08-19,男性,41,農業,300-500万,マスリテール,869-8941,栃木県足利市藤金2-12,0285-74-4510,351316794401,1130,253,B11,E046,2024-03-14
C00374,山本 里佳,ミウラ アケミ,1973-03-24,女性,53,医師,500-800万,超富裕層,568-2316,茨城県古河市箭坪4-4,0285-56-8486,910032504944,32135,0,B01,E003,2005-11-02
C00375,松本 香織,タナカ ハルカ,1955-10-19,女性,70,弁護士,500-800万,マスリテール,927-8397,栃木県日光市湯本塩原1-4,0280-70-7563,751525223379,454,529,B10,E038,2008-03-21
C00376,清水 淳,スズキ ミノル,1985-10-12,男性,40,医師,3000万以上,富裕層,872-0891,栃木県足利市今戸2-14,0287-83-5563,884968911912,11112,0,B10,E042,2017-11-22
C00377,山本 香織,スズキ ユミコ,1969-11-05,女性,56,会社員,1000-1500万,富裕層,338-5851,栃木県栃木市山中新田2-1,029-26-2117,845168815335,3445,0,B09,E034,2018-06-05
C00378,鈴木 陽子,アオキ タイチ,1969-10-11,女性,56,不動産賃貸業,800-1000万,マスリテール,336-5008,栃木県真岡市渡辺4-7,0282-83-9032,385635918501,565,703,B16,E065,2016-04-23
C00379,岡田 翼,サトウ ショウタ,1985-01-24,男性,41,会社役員,1500-3000万,マスリテール,729-7145,茨城県つくば市五味ヶ谷4-14,0280-59-7374,939612225671,523,666,B05,E017,2021-10-20
C00380,森 花子,ヤマダ ハルカ,1984-07-05,女性,42,年金生活者,500-800万,マスリテール,498-9038,栃木県真岡市美原町5-13,0283-65-5660,165800972534,1015,663,B09,E034,2008-07-07
C00381,近藤 亮介,サカモト シュウヘイ,1958-06-04,男性,68,会社員,1000-1500万,富裕層,907-1252,栃木県那須塩原市二つ室4-12,029-51-5056,809677298029,11358,3059,B09,E036,2022-11-03
C00382,岡田 浩,フジタ サトミ,1991-03-21,男性,35,税理士,500-800万,マス,564-4269,栃木県真岡市吾妻橋5-1,0282-68-7394,728450014451,227,274,B09,E034,2022-11-17
C00383,阿部 京助,カトウ ユミコ,1982-05-24,男性,44,経営者,500-800万,マスリテール,297-2193,栃木県大田原市今戸2-16,0287-29-9779,414452079663,,356,B12,E050,2015-01-09
C00384,加藤 桃子,アベ リョウスケ,1994-02-28,女性,32,弁護士,300-500万,マスリテール,628-2717,茨城県筑西市花川戸4-14,0280-64-2256,655347204229,880,134,B01,E003,2007-10-23
C00385,田中 裕美子,イシカワ ナオキ,1992-11-23,女性,33,弁護士,300万未満,マスリテール,041-3585,茨城県筑西市蔵前2-19,0285-47-8656,686855425106,559,411,B07,E072,2009-08-20
C00386,小林 あすか,ヤマグチ ヨウイチ,1963-06-04,女性,63,不動産賃貸業,1000-1500万,マスリテール,480-7448,栃木県佐野市中鉢石町4-14,0282-28-4335,554604966623,878,170,B13,E053,2005-10-19
C00387,鈴木 直人,ムラカミ ナオコ,1974-07-05,男性,52,税理士,300-500万,マスリテール,583-2848,栃木県栃木市港南3-15,0285-91-8145,810482162180,810,0,B12,E048,2018-01-27
C00388,林 香織,コバヤシ チヨ,1971-05-02,女性,55,歯科医師,300-500万,富裕層,361-5653,茨城県日立市蔵前3-20,0282-28-7668,503283570300,2089,7090,B03,E068,2020-11-07
C00389,山口 京助,タカハシ カオリ,1971-03-29,男性,55,公務員,1000-1500万,マスリテール,287-3465,栃木県鹿沼市四区町5-9,0285-31-4900,235720199128,1028,280,B10,E040,2008-09-27
C00390,斎藤 加奈,カトウ タイチ,1981-09-24,女性,44,経営者,300-500万,マスリテール,493-7844,茨城県ひたちなか市雷門4-14,0282-95-1916,686221626322,472,0,B04,E016,2009-03-19
C00391,山崎 翼,イトウ キョウスケ,1974-03-31,男性,52,会社員,1500-3000万,マスリテール,164-2207,栃木県宇都宮市花川戸5-2,0288-26-4926,706676942012,569,156,B10,E041,2005-10-14
C00392,佐藤 直子,ヤマグチ タクマ,1975-07-26,女性,51,年金生活者,1500-3000万,マス,577-0305,茨城県つくば市脚折町4-11,0288-72-1555,617507875972,311,186,B04,E069,2023-12-11
C00393,山田 幹,タナカ マイ,1975-08-23,女性,51,経営者,3000万以上,富裕層,813-9546,栃木県那須塩原市柿木沢4-1,0288-26-4010,588037805314,15098,1534,B15,E059,2017-06-18
C00394,高橋 稔,ニシムラ ヨウコ,1975-02-13,男性,51,年金生活者,1500-3000万,富裕層,235-6196,茨城県つくば市芝公園5-14,0288-60-8397,249186428253,5041,0,B01,E003,2007-08-24
C00395,田中 桃子,ハセガワ ヨウコ,1949-11-29,女性,76,税理士,1000-1500万,準富裕層,487-9827,茨城県石岡市中小来川2-1,029-91-4747,198384149191,1422,0,B03,E012,2022-07-22
C00396,鈴木 稔,アオキ ヒデキ,1987-03-15,男性,39,会社役員,3000万以上,富裕層,918-7069,茨城県つくば市東上野5-4,029-87-8129,602203159494,7729,0,B03,E068,2013-05-31
C00397,橋本 翼,フクダ ナオキ,1985-04-07,男性,41,経営者,500-800万,マス,390-5742,茨城県取手市南赤田2-1,0282-53-4858,596574155463,421,53,B08,E032,2013-07-05
C00398,佐々木 千代,ワタナベ リョウヘイ,1972-09-23,女性,53,医師,1000-1500万,準富裕層,263-3096,茨城県取手市中宮祠5-9,029-32-1962,465296042117,2031,855,B05,E018,2019-03-08
C00399,木村 加奈,コバヤシ シュウヘイ,1980-01-28,女性,46,不動産賃貸業,500-800万,マスリテール,323-6698,茨城県古河市勝どき2-18,029-94-3938,285801537872,401,0,B08,E073,2007-02-18
C00400,阿部 直子,イシイ マイ,1973-10-18,女性,52,歯科医師,500-800万,準富裕層,626-4514,栃木県宇都宮市白金台2-16,0288-55-6907,576424560378,1790,0,B15,E060,2020-02-06
C00401,井上 結衣,タナカ ユイ,1973-04-19,女性,53,不動産賃貸業,1500-3000万,富裕層,259-5024,栃木県真岡市丸の内ＪＰタワー2-18,0288-76-1871,264020162295,6156,0,B14,E054,2020-06-25
C00402,石川 亮介,ナカジマ トモヤ,1984-12-08,男性,41,自営業,1500-3000万,マスリテール,972-2650,茨城県鹿嶋市南赤田1-15,0282-91-8949,643131942270,407,0,B03,E009,2009-04-16
C00403,後藤 陽一,タカハシ ミツル,1945-04-09,男性,81,医師,3000万以上,富裕層,093-2381,栃木県日光市上野公園5-6,0285-29-5033,648760469941,4316,3072,B13,E051,2023-07-08
C00404,鈴木 淳,コバヤシ マナブ,1946-12-04,男性,79,税理士,500-800万,マスリテール,393-6564,栃木県宇都宮市東上野1-15,0288-81-8439,753991742871,151,0,B14,E054,2010-09-24
C00405,太田 洋介,ヤマザキ トモヤ,1945-07-19,男性,81,年金生活者,300万未満,マスリテール,870-8489,茨城県ひたちなか市鶴ヶ丘3-2,0287-29-9964,765513343753,1241,311,B04,E069,2008-11-23
C00406,斎藤 あすか,イトウ アケミ,1994-10-03,女性,31,歯科医師,1000-1500万,準富裕層,088-4520,茨城県ひたちなか市台場5-5,0282-32-7020,321245160945,1186,408,B01,E004,2012-01-24
C00407,加藤 知実,イシカワ オサム,1991-11-16,女性,34,自営業,500-800万,マスリテール,562-4661,茨城県取手市四番町1-2,0283-63-8594,347718423682,,736,B07,E028,2011-12-13
C00408,伊藤 修平,フクダ ユミコ,1945-03-28,男性,81,税理士,1500-3000万,マスリテール,179-6670,栃木県栃木市日本堤5-14,0282-92-1781,183970881270,392,172,B15,E058,2007-02-17
C00409,山口 花子,オカダ ジュン,1989-09-05,女性,36,公務員,1000-1500万,マス,832-9419,栃木県宇都宮市花島1-15,0280-43-7438,190388697926,269,78,B09,E037,2018-11-19
C00410,木村 千代,フジワラ ミカコ,1979-10-05,女性,46,会社員,1500-3000万,マスリテール,918-9614,栃木県小山市轟2-6,029-97-5248,842477936253,1545,490,B14,E054,2014-08-22
C00411,鈴木 充,モリ ショウタ,1985-10-21,男性,40,会社役員,3000万以上,マスリテール,422-5785,茨城県石岡市東浅草4-10,0283-98-6910,841700746879,470,1619,B07,E030,2015-09-18
C00412,伊藤 治,モリ ハナコ,1948-11-16,男性,77,歯科医師,1500-3000万,準富裕層,953-2924,栃木県日光市上野桜木2-3,0282-79-3427,565892235615,3690,1375,B12,E048,2011-04-12
C00413,坂本 淳,オオタ ミノル,1992-06-09,男性,34,経営者,500-800万,マスリテール,194-8175,茨城県土浦市木立2-10,0283-70-1834,110023809687,639,0,B01,E001,2009-09-12
C00414,遠藤 知実,タナカ ショウタ,1987-08-26,女性,39,公務員,800-1000万,マスリテール,364-2555,栃木県鹿沼市美原町5-16,0280-27-9655,563938156792,1157,171,B10,E042,2007-05-26
C00415,森 稔,サイトウ ユイ,1993-11-08,男性,32,税理士,1000-1500万,マスリテール,868-7901,茨城県水戸市北青山2-10,0287-44-8688,582513150449,611,627,B04,E015,2017-05-31
C00416,青木 裕美子,ササキ モモコ,1959-04-17,女性,67,不動産賃貸業,1500-3000万,準富裕層,227-9448,栃木県大田原市山中新田3-16,0288-40-4394,857127388601,2919,0,B09,E034,2006-01-31
C00417,佐々木 英樹,ヤマグチ タクマ,1988-11-16,男性,37,歯科医師,800-1000万,準富裕層,794-2863,栃木県日光市池之端1-1,0282-53-6849,274706074860,1399,2860,B10,E039,2024-07-12
C00418,山本 晃,モリ タクマ,1974-08-18,男性,52,医師,800-1000万,富裕層,333-5924,栃木県佐野市細野3-12,0288-25-5382,267058412453,5135,0,B12,E048,2008-09-28
C00419,伊藤 幹,コバヤシ ミキ,1966-08-14,女性,60,自営業,1500-3000万,準富裕層,429-6099,栃木県日光市京橋1-6,0287-35-4365,499049645339,4857,0,B10,E039,2022-01-31
C00420,山田 裕美子,マツダ ミノル,1956-08-27,女性,70,農業,1000-1500万,富裕層,102-4422,栃木県小山市戸島1-7,0285-73-1107,623166295059,7487,0,B10,E040,2016-02-09
C00421,田中 陽一,ヤマダ アキラ,1954-01-03,男性,72,医師,1500-3000万,超富裕層,511-2203,茨城県つくば市東浅草5-14,0288-49-3260,571595005512,9599,0,B03,E012,2015-09-06
C00422,後藤 七夏,キムラ ユミコ,1947-06-08,女性,79,農業,300万未満,マスリテール,101-2676,栃木県日光市日光1-3,0282-60-7580,950325978652,619,0,B15,E059,2009-04-23
C00423,佐々木 里佳,ヤマダ タイチ,1958-04-01,女性,68,会社役員,1500-3000万,マスリテール,368-9180,茨城県筑西市平須賀5-5,0287-71-8310,326103740129,381,199,B07,E072,2011-11-19
C00424,鈴木 陽子,キムラ ミツル,1978-02-07,女性,48,経営者,300-500万,富裕層,178-4663,栃木県那須塩原市六番町4-5,0283-89-5651,199702230567,5417,0,B09,E074,2011-07-03
C00425,藤田 美加子,コバヤシ ソウタロウ,1968-08-25,女性,58,年金生活者,1500-3000万,準富裕層,979-2373,栃木県宇都宮市卯の里3-9,0287-84-6807,152071380420,2618,665,B09,E034,2017-10-23
C00426,吉田 学,コンドウ カオリ,1949-01-13,男性,77,自営業,500-800万,マスリテール,351-3739,茨城県石岡市外神田2-13,0283-51-2724,668343775055,1736,334,B07,E072,2011-05-04
C00427,山下 陽子,ワタナベ ミカコ,1984-10-29,女性,41,自営業,300-500万,マス,961-5950,茨城県土浦市東上野4-3,0282-87-7598,716706792556,176,51,B03,E013,2024-04-23
C00428,高橋 明美,イシカワ ミノル,1957-10-31,女性,68,不動産賃貸業,1500-3000万,富裕層,761-1311,栃木県真岡市幸手4-5,0287-85-9669,860716267297,8437,0,B11,E044,2008-05-04
C00429,鈴木 零,イノウエ アケミ,1984-04-25,男性,42,経営者,300-500万,マス,536-1363,茨城県石岡市南郷屋3-2,0283-39-2929,436602889218,548,147,B07,E029,2010-04-01
C00430,鈴木 真綾,イトウ ナナミ,1967-08-07,女性,59,会社役員,3000万以上,準富裕層,129-2150,茨城県ひたちなか市松が谷2-6,0288-82-1034,701820815786,1183,0,B04,E016,2021-10-08
C00431,佐藤 太郎,エンドウ ミカコ,1994-09-21,男性,31,公務員,1000-1500万,マスリテール,553-4463,茨城県石岡市戸山2-5,0283-78-8371,592491963032,,533,B01,E002,2007-09-14
C00432,林 美加子,マツモト リカ,1972-03-22,女性,54,医師,500-800万,マスリテール,930-5688,栃木県日光市北上野1-15,0287-55-2450,284107868723,888,0,B13,E051,2015-10-17
C00433,吉田 春香,ワタナベ ナナミ,1945-07-16,女性,81,農業,800-1000万,マスリテール,535-2233,栃木県鹿沼市丸の内ＪＰタワー1-19,0283-44-8796,228929180458,336,0,B09,E074,2010-09-26
C00434,池田 直樹,ヤマモト マイ,1985-09-10,男性,40,税理士,800-1000万,マス,611-3788,茨城県取手市中宮祠5-2,0285-22-6569,299445471138,142,84,B03,E012,2015-12-19
C00435,加藤 結衣,カトウ サユリ,1981-06-17,女性,45,公務員,1000-1500万,マスリテール,661-6385,茨城県つくば市港南3-14,0287-41-1965,298965608540,735,0,B01,E001,2009-05-31
C00436,吉田 千代,ワタナベ ユイ,1986-03-31,女性,40,公務員,500-800万,マス,422-3080,栃木県足利市東大和町1-7,0280-96-4874,660463079055,230,0,B10,E042,2008-08-25
C00437,鈴木 智也,ワタナベ ヨウコ,1970-02-02,男性,56,税理士,300万未満,マス,328-0317,茨城県土浦市四区町1-9,0283-95-2663,938576542283,211,0,B06,E026,2005-12-29
C00438,田中 和也,ワタナベ ミカコ,1982-01-30,男性,44,税理士,500-800万,マスリテール,238-1477,栃木県日光市四区町4-2,029-79-5739,100718898818,641,582,B10,E038,2005-04-18
C00439,中村 七夏,ナカガワ ミカコ,1980-07-17,女性,46,税理士,1500-3000万,マスリテール,032-5410,栃木県佐野市方京1-6,0287-88-2145,195780512407,359,472,B15,E080,2021-11-14
C00440,佐藤 康弘,スズキ ミキ,1954-04-06,男性,72,経営者,1500-3000万,準富裕層,917-4097,栃木県那須塩原市芝浦3-7,0285-96-6381,249000339982,1515,1409,B10,E075,2021-07-25
C00441,松田 千代,フジタ ミカコ,1957-08-09,女性,69,会社役員,1500-3000万,準富裕層,034-3263,栃木県足利市池之端5-1,0288-76-3022,515807729297,3217,2794,B15,E060,2019-09-15
C00442,松本 修平,コバヤシ ナナミ,1992-09-28,男性,33,医師,1000-1500万,マスリテール,162-0691,茨城県ひたちなか市東上野3-7,029-98-5967,889451128984,609,0,B06,E023,2007-06-12
C00443,山崎 知実,サカモト サトミ,1994-08-20,女性,32,会社員,1500-3000万,マス,241-7113,茨城県取手市東神田1-9,0283-84-9093,706322582280,375,0,B03,E010,2005-04-21
C00444,林 拓真,サトウ アツシ,1974-08-20,男性,52,医師,1500-3000万,準富裕層,707-7786,栃木県佐野市渡辺2-1,0287-88-5143,717103823189,1547,0,B10,E041,2012-06-05
C00445,伊藤 幹,イケダ タイチ,1992-06-20,女性,34,年金生活者,800-1000万,マスリテール,777-0983,茨城県古河市日光5-2,0287-48-1769,685919705088,1358,119,B01,E004,2012-02-10
C00446,橋本 加奈,ササキ タイチ,1995-01-23,女性,31,弁護士,1000-1500万,マスリテール,807-5690,茨城県取手市富久町1-8,0280-41-6394,170054377754,302,0,B04,E014,2019-08-31
C00447,池田 春香,ワタナベ アツシ,1969-09-30,女性,56,会社役員,3000万以上,準富裕層,448-9159,茨城県水戸市藤金3-17,0288-50-2194,760461814902,3684,0,B01,E005,2015-11-09
C00448,田中 健一,ナカムラ ミカコ,1959-01-15,男性,67,年金生活者,300万未満,マスリテール,851-9808,茨城県古河市氏家新田1-5,029-76-1897,771309706583,753,0,B07,E030,2006-05-19
C00449,山田 洋介,イノウエ ミカコ,1945-01-14,男性,81,農業,1500-3000万,準富裕層,653-8289,茨城県土浦市芝浦5-20,029-78-7290,973872123951,1881,0,B01,E004,2019-09-03
C00450,清水 太郎,ヤマモト オサム,1978-07-28,男性,48,会社員,300-500万,マスリテール,551-6348,栃木県鹿沼市鍛冶ケ沢1-19,0288-44-3064,661083204886,660,0,B14,E056,2015-06-25
C00451,藤田 くみ子,ナカムラ リカ,1961-06-03,女性,65,経営者,500-800万,マスリテール,098-8572,茨城県古河市東大和町3-19,0283-38-3415,441319005596,657,130,B05,E021,2005-11-16
C00452,田中 あすか,スズキ シュウヘイ,1950-01-14,女性,76,会社役員,800-1000万,マスリテール,584-6366,茨城県筑西市千束1-14,0282-45-4282,964152836923,881,0,B05,E017,2015-07-08
C00453,佐藤 千代,サトウ レイ,1955-08-24,女性,71,経営者,300-500万,マスリテール,503-1310,茨城県鹿嶋市入谷1-16,0280-20-4654,352085462815,496,355,B05,E020,2021-01-07
C00454,小林 裕太,ハセガワ アスカ,1987-01-02,男性,39,自営業,1500-3000万,マスリテール,272-8667,栃木県宇都宮市長畑3-1,029-65-1491,226936433890,2423,218,B09,E035,2019-09-08
C00455,鈴木 修平,スズキ ショウタ,1972-02-11,男性,54,年金生活者,500-800万,マスリテール,194-3164,茨城県ひたちなか市松が谷2-11,0288-90-5029,315515194408,1216,169,B03,E009,2018-02-19
C00456,井上 結衣,ナカジマ リカ,1974-05-28,女性,52,医師,800-1000万,富裕層,690-7515,茨城県鹿嶋市津久戸町2-12,0288-67-3807,679567876638,8341,4827,B03,E013,2022-08-28
C00457,小川 英樹,ヤマグチ サユリ,1972-03-24,男性,54,医師,1500-3000万,準富裕層,614-7258,栃木県宇都宮市六番町5-19,0280-88-5819,266600011006,1414,681,B14,E056,2023-01-18
C00458,近藤 舞,ハセガワ ハナコ,1976-01-11,女性,50,歯科医師,1500-3000万,準富裕層,576-8939,茨城県日立市下宇和田2-17,0285-85-7131,669077101261,1905,0,B03,E012,2012-07-02
C00459,小林 美加子,ミウラ アケミ,1982-01-15,女性,44,農業,1000-1500万,マスリテール,291-9760,茨城県水戸市所野2-8,0280-77-4840,337923578725,506,366,B03,E011,2015-05-09
C00460,佐藤 千代,イシイ アキラ,1984-05-06,女性,42,不動産賃貸業,800-1000万,マス,965-4521,茨城県鹿嶋市橋場5-20,0282-74-8391,574454518755,,108,B07,E030,2016-02-16
C00461,鈴木 美加子,タカハシ ナオコ,1963-09-20,女性,62,会社員,800-1000万,マスリテール,596-4093,茨城県古河市天神島1-10,0288-84-9401,806722488543,618,0,B05,E017,2010-02-15
C00462,鈴木 拓真,イシカワ ユウタ,1961-07-23,男性,65,医師,1000-1500万,準富裕層,494-2832,栃木県佐野市蔵前2-20,0280-89-5278,946145210043,1815,0,B11,E045,2021-07-06
C00463,林 七夏,イシカワ ヒロシ,1964-06-16,女性,62,公務員,1500-3000万,富裕層,798-0916,茨城県つくば市日比谷公園4-8,0280-46-8773,667939516515,18759,0,B03,E013,2011-12-17
C00464,加藤 加奈,ナカジマ リョウスケ,1975-09-19,女性,50,経営者,1000-1500万,富裕層,011-6266,栃木県真岡市西小来川4-18,029-67-3276,435558689428,5166,550,B11,E076,2011-02-05
C00465,山本 裕美子,ナカムラ ユウキ,1956-04-05,女性,70,会社員,1500-3000万,準富裕層,051-6436,茨城県筑西市秋葉原3-11,0283-22-1527,254284434509,2004,0,B01,E002,2020-01-21
C00466,伊藤 七夏,タカハシ ハナコ,1949-03-18,女性,77,不動産賃貸業,500-800万,マスリテール,585-0807,栃木県真岡市台場3-3,0280-33-3910,764384301472,776,215,B16,E064,2010-04-02
C00467,山口 康弘,マエダ ナオキ,1973-07-10,男性,53,医師,3000万以上,超富裕層,499-6476,茨城県取手市上吉羽4-6,029-36-9789,625783081145,11778,6163,B01,E066,2016-03-22
C00468,伊藤 淳,ナカムラ ユミコ,1949-07-27,男性,77,歯科医師,1000-1500万,富裕層,687-6776,茨城県土浦市箪笥町5-15,0282-45-1121,258875500807,2448,914,B01,E004,2012-04-21
C00469,山本 陽子,フジタ ケンイチ,1995-05-15,女性,31,不動産賃貸業,1500-3000万,準富裕層,631-7245,茨城県ひたちなか市横林4-12,0287-58-7407,556018695058,3201,893,B01,E002,2013-10-23
C00470,田中 春香,マエダ リョウスケ,1949-05-18,女性,77,自営業,1000-1500万,富裕層,757-0893,茨城県水戸市長間2-6,0282-88-5782,864790841401,9238,0,B03,E068,2023-12-24
C00471,遠藤 洋介,サトウ カナ,1960-07-23,男性,66,自営業,1500-3000万,富裕層,482-0372,栃木県真岡市一ツ橋1-3,0287-79-7244,917519784871,4572,0,B10,E041,2009-03-07
C00472,田中 桃子,イノウエ ヨウコ,1982-03-23,女性,44,会社役員,1000-1500万,マス,144-0301,栃木県真岡市港南4-15,029-30-9985,369109862952,143,0,B13,E078,2016-08-29
C00473,渡辺 あすか,タナカ ヨウコ,1958-11-01,女性,67,歯科医師,800-1000万,準富裕層,476-0136,茨城県取手市東大和町2-3,0287-21-5476,581695599512,5233,0,B02,E008,2012-10-09
C00474,阿部 零,エンドウ アケミ,1959-12-01,男性,66,年金生活者,1000-1500万,マスリテール,904-6332,茨城県日立市天神島4-10,0285-26-1076,946317570583,313,793,B03,E012,2024-08-05
C00475,青木 直樹,タナカ ナオト,1994-04-21,男性,32,会社員,3000万以上,マス,574-0352,栃木県足利市長畑2-6,029-73-9396,993815696092,708,0,B11,E045,2009-12-12
C00476,中村 拓真,サトウ ミノル,1962-12-12,男性,63,不動産賃貸業,1000-1500万,準富裕層,640-4953,茨城県水戸市戸島4-11,029-69-4485,342488596214,4628,698,B04,E014,2024-12-01
C00477,岡田 里佳,サイトウ アケミ,1993-02-23,女性,33,年金生活者,500-800万,マスリテール,971-4590,栃木県鹿沼市外国府間4-4,0287-88-3809,757536921095,620,0,B10,E040,2008-01-14
C00478,阿部 香織,マツモト ヨウコ,1989-07-03,女性,37,年金生活者,300万未満,マスリテール,702-3726,栃木県鹿沼市大京町4-13,0283-49-9248,875617271486,477,346,B16,E061,2009-10-22
C00479,吉田 聡太郎,ヤマダ クミコ,1955-07-18,男性,71,税理士,500-800万,準富裕層,141-9519,茨城県古河市竜泉4-10,0280-39-7156,805252464836,5794,0,B03,E009,2018-09-06
C00480,石井 七夏,ヨシダ レイ,1994-10-05,女性,31,経営者,1500-3000万,富裕層,148-9254,茨城県土浦市氏家3-11,0280-46-9836,834085838048,3788,1390,B03,E010,2011-05-08
C00481,田中 洋介,イシカワ ヤスヒロ,1961-04-02,男性,65,不動産賃貸業,3000万以上,富裕層,996-6783,栃木県宇都宮市虎ノ門虎ノ門ヒルズ森タワー2-7,0280-31-3845,703840750689,6136,858,B12,E049,2011-01-25
C00482,高橋 修平,タカハシ アキラ,1983-11-19,男性,42,公務員,500-800万,マスリテール,626-4372,茨城県石岡市天神島2-10,0282-93-8344,799941052655,676,0,B03,E010,2016-12-04
C00483,池田 春香,イケダ ナオキ,1951-11-03,女性,74,医師,1500-3000万,超富裕層,866-9907,茨城県取手市上野公園2-16,029-68-8002,193862396596,13506,0,B03,E011,2019-03-29
C00484,田中 拓真,ササキ サユリ,1954-11-09,男性,71,農業,500-800万,マスリテール,033-6694,栃木県日光市東和町5-16,029-62-3238,618466390309,446,0,B09,E035,2023-07-05
C00485,伊藤 稔,マエダ オサム,1954-01-11,男性,72,会社役員,1000-1500万,準富裕層,977-7197,茨城県ひたちなか市千束5-3,0285-24-3039,278522929538,2085,612,B02,E007,2018-10-04
C00486,坂本 舞,フジタ ヨウコ,1982-07-02,女性,44,経営者,3000万以上,マスリテール,389-5126,栃木県栃木市白金2-16,029-66-1462,833140057272,711,550,B11,E076,2017-03-25
C00487,松本 美加子,ハセガワ アスカ,1989-10-06,女性,36,年金生活者,1500-3000万,マス,251-8498,茨城県取手市元浅草5-3,0283-44-7929,376711305976,176,299,B02,E008,2012-11-29
C00488,井上 桃子,タナカ トモヤ,1965-04-19,女性,61,不動産賃貸業,3000万以上,超富裕層,311-4684,栃木県佐野市今戸2-13,0287-59-1105,288922835965,,9229,B09,E037,2008-05-01
C00489,斎藤 篤司,ヤマダ ミツル,1968-01-13,男性,58,経営者,1500-3000万,超富裕層,739-8202,茨城県土浦市無栗屋4-6,0283-34-8383,995788839714,15959,3187,B01,E002,2008-08-06
C00490,加藤 太一,サトウ ミカコ,1975-02-08,男性,51,経営者,3000万以上,富裕層,729-3308,茨城県日立市浅草橋2-3,0282-30-7188,401183214023,8330,5330,B03,E009,2006-10-21
C00491,池田 零,ヤマシタ カズヤ,1949-08-26,男性,77,自営業,1000-1500万,マスリテール,723-7362,茨城県水戸市勝どき5-2,029-47-9557,107695664604,825,0,B05,E020,2006-09-16
C00492,石川 桃子,コバヤシ タクマ,1947-03-29,女性,79,自営業,1500-3000万,富裕層,174-5491,栃木県那須塩原市四区町3-8,0282-71-7200,162752947085,10472,0,B09,E036,2008-03-30
C00493,田中 裕樹,ヨシダ ソウタロウ,1982-03-27,男性,44,会社役員,3000万以上,マスリテール,984-7311,栃木県栃木市鶴ヶ丘3-15,0283-80-9436,827623838231,1190,106,B13,E052,2017-07-12
C00494,青木 知実,シミズ ジュン,1945-08-16,女性,81,会社役員,1500-3000万,準富裕層,509-8169,茨城県取手市吾妻橋5-3,0282-74-8800,825793086382,2204,685,B01,E066,2021-02-23
C00495,伊藤 裕美子,ヤマダ ミカコ,1949-01-18,女性,77,税理士,800-1000万,マスリテール,614-0107,栃木県小山市長間4-3,0282-90-8648,628777813376,515,511,B14,E079,2022-08-23
C00496,清水 英樹,サトウ キョウスケ,1947-10-23,男性,78,歯科医師,1000-1500万,準富裕層,357-0601,茨城県ひたちなか市横林4-4,0287-37-9757,897290018514,3028,713,B03,E012,2022-01-28
C00497,中村 香織,スズキ ケンイチ,1953-03-24,女性,73,弁護士,1000-1500万,マスリテール,291-9747,茨城県取手市押上5-14,0288-49-4662,225666851623,1240,166,B01,E003,2024-04-28
C00498,福田 治,ナカムラ マアヤ,1986-10-31,男性,39,会社員,500-800万,マスリテール,776-7001,茨城県取手市東三島5-1,0282-27-9775,449712122165,771,309,B01,E003,2010-11-09
C00499,鈴木 亮介,ナカムラ マイ,1971-10-04,男性,54,農業,300-500万,マスリテール,712-3425,栃木県佐野市西川2-16,0287-78-3415,411820919608,783,304,B12,E049,2007-03-10
C00500,佐々木 裕樹,ヨシダ ハナコ,1958-03-30,男性,68,不動産賃貸業,1000-1500万,超富裕層,588-5797,栃木県那須塩原市油井2-7,0288-48-1861,296606589329,21064,5880,B10,E041,2017-04-14
C00501,松本 里佳,ササキ サユリ,1990-01-24,女性,36,年金生活者,800-1000万,マス,238-4759,栃木県佐野市上高野3-7,0287-90-7451,242151905143,194,199,B10,E040,2005-01-12
C00502,山田 陽一,イシカワ シュウヘイ,1985-10-10,男性,40,経営者,1000-1500万,マスリテール,424-6783,栃木県佐野市中鉢石町2-7,0280-45-1149,896124697616,670,0,B11,E047,2011-09-05
C00503,佐藤 修平,ワタナベ カオリ,1960-09-11,男性,65,公務員,1000-1500万,富裕層,518-9011,茨城県鹿嶋市隼町2-2,029-85-6545,579289970775,7219,0,B01,E002,2020-05-04
C00504,池田 花子,イシカワ ヨウコ,1993-12-18,女性,32,弁護士,800-1000万,マス,852-2877,栃木県小山市上高野4-3,0288-79-7260,792671778532,174,0,B10,E075,2011-08-12
C00505,西村 直樹,オガワ リカ,1951-12-04,男性,74,医師,1500-3000万,準富裕層,159-7546,茨城県石岡市元浅草4-9,0287-32-3967,629930072535,1240,1012,B07,E030,2022-12-01
C00506,後藤 翼,ムラカミ ソウタロウ,1973-10-23,男性,52,医師,1000-1500万,富裕層,694-5169,茨城県筑西市元浅草5-18,0287-35-4399,825702074238,8186,3029,B04,E014,2005-05-17
C00507,小川 涼平,スズキ クミコ,1959-04-21,男性,67,会社役員,1500-3000万,準富裕層,031-5556,茨城県つくば市港南1-18,0282-24-2386,237352746756,2340,0,B03,E013,2017-07-13
C00508,木村 拓真,ハヤシ リョウスケ,1984-11-23,男性,41,公務員,800-1000万,マスリテール,315-5152,茨城県古河市土呂部5-12,0283-88-9365,856815497902,,395,B04,E014,2010-06-07
C00509,佐々木 翔太,ヤマダ ナナミ,1956-01-09,男性,70,弁護士,800-1000万,準富裕層,309-2867,栃木県鹿沼市無栗屋4-3,0283-52-5270,814604313686,1706,587,B10,E039,2012-06-26
C00510,後藤 零,ヨシダ アキラ,1985-09-30,男性,40,税理士,1000-1500万,マスリテール,926-8192,茨城県筑西市渡辺5-6,0285-39-6183,967550962446,567,155,B06,E025,2008-10-21
C00511,石川 直人,フジタ クミコ,1984-03-29,男性,42,医師,500-800万,マスリテール,100-8456,茨城県土浦市油井3-1,029-68-4640,959444442469,731,218,B06,E022,2009-02-07
C00512,山田 桃子,サトウ レイ,1947-03-31,女性,79,不動産賃貸業,1000-1500万,超富裕層,868-9736,茨城県ひたちなか市前弥六5-4,029-41-6210,928698951638,8804,0,B03,E012,2011-09-01
C00513,鈴木 七夏,キムラ ソウタロウ,1977-07-31,女性,49,自営業,500-800万,マスリテール,214-5257,茨城県ひたちなか市木立1-12,0287-51-7852,605546799657,709,0,B03,E010,2008-11-07
C00514,松本 美加子,ワタナベ ケンイチ,1958-12-15,女性,67,自営業,300-500万,マスリテール,015-9168,茨城県ひたちなか市花川戸4-11,0288-31-2302,899193311874,745,114,B07,E028,2007-01-18
C00515,井上 淳,オオタ ヨウイチ,1959-06-12,男性,67,不動産賃貸業,1500-3000万,準富裕層,250-2806,栃木県日光市蟇沼1-13,029-98-4115,107498657548,1517,991,B15,E080,2011-03-25
C00516,井上 あすか,サトウ リョウヘイ,1979-06-13,女性,47,弁護士,300-500万,マスリテール,108-6284,栃木県那須塩原市西小来川1-14,0285-68-3793,469853521665,825,151,B10,E075,2006-09-22
C00517,田中 学,シミズ ナナミ,1961-12-12,男性,64,税理士,1500-3000万,富裕層,202-8740,茨城県取手市方京2-10,0287-85-1580,610823715108,5883,0,B03,E013,2024-06-21
C00518,木村 治,スズキ ナナミ,1979-11-28,男性,46,会社員,300-500万,マス,727-7625,栃木県真岡市上野公園2-3,0283-85-3518,234908011080,347,66,B13,E078,2009-08-20
C00519,高橋 陽子,フジイ マアヤ,1954-05-08,女性,72,弁護士,800-1000万,富裕層,939-5412,茨城県ひたちなか市東神田1-15,0287-76-3651,487147812638,5278,0,B01,E066,2014-01-24
C00520,佐藤 加奈,ササキ サユリ,1959-05-24,女性,67,経営者,1000-1500万,準富裕層,356-9903,茨城県古河市山中新田1-6,0287-45-8852,834266315497,1567,0,B07,E029,2015-02-28
C00521,長谷川 加奈,イノウエ カオリ,1985-05-30,女性,41,農業,1000-1500万,マスリテール,545-7552,茨城県取手市台場5-13,0280-34-2767,124879512734,1722,0,B01,E002,2016-10-23
C00522,清水 英樹,マツダ タクマ,1948-05-15,男性,78,年金生活者,800-1000万,マス,213-9682,茨城県ひたちなか市筑土八幡町4-3,0288-74-5059,270156352877,258,0,B02,E007,2020-09-07
C00523,木村 太一,タナカ ミノル,1948-12-21,男性,77,税理士,1000-1500万,マスリテール,953-9407,茨城県日立市蔵前5-20,0280-44-3436,229834216511,209,0,B03,E010,2007-04-16
C00524,中村 加奈,タナカ マアヤ,1948-07-20,女性,78,弁護士,300-500万,マス,111-9771,茨城県取手市芝浦5-10,0287-49-4633,569595308145,254,0,B06,E025,2011-07-20
C00525,鈴木 くみ子,マエダ ミノル,1952-08-10,女性,74,年金生活者,1000-1500万,準富裕層,544-4775,茨城県取手市芝大門2-11,029-43-1669,155836876656,1986,0,B01,E066,2017-04-24
C00526,田中 稔,ヤマモト ナナミ,1991-11-04,男性,34,税理士,500-800万,マスリテール,959-7122,栃木県足利市丸の内ＪＰタワー1-1,0287-90-3134,496559534812,433,156,B10,E075,2024-10-21
C00527,斎藤 桃子,コンドウ ナナミ,1948-03-08,女性,78,弁護士,300-500万,マスリテール,922-8992,栃木県鹿沼市西小来川1-2,0283-44-4160,592652763636,440,0,B12,E048,2005-01-07
C00528,鈴木 七夏,イトウ ユウキ,1975-02-05,女性,51,税理士,500-800万,マスリテール,640-5212,茨城県ひたちなか市芝浦5-12,0282-77-2923,580653437281,638,173,B01,E001,2013-02-13
C00529,井上 稔,ササキ シュウヘイ,1973-04-29,男性,53,歯科医師,800-1000万,マスリテール,863-5902,茨城県筑西市大京町4-13,0283-54-4390,100790558940,693,112,B08,E032,2008-02-01
C00530,高橋 治,タカハシ リョウヘイ,1969-10-26,男性,56,農業,3000万以上,富裕層,447-2224,栃木県佐野市細竹3-18,029-41-4668,684311456308,6070,0,B09,E035,2007-09-30
C00531,石井 涼平,シミズ ミカコ,1970-12-24,男性,55,税理士,800-1000万,マス,565-7373,茨城県水戸市芝公園3-20,0282-61-2363,877158989846,117,21,B04,E016,2012-02-09
C00532,吉田 明美,コンドウ チヨ,1981-04-26,女性,45,不動産賃貸業,3000万以上,富裕層,275-6731,栃木県小山市吾妻橋3-1,0283-94-2743,919147339027,5115,3950,B10,E075,2016-07-11
C00533,松田 裕美子,ハシモト カナ,1974-08-05,女性,52,年金生活者,800-1000万,マスリテール,984-1311,茨城県取手市湯本塩原2-15,0280-75-7039,200841566728,783,214,B06,E025,2019-08-09
C00534,山田 治,イトウ ミツル,1982-10-28,男性,43,歯科医師,1000-1500万,準富裕層,983-1279,茨城県ひたちなか市竜泉2-6,0288-70-4077,254917125833,7178,0,B03,E009,2020-12-17
C00535,斎藤 花子,ヤマダ ナオト,1991-03-17,女性,35,年金生活者,500-800万,マスリテール,587-5431,茨城県水戸市高田馬場1-1,0288-25-3165,947175182116,,711,B07,E027,2012-01-22
C00536,山本 篤司,イシカワ ユミコ,1958-04-13,男性,68,会社役員,1000-1500万,富裕層,644-7752,茨城県土浦市小入1-18,0287-54-9906,122003441815,7328,4147,B03,E009,2016-06-16
C00537,岡田 陽子,ヤマモト オサム,1951-06-20,女性,75,医師,800-1000万,準富裕層,078-4552,茨城県土浦市花島4-13,0280-65-5699,855394510536,4407,0,B01,E004,2007-08-27
C00538,渡辺 淳,ナカジマ マナブ,1953-11-26,男性,72,自営業,1000-1500万,準富裕層,605-2476,栃木県那須塩原市秋葉原1-2,0283-39-3917,681661529940,4312,0,B10,E040,2012-05-24
C00539,渡辺 千代,タナカ モモコ,1988-12-16,女性,37,歯科医師,1500-3000万,マスリテール,351-1382,栃木県佐野市横林4-12,0282-29-1035,267409447530,1073,0,B09,E035,2016-11-28
C00540,村上 舞,イトウ ミカコ,1982-01-09,女性,44,自営業,500-800万,マスリテール,171-3454,茨城県つくば市丸の内ＪＰタワー2-13,0282-60-9097,630101322298,949,384,B04,E069,2006-02-01
C00541,前田 加奈,タカハシ タクマ,1969-04-14,女性,57,歯科医師,1500-3000万,準富裕層,487-8724,栃木県真岡市天神島5-18,0288-49-7301,736014295182,4493,0,B09,E037,2012-08-06
C00542,佐々木 京助,サトウ ミカコ,1964-06-24,男性,62,経営者,3000万以上,富裕層,323-8687,栃木県小山市長畑3-15,0280-90-7898,328674785130,19553,1064,B09,E035,2006-12-13
C00543,三浦 翼,ナカムラ ナオコ,1985-11-30,男性,40,医師,3000万以上,マスリテール,261-9571,茨城県古河市白金1-4,0287-94-2208,130744119793,927,0,B01,E002,2014-03-22
C00544,石川 浩,マツモト ミノル,1980-03-15,男性,46,弁護士,3000万以上,マス,184-5132,茨城県鹿嶋市手岡4-11,0285-21-5698,267981611243,221,48,B05,E017,2018-06-16
C00545,佐藤 和也,イケダ タロウ,1956-03-10,男性,70,不動産賃貸業,1500-3000万,準富裕層,290-4127,栃木県佐野市上高野5-17,0282-49-7941,275799240152,2507,5708,B14,E056,2005-09-06
C00546,佐藤 陽子,ミウラ ミツル,1951-03-19,女性,75,歯科医師,300-500万,マスリテール,980-1965,栃木県日光市前弥六5-3,0288-79-8821,818604677761,365,0,B16,E081,2022-02-16
C00547,小林 里佳,サカモト ユウキ,1954-05-25,女性,72,歯科医師,500-800万,準富裕層,301-7650,茨城県日立市二つ室3-20,0288-62-1459,410266418472,5220,0,B06,E023,2017-10-10
C00548,藤田 裕樹,ワタナベ カオリ,1959-02-21,男性,67,弁護士,800-1000万,マスリテール,063-6271,栃木県宇都宮市芝大門5-16,029-26-6154,109915382378,500,199,B09,E036,2011-08-27
C00549,渡辺 直子,ヨシダ ナオキ,1994-12-12,女性,31,農業,500-800万,マス,205-9999,栃木県日光市白金1-17,0288-39-1388,974400260672,231,30,B11,E046,2008-07-27
C00550,鈴木 英樹,イトウ リカ,1950-06-02,男性,76,税理士,300-500万,マス,452-4243,茨城県筑西市南郷屋5-20,0287-86-6593,965210339330,171,267,B08,E032,2005-09-12
C00551,木村 直子,サトウ ミキ,1952-08-04,女性,74,不動産賃貸業,3000万以上,富裕層,655-0014,茨城県日立市中小来川4-4,0285-60-3780,426134287055,7373,3813,B05,E018,2018-04-17
C00552,高橋 花子,キムラ モモコ,1981-01-31,女性,45,会社員,500-800万,マス,789-8039,茨城県ひたちなか市雷門4-14,0288-99-3113,501325298984,155,362,B01,E005,2013-09-20
C00553,井上 明美,ミウラ ミキ,1951-03-08,女性,75,会社員,1500-3000万,マス,548-5880,栃木県宇都宮市日比谷公園5-2,0287-51-1130,418279831410,411,0,B13,E078,2018-08-21
C00554,佐藤 里佳,コバヤシ リョウスケ,1994-01-02,女性,32,医師,800-1000万,マス,082-7530,茨城県筑西市羽折町4-4,029-43-2775,537753764499,251,0,B02,E067,2017-12-15
C00555,井上 真綾,ヤマモト タクマ,1990-09-19,女性,35,医師,1500-3000万,富裕層,645-5886,茨城県日立市蔵前3-15,029-89-3551,619469996645,4263,0,B03,E010,2006-09-12
C00556,石川 くみ子,タナカ ユウタ,1995-10-24,女性,30,不動産賃貸業,1500-3000万,準富裕層,244-8015,栃木県大田原市芝大門3-9,0287-42-2369,173623203651,1830,0,B10,E040,2006-04-06
C00557,山口 美加子,サトウ アツシ,1962-03-22,女性,64,経営者,500-800万,富裕層,738-0701,茨城県取手市高輪3-10,0280-45-6722,563607109246,11727,436,B06,E025,2007-05-14
C00558,太田 亮介,ナカジマ ショウタ,1992-02-29,男性,34,経営者,1000-1500万,マスリテール,037-2319,茨城県石岡市千束2-11,0287-60-1232,646094296641,466,317,B08,E033,2018-01-28
C00559,青木 陽子,イトウ ミツル,1951-08-29,女性,75,税理士,1000-1500万,マスリテール,176-0818,茨城県石岡市麹町4-7,0282-46-4131,847202953082,963,81,B01,E005,2021-05-31
C00560,山田 さゆり,ハセガワ カズヤ,1950-10-28,女性,75,会社員,3000万以上,マス,609-3613,栃木県大田原市東三島4-12,0282-89-7977,468358218642,,48,B15,E058,2021-02-01
C00561,中村 真綾,スズキ ユミコ,1972-11-02,女性,53,公務員,1000-1500万,マスリテール,329-3493,栃木県大田原市中鉢石町3-20,0288-32-2435,194935149836,353,111,B15,E058,2016-11-10
C00562,佐藤 直子,マエダ ケンイチ,1980-07-05,女性,46,医師,1500-3000万,富裕層,566-2703,栃木県日光市富久町5-2,0287-57-7891,345723115445,10608,0,B09,E037,2009-11-15
C00563,高橋 陽一,ゴトウ アケミ,1989-11-09,男性,36,弁護士,800-1000万,マスリテール,082-0104,栃木県大田原市中宮祠1-12,0288-48-9315,393275847844,1269,174,B09,E036,2008-08-03
C00564,橋本 裕美子,カトウ ミキ,1980-04-22,女性,46,年金生活者,300-500万,マス,211-2344,茨城県石岡市上広谷4-8,0283-70-4156,807021487086,319,0,B04,E069,2015-06-18
C00565,伊藤 さゆり,ハヤシ ユウキ,1970-06-29,女性,56,歯科医師,500-800万,マスリテール,973-1442,栃木県小山市皇居外苑5-4,0287-93-7422,941139412121,495,215,B12,E050,2011-12-16
C00566,井上 修平,オカモト カズヤ,1976-07-25,男性,50,会社員,1000-1500万,マス,883-8842,栃木県栃木市日本堤3-7,0283-51-7194,386776648200,137,180,B13,E051,2009-05-21
C00567,渡辺 修平,オガワ ミノル,1988-01-12,男性,38,年金生活者,800-1000万,マス,933-7772,茨城県石岡市鳥越1-4,0280-56-5292,301410793926,397,0,B03,E009,2008-07-11
C00568,佐藤 春香,タナカ ナオコ,1962-01-18,女性,64,弁護士,800-1000万,富裕層,824-7424,茨城県取手市中鉢石町4-11,0287-77-3639,427189777251,5194,0,B01,E001,2007-02-02
C00569,西村 健一,ゴトウ ナオキ,1971-04-05,男性,55,医師,1500-3000万,富裕層,072-3855,栃木県足利市戸山2-20,029-88-1377,664865487036,7443,0,B14,E055,2016-11-08
C00570,加藤 花子,ゴトウ タイチ,1956-08-13,女性,70,医師,500-800万,富裕層,242-6759,茨城県筑西市木立3-15,0287-83-8144,375707068604,3860,0,B03,E010,2012-07-05
C00571,鈴木 裕美子,サトウ マイ,1952-05-23,女性,74,公務員,3000万以上,準富裕層,950-9984,茨城県鹿嶋市浅草橋4-15,0285-96-5451,451396581302,3399,0,B03,E013,2008-07-24
C00572,高橋 知実,マツダ サトミ,1962-02-16,女性,64,公務員,500-800万,準富裕層,032-9317,茨城県つくば市日光1-17,0282-95-7714,762685422866,2740,0,B01,E066,2010-08-12
C00573,近藤 美加子,タナカ ハナコ,1956-03-18,女性,70,公務員,500-800万,マス,302-9889,栃木県那須塩原市氏家3-5,0288-60-3003,447933724403,278,0,B15,E058,2020-10-15
C00574,木村 英樹,スズキ リョウスケ,1971-08-11,男性,55,自営業,500-800万,マスリテール,882-3546,栃木県鹿沼市上野桜木1-19,0287-73-8130,994718066410,762,290,B10,E040,2021-09-27
C00575,佐藤 翼,イトウ ツバサ,1974-07-21,男性,52,自営業,1000-1500万,富裕層,913-9695,茨城県石岡市四区町3-19,0285-50-1348,118404093430,3511,0,B03,E068,2023-04-11
C00576,加藤 篤司,ナカガワ ユウタ,1984-03-13,男性,42,自営業,500-800万,マスリテール,034-6974,栃木県佐野市三筋3-11,0288-64-7559,710227953596,298,226,B11,E045,2012-11-20
C00577,山田 翔太,イノウエ アキラ,1980-05-07,男性,46,公務員,300万未満,マスリテール,416-3571,茨城県水戸市油井1-5,029-61-8138,285655722023,953,188,B08,E031,2012-03-02
C00578,山崎 香織,ササキ ソウタロウ,1953-04-02,女性,73,農業,3000万以上,準富裕層,470-9345,茨城県日立市独鈷沢3-11,0287-98-7218,865663442118,958,0,B03,E010,2024-07-11
C00579,藤田 真綾,オガワ タロウ,1976-12-18,女性,49,医師,800-1000万,マス,720-0022,栃木県栃木市蟇沼5-16,0287-82-5596,947491156089,250,196,B15,E080,2012-09-12
C00580,松本 七夏,マエダ ヨウコ,1972-08-30,女性,54,税理士,500-800万,マスリテール,813-3393,茨城県日立市方京1-16,029-47-1215,339102972361,311,577,B03,E012,2017-05-29
C00581,石川 篤司,サカモト カナ,1964-07-12,男性,62,自営業,3000万以上,マス,476-0669,栃木県真岡市京橋2-17,029-36-4584,503369143220,143,122,B12,E077,2012-04-30
C00582,木村 康弘,タカハシ タイチ,1957-03-03,男性,69,公務員,300-500万,マス,116-7839,栃木県真岡市幸手1-4,0280-22-8550,392861062872,157,432,B16,E061,2020-01-24
C00583,山本 直子,ワタナベ カオリ,1964-01-05,女性,62,会社員,500-800万,マスリテール,463-7966,茨城県古河市西浅草1-15,0282-67-2602,813175601763,338,157,B08,E073,2015-07-14
C00584,山田 結衣,ヤマダ ハルカ,1985-10-17,女性,40,弁護士,800-1000万,マスリテール,968-1075,栃木県日光市鍛冶ケ沢4-4,0287-26-5078,224377836474,506,0,B10,E039,2022-11-02
C00585,鈴木 拓真,ヤマモト オサム,1950-07-30,男性,76,不動産賃貸業,3000万以上,超富裕層,282-1835,茨城県取手市横林4-13,029-48-5395,325465045487,9291,0,B01,E002,2014-12-05
C00586,松本 里佳,ヤマモト ミノル,1972-08-11,女性,54,年金生活者,300-500万,マスリテール,135-7764,栃木県鹿沼市丸の内ＪＰタワー4-10,0288-50-3789,848677707360,897,0,B11,E043,2013-05-27
C00587,山本 香織,エンドウ ショウタ,1987-07-31,女性,39,自営業,1000-1500万,マス,532-5503,茨城県水戸市虎ノ門虎ノ門ヒルズ森タワー5-12,0285-94-1016,616459124717,281,208,B02,E006,2016-07-28
C00588,佐々木 稔,ヤマダ ユミコ,1951-09-24,男性,74,不動産賃貸業,500-800万,準富裕層,808-5021,茨城県ひたちなか市小入3-15,0285-64-9940,826954737804,2565,0,B01,E004,2020-10-13
C00589,佐々木 七夏,タカハシ ソウタロウ,1968-04-01,女性,58,会社役員,1500-3000万,超富裕層,170-2634,茨城県石岡市元浅草4-4,0282-86-1339,822500496335,11611,0,B03,E010,2010-09-15
C00590,村上 裕樹,タカハシ カズヤ,1947-02-06,男性,79,弁護士,3000万以上,マスリテール,324-9413,茨城県日立市山中新田3-18,0285-87-3866,485168657167,436,0,B05,E019,2013-10-26
C00591,田中 結衣,モリ タロウ,1952-07-18,女性,74,税理士,1000-1500万,マスリテール,459-8845,茨城県石岡市氏家新田3-10,029-21-9174,855601712323,,442,B06,E023,2015-09-03
C00592,西村 拓真,フジタ ミカコ,1992-04-25,男性,34,農業,500-800万,マスリテール,159-0070,茨城県ひたちなか市吾妻橋1-15,029-47-5636,752085430929,960,0,B08,E031,2024-07-05
C00593,山崎 七夏,サカモト ユミコ,1979-01-04,女性,47,会社役員,800-1000万,富裕層,818-9260,茨城県ひたちなか市戸山5-18,0280-31-5434,317896804036,2794,0,B01,E004,2011-10-10
C00594,石川 涼平,タカハシ ヒデキ,1950-12-17,男性,75,税理士,1000-1500万,準富裕層,025-6580,栃木県足利市神明内3-10,0283-59-3839,579163334617,1278,0,B09,E036,2013-12-02
C00595,中村 学,ハヤシ ショウタ,1984-11-04,男性,41,年金生活者,500-800万,マス,785-4553,栃木県佐野市上吉羽5-15,0283-43-7159,580322738421,207,0,B12,E048,2005-06-14
C00596,森 香織,タナカ ハナコ,1975-10-05,女性,50,経営者,3000万以上,富裕層,523-0918,茨城県鹿嶋市勝どき1-18,029-73-2448,253570234137,6062,1728,B02,E008,2012-12-13
C00597,小林 春香,ワタナベ タロウ,1960-09-17,女性,65,歯科医師,1000-1500万,マスリテール,456-9191,栃木県大田原市前弥六2-13,0287-20-8582,940986727306,762,0,B11,E047,2009-04-25
C00598,中島 翼,ヤマモト マイ,1982-02-27,男性,44,医師,1500-3000万,マス,424-2286,茨城県日立市前弥六5-17,0287-26-4359,256836159788,130,154,B08,E073,2007-11-16
C00599,佐々木 亮介,スズキ ユミコ,1983-07-24,男性,43,税理士,800-1000万,マスリテール,090-0108,茨城県日立市虎ノ門5-4,0280-46-2697,127804511908,839,0,B02,E067,2017-10-10
C00600,加藤 英樹,ヤマシタ クミコ,1955-02-28,男性,71,税理士,1500-3000万,マスリテール,852-6254,茨城県ひたちなか市羽折町5-15,0288-98-3018,260770734944,688,0,B06,E071,2016-01-29
C00601,長谷川 聡太郎,ササキ ミカコ,1956-06-13,男性,70,経営者,1000-1500万,準富裕層,810-0040,茨城県日立市渡辺5-16,0282-55-7409,866161266347,1585,500,B01,E001,2010-04-03
C00602,高橋 七夏,タナカ リカ,1957-06-25,女性,69,歯科医師,1500-3000万,準富裕層,122-4541,茨城県石岡市台東4-2,0282-37-8666,898358932789,2024,1105,B08,E073,2024-11-19
C00603,斎藤 太郎,キムラ ナオコ,1977-01-10,男性,49,会社員,1000-1500万,マスリテール,487-1959,茨城県取手市北青山5-3,0280-39-6764,893091194888,1293,0,B03,E013,2015-04-02
C00604,近藤 健一,タカハシ トモヤ,1989-10-16,男性,36,税理士,800-1000万,マスリテール,138-5855,茨城県つくば市氏家新田5-17,0288-87-5247,865060041807,529,370,B05,E019,2006-01-22
C00605,吉田 春香,ヤマモト ナオト,1977-08-02,女性,49,不動産賃貸業,500-800万,マスリテール,078-8419,栃木県栃木市上高野1-6,0287-69-7882,172681050625,351,384,B09,E034,2020-04-30
C00606,藤田 学,イノウエ リョウスケ,1961-02-15,男性,65,会社役員,1000-1500万,準富裕層,865-4932,栃木県鹿沼市上広谷5-7,0280-52-9046,844908454203,4436,490,B09,E036,2018-09-16
C00607,鈴木 浩,ハセガワ アケミ,1951-12-26,男性,74,公務員,500-800万,マスリテール,288-6111,茨城県つくば市蔵前1-12,0288-72-9955,181022372594,971,447,B03,E011,2013-03-29
C00608,鈴木 くみ子,ムラカミ ヨウイチ,1990-09-30,女性,35,弁護士,300-500万,マス,628-8612,茨城県日立市三ノ輪4-14,0287-68-2161,188343836961,336,165,B03,E010,2019-04-02
C00609,加藤 香織,ハセガワ レイ,1945-11-20,女性,80,医師,1000-1500万,準富裕層,356-5104,栃木県那須塩原市勝どき1-6,0282-29-9755,364464139737,2497,230,B11,E047,2007-10-13
C00610,坂本 陽子,タナカ ナナミ,1946-06-20,女性,80,公務員,500-800万,マスリテール,834-1943,栃木県宇都宮市神明内2-7,0283-62-2021,642177847472,372,215,B15,E058,2007-07-30
C00611,池田 聡太郎,タナカ オサム,1966-08-31,男性,60,会社員,300万未満,マス,781-1830,栃木県宇都宮市二つ室4-17,0280-64-8069,432763726359,333,250,B12,E049,2005-05-18
C00612,前田 篤司,スズキ ヨウイチ,1978-08-25,男性,48,会社役員,500-800万,準富裕層,607-0971,茨城県取手市上野公園2-14,0287-74-3257,581532763219,3083,1893,B01,E001,2007-05-19
C00613,佐藤 七夏,マエダ ヨウイチ,1951-04-25,女性,75,会社員,500-800万,マス,616-3365,栃木県日光市木立5-2,0288-21-5094,163619726599,234,0,B14,E054,2008-09-11
C00614,佐藤 くみ子,オオタ ハルカ,1962-12-17,女性,63,歯科医師,1500-3000万,超富裕層,875-8202,茨城県鹿嶋市中川崎1-3,029-52-9907,642050045387,,3887,B01,E066,2015-02-05
C00615,鈴木 裕美子,マツモト ユウキ,1954-10-08,女性,71,弁護士,1500-3000万,富裕層,288-2814,栃木県日光市元浅草1-2,0282-72-8966,187101008404,8428,2507,B10,E039,2005-02-01
C00616,西村 零,コバヤシ ユミコ,1954-06-10,男性,72,税理士,1000-1500万,マスリテール,689-1758,栃木県足利市柿木沢1-16,0288-24-5428,745438954998,737,158,B14,E057,2021-09-10
C00617,吉田 直人,カトウ ヤスヒロ,1995-03-19,男性,31,会社役員,500-800万,マスリテール,126-7633,茨城県鹿嶋市無栗屋1-8,0280-68-4021,575280761824,1146,0,B04,E014,2015-05-25
C00618,前田 裕樹,イノウエ アスカ,1949-03-12,男性,77,農業,800-1000万,富裕層,505-1895,栃木県宇都宮市芝公園3-20,0285-74-1935,219431859411,8336,755,B10,E042,2010-09-03
C00619,池田 美加子,イノウエ ソウタロウ,1995-03-25,女性,31,農業,500-800万,マスリテール,438-3093,茨城県土浦市東大和町5-10,0282-93-7465,774475677863,554,122,B06,E024,2022-11-23
C00620,福田 春香,サトウ ミノル,1970-01-27,女性,56,年金生活者,300万未満,マスリテール,107-6494,茨城県水戸市富久町3-16,0287-91-4569,161884512557,382,261,B05,E021,2015-06-15
C00621,鈴木 真綾,ハシモト カナ,1982-10-23,女性,43,不動産賃貸業,1000-1500万,マスリテール,913-2764,栃木県佐野市東三島3-16,0280-49-3858,819913610493,590,0,B15,E058,2012-04-10
C00622,中村 学,タカハシ マイ,1981-12-25,男性,44,歯科医師,800-1000万,マスリテール,285-9534,茨城県土浦市上広谷1-9,0282-22-6789,888300193111,707,0,B03,E009,2020-02-16
C00623,中村 陽子,オカモト モモコ,1959-03-23,女性,67,医師,800-1000万,富裕層,786-7448,栃木県鹿沼市美原町3-14,029-74-5638,126384325486,6040,0,B09,E036,2007-06-12
C00624,佐々木 里佳,サトウ ユウタ,1947-09-12,女性,78,会社員,800-1000万,富裕層,069-8161,栃木県鹿沼市独鈷沢1-4,0283-47-6129,888172867883,10349,1920,B09,E074,2024-06-10
C00625,斎藤 花子,ヤマモト マナブ,1949-11-29,女性,76,弁護士,800-1000万,マスリテール,078-8518,栃木県鹿沼市台東5-14,0283-35-9646,159262841586,957,549,B11,E047,2020-11-08
C00626,山本 幹,ヤマグチ ユイ,1962-07-10,女性,64,会社員,3000万以上,マスリテール,880-8856,茨城県土浦市吾妻橋4-11,0287-34-4949,905070176941,378,100,B08,E073,2005-05-10
C00627,中川 加奈,ヤマダ マアヤ,1967-07-27,女性,59,農業,500-800万,マスリテール,036-0538,茨城県つくば市押上5-8,0288-72-3263,386068640364,395,61,B05,E019,2016-02-18
C00628,斉藤 健一,ヨシダ ナナミ,1981-07-02,男性,45,医師,3000万以上,マスリテール,499-1792,茨城県日立市千束2-2,0288-75-1392,283352353879,835,147,B05,E017,2018-03-15
C00629,佐々木 さゆり,カトウ ナオキ,1975-02-21,女性,51,公務員,500-800万,マスリテール,386-5779,茨城県古河市脚折町3-19,0283-98-2765,894543755929,243,0,B02,E006,2011-05-30
C00630,林 くみ子,ナカムラ ユミコ,1946-05-16,女性,80,自営業,1500-3000万,富裕層,912-5591,茨城県つくば市芝浦2-19,0288-85-2372,748573492614,9249,0,B01,E005,2006-12-13
C00631,中川 舞,サトウ チヨ,1957-08-17,女性,69,公務員,800-1000万,マスリテール,663-5113,茨城県筑西市細竹5-17,0288-74-5673,522293210781,628,193,B05,E019,2023-03-17
C00632,遠藤 和也,タカハシ ユイ,1961-08-18,男性,65,会社役員,300-500万,マスリテール,471-6921,栃木県佐野市花川戸3-16,0285-48-3774,387409303255,644,198,B11,E047,2023-01-10
C00633,佐藤 直樹,オカモト タクマ,1974-02-01,男性,52,年金生活者,300万未満,マスリテール,330-9380,栃木県宇都宮市南赤田3-7,0282-93-7987,588475604551,474,355,B11,E047,2021-03-02
C00634,池田 知実,ササキ ハナコ,1953-07-01,女性,73,税理士,500-800万,マス,306-5952,茨城県日立市戸塚町3-3,0287-48-2218,273203643141,298,0,B02,E008,2009-01-13
C00635,近藤 英樹,ヤマモト アツシ,1960-02-29,男性,66,経営者,1500-3000万,準富裕層,587-6586,茨城県水戸市外国府間1-8,0280-95-7163,839680167741,,251,B03,E010,2017-06-28
C00636,山下 浩,ハヤシ ジュン,1948-06-06,男性,78,自営業,3000万以上,準富裕層,820-8700,茨城県筑西市上野桜木2-1,0285-28-9039,772410361035,3305,0,B03,E010,2013-07-17
C00637,小川 充,ヤマグチ ナナミ,1967-01-29,男性,59,公務員,1000-1500万,マスリテール,552-5133,栃木県小山市木立3-8,0282-82-9031,794911733425,504,385,B10,E041,2013-04-15
C00638,清水 美加子,サイトウ ミツル,1980-11-13,女性,45,税理士,500-800万,マス,883-3056,栃木県小山市鳥越4-11,0287-34-6694,536785154166,264,0,B09,E035,2009-04-05
C00639,渡辺 里佳,フクダ リカ,1948-01-20,女性,78,自営業,800-1000万,マスリテール,205-5968,栃木県大田原市今戸1-18,0288-61-5286,450791406855,634,0,B11,E046,2007-12-16
C00640,中島 七夏,カトウ カオリ,1977-04-30,女性,49,公務員,300万未満,マスリテール,866-6757,茨城県鹿嶋市太田ヶ谷4-8,0283-41-9782,955584117678,563,110,B06,E071,2021-06-22
C00641,渡辺 陽子,カトウ カズヤ,1952-08-24,女性,74,歯科医師,1000-1500万,準富裕層,028-4023,茨城県古河市猿楽町3-18,029-26-9497,496040924630,4964,0,B01,E005,2014-04-14
C00642,吉田 涼平,タナカ ジュン,1951-12-16,男性,74,農業,800-1000万,富裕層,264-4551,茨城県土浦市押上1-2,0288-22-9627,650196137073,8954,5018,B03,E012,2017-11-19
C00643,藤原 直樹,サトウ リョウヘイ,1949-04-12,男性,77,歯科医師,800-1000万,富裕層,616-4882,栃木県大田原市東三島4-5,0288-54-2391,177638092656,4809,1581,B11,E047,2023-01-04
C00644,坂本 香織,オオタ クミコ,1957-01-14,女性,69,会社役員,1000-1500万,富裕層,584-8196,栃木県鹿沼市百村3-11,0285-85-1383,401945452174,9449,737,B10,E041,2015-06-10
C00645,佐々木 香織,サイトウ ヤスヒロ,1986-02-20,女性,40,年金生活者,3000万以上,マスリテール,337-9573,茨城県筑西市芝大門3-16,0282-88-9300,517662437018,676,0,B03,E009,2021-02-11
C00646,福田 知実,スズキ シュウヘイ,1994-06-18,女性,32,会社員,300-500万,マスリテール,450-6690,栃木県佐野市平須賀3-5,0288-30-2562,287092578290,979,247,B16,E062,2022-04-04
C00647,佐々木 春香,ヤマモト ツバサ,1969-03-20,女性,57,不動産賃貸業,1500-3000万,準富裕層,252-4550,栃木県宇都宮市横林4-9,0285-59-6535,266792149058,1374,1191,B13,E051,2012-04-05
C00648,長谷川 明美,コンドウ ミノル,1985-09-29,女性,40,会社役員,1000-1500万,マスリテール,055-3926,茨城県古河市花島4-16,0283-91-2334,215625804105,1363,303,B04,E069,2016-01-21
C00649,山崎 春香,マツモト ショウタ,1988-09-26,女性,37,歯科医師,1000-1500万,準富裕層,397-0128,栃木県足利市白金1-14,0285-41-9594,252416335005,790,0,B10,E075,2023-07-20
C00650,山本 千代,タナカ サユリ,1991-09-16,女性,34,公務員,3000万以上,マス,646-5196,栃木県佐野市虎ノ門5-11,0283-67-3718,418435393363,220,0,B13,E052,2020-10-14
C00651,遠藤 幹,イシカワ ハナコ,1981-08-02,女性,45,農業,800-1000万,マスリテール,897-1644,栃木県真岡市氏家新田1-11,0285-42-3463,175035197966,470,456,B12,E048,2018-12-20
C00652,中村 学,ヤマダ アケミ,1983-11-10,男性,42,弁護士,800-1000万,マスリテール,656-3010,茨城県石岡市戸山2-3,0282-91-4703,788676348298,367,0,B04,E014,2020-10-26
C00653,佐藤 知実,ヤマモト カオリ,1950-08-26,女性,76,税理士,800-1000万,マスリテール,255-8460,栃木県栃木市油井1-19,0280-33-4546,294476057053,777,239,B15,E060,2021-12-09
C00654,小川 太一,ササキ クミコ,1958-04-18,男性,68,農業,3000万以上,マスリテール,703-9716,栃木県鹿沼市東神田4-7,0280-20-4798,340471298590,856,819,B09,E034,2020-12-27
C00655,鈴木 太郎,カトウ タクマ,1993-03-07,男性,33,歯科医師,1000-1500万,マス,905-9345,栃木県栃木市外国府間5-13,0285-69-8773,440827093850,265,0,B15,E060,2005-06-01
C00656,西村 充,アオキ トモヤ,1955-02-10,男性,71,歯科医師,1500-3000万,準富裕層,718-2764,栃木県足利市中三依5-14,0287-64-3916,948110337979,6737,1153,B09,E036,2013-01-08
C00657,斎藤 京助,ミウラ ケンイチ,1993-04-22,男性,33,不動産賃貸業,800-1000万,マスリテール,120-0231,栃木県那須塩原市松が谷1-12,0282-84-1212,398958819704,458,227,B10,E038,2013-09-14
C00658,長谷川 幹,イトウ シュウヘイ,1954-09-19,女性,71,公務員,300-500万,準富裕層,882-4361,栃木県真岡市鶴ヶ丘5-15,0285-42-8756,927414920416,2035,0,B10,E042,2019-12-06
C00659,高橋 亮介,サイトウ ヨウスケ,1959-06-07,男性,67,会社員,1000-1500万,マス,693-3102,栃木県那須塩原市高田馬場1-18,0282-44-1273,451756389108,,52,B12,E049,2008-08-10
C00660,佐藤 直子,シミズ レイ,1957-08-30,女性,69,農業,1500-3000万,マス,596-7506,栃木県日光市細竹2-9,029-42-8264,400838872962,565,149,B14,E079,2005-03-17
C00661,遠藤 真綾,ヤマシタ ユウキ,1966-08-02,女性,60,歯科医師,1000-1500万,準富裕層,611-4198,茨城県古河市蟇沼1-11,0285-92-2410,196477873470,9226,0,B03,E009,2006-11-27
C00662,佐藤 零,ヤマダ タロウ,1995-10-31,男性,30,経営者,500-800万,マス,961-9801,栃木県那須塩原市中鉢石町4-3,0287-51-6042,850920521375,155,546,B15,E059,2005-02-09
C00663,山本 拓真,タカハシ ユイ,1947-02-05,男性,79,税理士,1500-3000万,準富裕層,183-4264,栃木県大田原市小入2-7,0282-45-3901,426328515090,2162,0,B10,E040,2015-01-28
C00664,斉藤 くみ子,ヤマモト ナオト,1967-01-29,女性,59,医師,1500-3000万,超富裕層,266-1914,栃木県小山市外神田1-19,0285-39-9813,330075863164,12339,7057,B10,E075,2005-11-19
C00665,山口 直子,ニシムラ ナナミ,1991-01-15,女性,35,弁護士,1000-1500万,マスリテール,269-4321,茨城県ひたちなか市東浅草2-15,0282-24-2889,823775131882,988,413,B07,E028,2011-04-06
C00666,山本 幹,イノウエ レイ,1978-07-12,女性,48,不動産賃貸業,300万未満,マスリテール,817-7208,茨城県取手市西小来川4-11,0282-32-4065,494763968269,586,920,B08,E033,2008-10-11
C00667,伊藤 篤司,ワタナベ ミカコ,1967-04-04,男性,59,会社役員,3000万以上,富裕層,916-8108,茨城県ひたちなか市長畑3-20,0282-81-7572,144238907463,9774,2107,B02,E007,2013-10-30
C00668,山田 和也,タカハシ オサム,1955-05-23,男性,71,公務員,500-800万,マスリテール,290-2959,栃木県宇都宮市小入1-10,0288-38-6670,535761856470,641,396,B11,E044,2019-12-31
C00669,木村 稔,ハヤシ アキラ,1971-10-29,男性,54,弁護士,500-800万,マス,584-2958,茨城県日立市大京町2-5,0287-91-7131,624007247779,249,0,B08,E032,2023-05-29
C00670,藤田 加奈,サトウ カナ,1965-02-06,女性,61,農業,500-800万,マスリテール,604-1737,茨城県日立市隼町4-5,0282-37-7551,459803413866,623,212,B05,E019,2008-01-29
C00671,山田 幹,シミズ ナオコ,1975-04-21,女性,51,不動産賃貸業,800-1000万,富裕層,005-5397,栃木県那須塩原市中鉢石町3-17,0288-20-7523,185532495613,6274,4216,B12,E049,2018-02-14
C00672,中村 裕太,タナカ アツシ,1985-11-16,男性,40,会社役員,500-800万,マス,289-5294,茨城県鹿嶋市西川1-9,0285-42-3679,849034634803,248,76,B02,E006,2019-11-16
C00673,鈴木 淳,イトウ ヤスヒロ,1989-02-20,男性,37,会社員,300-500万,マスリテール,091-0336,茨城県筑西市幸手4-15,029-82-7581,947922996599,1250,434,B08,E031,2008-04-05
C00674,渡辺 里佳,スズキ ナオキ,1985-11-08,女性,40,経営者,3000万以上,マスリテール,753-5080,茨城県日立市油井2-14,0283-69-2310,104940875500,1414,1434,B04,E016,2012-03-07
C00675,村上 桃子,ササキ リョウヘイ,1964-10-16,女性,61,弁護士,300-500万,マスリテール,274-9225,栃木県真岡市箪笥町4-12,029-96-7050,564940203356,1874,131,B15,E060,2006-10-21
C00676,岡田 学,ヨシダ ツバサ,1949-09-27,男性,76,農業,1000-1500万,富裕層,525-5599,栃木県宇都宮市今戸5-4,0282-24-9704,536964304644,3908,0,B10,E039,2018-07-12
C00677,福田 直人,ヤマモト ツバサ,1949-01-14,男性,77,歯科医師,1500-3000万,準富裕層,820-7825,茨城県筑西市九段南5-15,029-29-6350,140255849413,,709,B03,E010,2007-12-22
C00678,池田 聡太郎,マツモト ソウタロウ,1973-12-29,男性,52,公務員,1500-3000万,マスリテール,564-1253,栃木県大田原市中鉢石町1-7,0283-53-5967,665284618078,654,120,B09,E074,2015-04-08
C00679,加藤 智也,ナカムラ ユミコ,1949-03-03,男性,77,経営者,1500-3000万,準富裕層,515-0266,栃木県佐野市睦5-2,0283-71-3969,412150527571,2037,741,B13,E053,2019-10-23
C00680,田中 健一,サトウ マイ,1989-09-17,男性,36,会社役員,3000万以上,富裕層,304-5143,茨城県古河市浅草橋1-8,0280-22-6318,169668912405,7226,0,B01,E005,2020-02-23
C00681,清水 直子,フジワラ サユリ,1955-10-06,女性,70,不動産賃貸業,3000万以上,超富裕層,080-9896,茨城県水戸市細野3-11,0282-64-8280,607458025169,17819,0,B03,E068,2022-06-07
C00682,吉田 晃,カトウ アキラ,1953-10-04,男性,72,年金生活者,500-800万,マスリテール,488-7539,茨城県筑西市高輪3-10,0282-60-8397,613998069563,905,0,B08,E031,2022-05-17
C00683,山本 洋介,イケダ マアヤ,1986-01-13,男性,40,不動産賃貸業,1000-1500万,マスリテール,089-2049,茨城県土浦市湯宮4-18,0280-68-3023,534208222055,769,426,B02,E007,2005-04-12
C00684,長谷川 裕樹,イシイ シュウヘイ,1969-07-14,男性,57,不動産賃貸業,1000-1500万,超富裕層,148-3961,茨城県土浦市戸塚町4-20,0282-60-6950,218671130355,10807,9601,B03,E068,2021-11-03
C00685,鈴木 美加子,ササキ アキラ,1950-12-09,女性,75,農業,3000万以上,マスリテール,924-2497,栃木県小山市戸山2-13,0282-20-9727,468636468787,725,431,B14,E057,2024-04-11
C00686,佐藤 智也,タナカ ヒロシ,1987-04-20,男性,39,公務員,3000万以上,マスリテール,401-0834,栃木県鹿沼市日比谷公園5-14,029-61-5095,723485193322,566,89,B10,E075,2005-02-27
C00687,松田 亮介,イシカワ ヨウコ,1982-04-14,男性,44,会社員,500-800万,マス,297-0606,茨城県土浦市蔵前2-16,0287-45-6287,422692274853,402,198,B08,E031,2012-12-29
C00688,伊藤 篤司,ヨシダ タイチ,1973-03-19,男性,53,不動産賃貸業,1000-1500万,富裕層,274-6834,栃木県足利市上野桜木5-11,0288-40-5011,892259168873,5371,1646,B14,E054,2007-05-05
C00689,山田 翼,タカハシ ユウタ,1954-10-20,男性,71,年金生活者,3000万以上,マスリテール,352-7178,茨城県筑西市天神島1-20,0287-88-1388,630164411294,592,148,B01,E066,2015-02-25
C00690,西村 美加子,サイトウ ユウタ,1981-04-12,女性,45,経営者,1500-3000万,準富裕層,982-6829,茨城県取手市勝どき1-4,0280-53-2831,287784535282,1653,0,B01,E003,2020-12-01
C00691,清水 七夏,モリ キョウスケ,1953-11-02,女性,72,歯科医師,1500-3000万,準富裕層,160-9924,茨城県日立市千束4-16,0288-51-5259,423593328257,3446,0,B06,E071,2007-01-08
C00692,太田 幹,イトウ ユイ,1947-05-26,女性,79,経営者,800-1000万,富裕層,018-5878,茨城県古河市細野5-12,0287-57-6024,890036865526,6931,1325,B07,E028,2012-02-21
C00693,田中 桃子,オカダ タイチ,1966-12-17,女性,59,自営業,500-800万,マスリテール,632-3714,栃木県大田原市百村3-8,029-47-5963,740587342881,650,368,B09,E034,2016-03-28
C00694,渡辺 花子,フジタ ユイ,1958-08-22,女性,68,自営業,3000万以上,マスリテール,154-8444,茨城県つくば市南郷屋5-16,0280-81-7223,834500536139,943,292,B03,E009,2019-02-16
C00695,小川 加奈,ゴトウ マナブ,1984-11-20,女性,41,弁護士,800-1000万,マス,970-1669,茨城県石岡市長畑1-17,0280-45-6956,137212644999,139,67,B05,E020,2015-02-23
C00696,清水 知実,タカハシ ナナミ,1981-02-11,女性,45,農業,1000-1500万,マス,780-8288,栃木県真岡市鳥越5-17,0280-51-5195,915173066924,570,0,B10,E039,2019-08-26
C00697,高橋 太郎,ハセガワ カナ,1988-04-10,男性,38,弁護士,1000-1500万,マスリテール,449-6811,栃木県足利市中宮祠2-17,0282-27-4403,367265447841,,189,B10,E042,2009-11-27
C00698,中村 桃子,スズキ タロウ,1981-06-22,女性,45,自営業,800-1000万,マス,424-5908,栃木県栃木市長間4-4,0285-30-8799,208221992824,346,0,B11,E047,2008-01-13
C00699,後藤 くみ子,カトウ マイ,1990-10-19,女性,35,税理士,800-1000万,マスリテール,974-8456,栃木県鹿沼市勝どき5-15,029-52-7671,398935539836,334,449,B09,E037,2023-11-16
C00700,高橋 明美,スズキ タイチ,1965-06-25,女性,61,農業,3000万以上,富裕層,790-2692,栃木県栃木市戸塚町3-9,0287-91-9242,788521070524,7710,0,B10,E041,2006-03-25
C00701,阿部 充,アオキ アツシ,1994-11-11,男性,31,自営業,500-800万,マス,730-8516,茨城県ひたちなか市藤金1-15,0282-88-3992,955529978240,291,0,B01,E001,2013-05-21
C00702,山下 太一,サトウ ナオコ,1990-11-28,男性,35,税理士,500-800万,マスリテール,625-2406,栃木県栃木市高輪4-6,0288-40-3574,819294387419,342,96,B11,E047,2013-12-03
C00703,坂本 陽子,ハシモト リカ,1965-08-17,女性,61,弁護士,300-500万,マスリテール,202-4940,栃木県那須塩原市細竹3-11,0285-59-7968,531916026292,592,0,B11,E046,2005-09-28
C00704,小林 くみ子,タナカ モモコ,1973-02-20,女性,53,会社役員,1500-3000万,超富裕層,533-5582,茨城県ひたちなか市氏家3-1,0282-74-7265,711284163035,7868,8181,B01,E005,2005-06-21
C00705,伊藤 康弘,イシカワ モモコ,1950-08-19,男性,76,不動産賃貸業,800-1000万,準富裕層,061-6110,栃木県真岡市細野5-16,029-69-8979,406015758969,2329,0,B10,E042,2017-07-16
C00706,高橋 康弘,ヤマダ ヒロシ,1982-07-30,男性,44,医師,3000万以上,準富裕層,464-5553,栃木県足利市戸島4-5,0287-29-6317,954600475414,2949,0,B09,E037,2021-02-08
C00707,中村 聡太郎,ヤマシタ ナオト,1982-08-11,男性,44,不動産賃貸業,1000-1500万,マスリテール,107-5371,栃木県日光市東浅草5-10,0287-22-3301,949424704620,809,177,B12,E048,2016-08-24
C00708,山田 くみ子,ムラカミ カオリ,1949-09-14,女性,76,会社員,500-800万,マスリテール,435-2130,栃木県那須塩原市上野桜木3-7,0287-53-5183,922931268341,917,0,B13,E051,2009-04-18
C00709,小林 桃子,ハヤシ モモコ,1984-09-19,女性,41,公務員,800-1000万,マスリテール,892-4320,茨城県ひたちなか市鳥越5-11,0287-28-2237,201212222063,1368,544,B02,E006,2017-09-23
C00710,池田 直樹,ハセガワ クミコ,1970-10-17,男性,55,不動産賃貸業,1000-1500万,超富裕層,496-7499,栃木県真岡市油井2-11,029-43-6567,681770702310,37935,0,B09,E037,2024-05-11
C00711,池田 美加子,サトウ サユリ,1993-02-22,女性,33,不動産賃貸業,1000-1500万,マスリテール,378-1945,栃木県那須塩原市虎ノ門5-15,0287-45-6810,269981302555,643,0,B14,E055,2007-03-17
C00712,木村 篤司,スズキ ソウタロウ,1995-07-16,男性,31,税理士,1500-3000万,マス,310-4816,栃木県栃木市蔵前2-7,0282-40-7951,400609071589,144,98,B11,E044,2005-07-24
C00713,高橋 浩,サトウ ナナミ,1990-05-04,男性,36,会社員,1000-1500万,マス,220-2999,栃木県大田原市千束1-15,0285-71-4254,946991741155,219,92,B15,E080,2005-01-16
C00714,鈴木 篤司,ササキ ナナミ,1973-11-07,男性,52,医師,800-1000万,富裕層,921-5534,栃木県栃木市港南1-16,0287-97-6871,556627520819,6082,0,B09,E035,2014-07-04
C00715,前田 直人,マエダ ミカコ,1952-08-06,男性,74,農業,1000-1500万,富裕層,745-5328,茨城県日立市前弥六3-12,0282-28-8113,429217841070,5773,940,B03,E010,2020-12-29
C00716,小林 涼平,ナカムラ アスカ,1993-11-10,男性,32,年金生活者,500-800万,マスリテール,911-7259,栃木県鹿沼市脚折4-6,0285-42-3861,670957024827,713,73,B16,E062,2017-12-01
C00717,橋本 浩,キムラ カナ,1977-11-02,男性,48,会社員,300万未満,マス,087-3152,栃木県宇都宮市竜泉3-1,0285-24-3364,550600381837,196,354,B10,E038,2016-07-15
C00718,三浦 直人,ナカジマ ナオト,1990-09-26,男性,35,歯科医師,800-1000万,準富裕層,123-8713,栃木県鹿沼市柿木沢1-10,0285-80-5208,452737927104,1326,2517,B09,E074,2024-03-31
C00719,後藤 翔太,スズキ ユイ,1975-12-13,男性,50,自営業,3000万以上,マスリテール,411-9648,茨城県土浦市中鉢石町1-4,0287-71-5625,778119148931,501,0,B05,E017,2014-10-30
C00720,中村 さゆり,サトウ モモコ,1961-03-09,女性,65,歯科医師,1500-3000万,準富裕層,263-1491,茨城県ひたちなか市睦2-11,0285-67-3379,909942220664,3064,1523,B03,E009,2024-08-05
C00721,渡辺 さゆり,フジタ クミコ,1960-08-23,女性,66,年金生活者,300-500万,準富裕層,417-2772,栃木県真岡市日光4-12,0280-93-7646,599138920749,3646,0,B10,E042,2017-04-16
C00722,田中 あすか,コバヤシ ハナコ,1952-04-07,女性,74,医師,1000-1500万,準富裕層,914-5311,茨城県鹿嶋市細野5-15,0287-32-6609,670213899857,1103,162,B03,E011,2012-07-05
C00723,佐藤 千代,ササキ ヤスヒロ,1970-09-22,女性,55,公務員,800-1000万,マスリテール,972-1885,茨城県筑西市太田ヶ谷1-17,0280-70-9370,255455817226,,140,B01,E066,2006-03-19
C00724,井上 治,サトウ リカ,1956-12-02,男性,69,弁護士,300万未満,マスリテール,907-0305,茨城県筑西市太田ヶ谷3-18,0280-87-3732,273407037371,1089,328,B03,E009,2016-01-30
C00725,伊藤 英樹,ヤマモト ツバサ,1967-09-29,男性,58,経営者,800-1000万,富裕層,866-8199,栃木県宇都宮市権現堂4-10,0285-86-7901,623529646181,13093,0,B10,E041,2020-08-28
C00726,小林 さゆり,マツモト ツバサ,1994-01-10,女性,32,会社役員,3000万以上,マス,568-7401,茨城県石岡市長畑5-3,029-72-3298,628898557481,185,0,B04,E015,2005-01-08
C00727,藤原 学,アベ サユリ,1945-01-10,男性,81,公務員,1500-3000万,マス,955-7900,栃木県足利市上広谷2-9,0280-71-3022,914866874844,368,0,B11,E047,2016-12-15
C00728,中川 洋介,ハヤシ ナオト,1959-05-07,男性,67,弁護士,800-1000万,マスリテール,165-8750,栃木県日光市東大和町3-17,029-96-8718,826846683568,458,0,B15,E080,2011-01-05
C00729,橋本 洋介,イシカワ ジュン,1989-10-15,男性,36,農業,1500-3000万,マスリテール,215-8270,茨城県水戸市西神田4-9,029-79-7978,287196057574,782,833,B04,E069,2022-09-05
C00730,山崎 康弘,ワタナベ ハナコ,1962-06-03,男性,64,農業,1000-1500万,マス,470-9822,栃木県佐野市一ツ橋3-3,029-32-8955,740992705579,295,154,B11,E046,2005-04-26
C00731,山崎 明美,サトウ アケミ,1979-04-22,女性,47,年金生活者,3000万以上,マスリテール,423-9106,茨城県取手市千束1-20,029-95-2615,205551507921,1051,205,B03,E009,2020-04-01
C00732,後藤 充,マツモト リョウヘイ,1987-06-08,男性,39,会社員,1500-3000万,マスリテール,687-7293,栃木県鹿沼市箭坪5-2,0285-75-1420,723698140671,626,117,B16,E062,2012-01-23
C00733,村上 春香,タナカ アケミ,1951-05-13,女性,75,医師,3000万以上,超富裕層,379-3161,茨城県古河市戸山3-8,0282-77-1783,603904943777,55309,0,B01,E066,2005-03-10
C00734,前田 春香,スズキ マナブ,1976-11-19,女性,49,歯科医師,1000-1500万,マス,827-3623,栃木県小山市天神島4-3,0282-65-9818,987940934560,433,387,B16,E062,2024-08-07
C00735,佐藤 幹,サトウ ヨウスケ,1977-07-23,女性,49,医師,500-800万,マスリテール,113-4544,茨城県鹿嶋市西浅草3-11,0288-76-6922,275040407947,387,557,B04,E015,2014-11-18
C00736,阿部 浩,サトウ キョウスケ,1983-01-16,男性,43,弁護士,300-500万,マスリテール,130-4253,茨城県石岡市千塚1-7,029-31-7629,391423017823,503,160,B04,E015,2022-08-14
C00737,田中 明美,イケダ ミカコ,1945-02-06,女性,81,公務員,500-800万,準富裕層,437-0849,栃木県栃木市隼町4-2,0280-90-3539,126945715566,4002,0,B10,E041,2013-08-26
C00738,渡辺 稔,ササキ モモコ,1983-09-16,男性,42,弁護士,500-800万,マス,905-3678,茨城県水戸市中三依5-16,0288-76-7791,707979775033,228,0,B03,E013,2010-07-24
C00739,松本 太一,カトウ タイチ,1949-03-04,男性,77,農業,1000-1500万,マスリテール,585-0415,茨城県古河市外国府間3-14,0282-66-4845,694080540921,571,233,B03,E011,2024-07-24
C00740,三浦 零,タナカ タイチ,1960-11-06,男性,65,会社員,3000万以上,マスリテール,641-1584,茨城県筑西市轟4-18,0282-33-4732,485344922115,437,0,B01,E066,2014-08-07
C00741,林 充,コンドウ チヨ,1950-07-02,男性,76,自営業,1500-3000万,富裕層,244-5583,栃木県大田原市西小来川1-6,029-91-8347,815365440842,6417,0,B10,E038,2021-06-07
C00742,太田 陽子,マエダ リカ,1967-10-08,女性,58,経営者,3000万以上,準富裕層,127-1401,栃木県宇都宮市日光5-16,0285-37-7492,826773767749,1400,698,B14,E057,2023-05-02
C00743,山本 香織,サトウ ヨウイチ,1967-07-15,女性,59,会社員,1000-1500万,マス,308-7075,茨城県古河市東三島1-20,029-65-2960,774614865670,486,47,B04,E014,2007-01-14
C00744,井上 聡太郎,カトウ ヨウコ,1983-05-08,男性,43,経営者,1500-3000万,準富裕層,238-9823,栃木県真岡市手岡1-11,029-32-7611,871264469609,1455,624,B09,E037,2014-01-25
C00745,小川 陽子,ナカムラ ミノル,1984-12-04,女性,41,経営者,500-800万,マスリテール,464-8474,栃木県大田原市一ツ橋3-16,029-43-5268,320767451186,436,0,B12,E049,2016-10-03
C00746,鈴木 学,ハヤシ ヨウスケ,1954-11-15,男性,71,会社員,800-1000万,マスリテール,586-2064,茨城県筑西市橋場1-12,029-41-1028,115157459155,1101,0,B05,E017,2010-02-15
C00747,佐々木 陽子,タナカ クミコ,1985-08-24,女性,41,会社役員,300-500万,マスリテール,061-2091,茨城県土浦市猿楽町3-4,0288-39-7130,295738775171,1030,104,B04,E069,2016-09-09
C00748,山本 涼平,タカハシ ソウタロウ,1975-10-08,男性,50,農業,3000万以上,準富裕層,298-6042,栃木県足利市手岡3-10,029-64-3955,669470170437,4064,0,B10,E039,2015-05-10
C00749,佐藤 桃子,ヨシダ シュウヘイ,1994-10-19,女性,31,弁護士,800-1000万,マスリテール,655-3297,栃木県日光市東大和町4-15,029-90-2072,372036115838,325,0,B14,E056,2011-10-31
C00750,池田 美加子,イシイ ユミコ,1994-02-11,女性,32,弁護士,800-1000万,マスリテール,630-4909,茨城県筑西市高田馬場1-11,0283-92-9715,531737297298,,611,B02,E007,2011-07-29
C00751,山田 陽一,ササキ レイ,1945-03-10,男性,81,自営業,1000-1500万,準富裕層,228-3772,茨城県鹿嶋市入谷1-16,029-61-8931,527820245961,1554,0,B03,E011,2017-06-24
C00752,佐々木 花子,タナカ サユリ,1987-02-16,女性,39,年金生活者,300-500万,マスリテール,006-5944,茨城県古河市手岡1-18,029-26-5963,307811569114,521,560,B08,E033,2006-06-23
C00753,井上 京助,ヨシダ リカ,1974-11-13,男性,51,年金生活者,500-800万,マスリテール,783-5896,栃木県宇都宮市中鉢石町2-4,0285-43-4630,450952131121,1075,0,B16,E061,2024-07-03
C00754,田中 さゆり,サイトウ ユウタ,1953-11-20,女性,72,弁護士,3000万以上,マスリテール,867-9085,栃木県宇都宮市長間2-11,0280-69-4741,541684933300,791,89,B10,E038,2008-07-28
C00755,田中 淳,サトウ ミノル,1951-12-31,男性,74,不動産賃貸業,500-800万,マスリテール,670-1818,茨城県水戸市平河町4-14,0285-55-4104,958206297505,1193,2366,B02,E067,2023-09-21
C00756,山田 太郎,アベ モモコ,1994-10-30,男性,31,年金生活者,800-1000万,マスリテール,638-7106,茨城県日立市東三島2-16,029-43-9797,281794706657,521,360,B03,E068,2007-05-16
C00757,小川 知実,イケダ ハナコ,1975-07-30,女性,51,税理士,1000-1500万,マスリテール,651-4006,茨城県取手市中鉢石町2-3,0283-83-4289,667481637967,197,0,B03,E009,2020-04-05
C00758,石井 聡太郎,ナカムラ アツシ,1977-02-06,男性,49,医師,1000-1500万,マス,286-2071,茨城県日立市橋場2-14,0283-67-8177,257789996016,156,0,B08,E073,2024-05-14
C00759,田中 治,オガワ ヨウコ,1948-04-22,男性,78,年金生活者,500-800万,マスリテール,520-6358,栃木県鹿沼市橋場1-5,0282-52-3875,608309882921,928,0,B09,E035,2012-06-26
C00760,田中 裕樹,マツモト ミキ,1981-06-30,男性,45,公務員,300-500万,マスリテール,506-7762,栃木県栃木市太田ヶ谷3-15,029-76-2136,369910443557,459,0,B14,E079,2016-08-15
C00761,田中 涼平,ヤマダ ショウタ,1965-03-10,男性,61,歯科医師,1500-3000万,準富裕層,313-6963,栃木県小山市港南3-12,029-38-2700,356342187915,3270,0,B09,E034,2016-06-05
C00762,渡辺 治,マエダ ソウタロウ,1967-09-01,男性,59,公務員,800-1000万,マスリテール,360-3771,茨城県鹿嶋市長畑5-13,0282-98-7336,360910971415,459,304,B06,E071,2014-04-22
C00763,吉田 美加子,カトウ ミキ,1961-03-02,女性,65,会社員,800-1000万,マスリテール,391-0404,茨城県古河市押上2-5,0282-42-7364,383464149922,433,0,B08,E032,2013-11-01
C00764,山崎 太郎,ヤマモト ナオト,1971-02-25,男性,55,公務員,500-800万,マスリテール,659-1280,茨城県古河市五味ヶ谷2-13,0285-73-8546,597071379771,397,298,B05,E020,2023-07-13
C00765,鈴木 春香,イノウエ タイチ,1955-01-11,女性,71,会社員,300-500万,マスリテール,337-4096,栃木県栃木市皇居外苑5-12,0285-90-7688,805984461759,546,178,B15,E060,2019-11-27
C00766,田中 学,ナカガワ ヤスヒロ,1981-07-10,男性,45,自営業,500-800万,マス,556-4278,茨城県つくば市手岡4-17,0285-43-8257,860311583638,320,105,B03,E010,2020-05-26
C00767,長谷川 陽一,オオタ ユミコ,1983-08-24,男性,43,税理士,300-500万,マスリテール,012-7733,茨城県古河市花川戸4-8,0288-36-8973,771373029551,1369,440,B06,E026,2024-10-13
C00768,遠藤 翔太,ヤマシタ シュウヘイ,1969-03-12,男性,57,年金生活者,3000万以上,準富裕層,528-9617,栃木県宇都宮市入谷3-3,0282-65-4326,266402427538,3272,0,B09,E035,2019-06-14
C00769,中村 治,コンドウ マイ,1984-04-10,男性,42,会社員,500-800万,マスリテール,714-6843,茨城県日立市幸手5-6,0280-40-7802,684624250184,1625,253,B04,E069,2013-10-10
C00770,小林 裕美子,ヤマモト ユウタ,1945-06-29,女性,81,経営者,1000-1500万,富裕層,829-5810,茨城県つくば市平河町1-19,0287-66-8224,729577313801,3475,1183,B02,E007,2009-07-05
C00771,池田 拓真,ナカムラ アケミ,1973-12-11,男性,52,自営業,500-800万,マスリテール,032-2279,茨城県つくば市渡辺1-7,0287-61-5789,970638868655,1154,149,B07,E027,2024-07-17
C00772,木村 陽子,マツダ サトミ,1993-05-19,女性,33,会社役員,1500-3000万,マスリテール,065-8757,茨城県土浦市芝公園5-9,0283-23-9021,156551327248,1245,0,B05,E070,2008-10-07
C00773,中村 美加子,スズキ カナ,1979-06-02,女性,47,税理士,300万未満,マスリテール,181-0525,茨城県石岡市千束1-19,029-58-7236,518630981894,1038,0,B03,E012,2005-07-16
C00774,鈴木 真綾,タナカ ナナミ,1978-08-21,女性,48,経営者,1000-1500万,富裕層,071-7449,茨城県古河市西川3-18,0280-82-5614,191339663037,2931,4267,B01,E004,2012-05-16
C00775,田中 亮介,カトウ カナ,1951-08-02,男性,75,年金生活者,300-500万,マスリテール,428-7835,栃木県鹿沼市東大和町2-3,0288-29-1158,115990623308,942,0,B15,E060,2012-10-12
C00776,高橋 修平,ヨシダ ミキ,1953-02-05,男性,73,歯科医師,1000-1500万,マスリテール,588-5084,栃木県足利市木立2-3,0287-31-1062,969442983071,,380,B13,E052,2015-01-19
C00777,渡辺 晃,ヨシダ ヨウスケ,1965-05-11,男性,61,公務員,1500-3000万,富裕層,826-4044,茨城県鹿嶋市松が谷3-19,0288-27-8250,654845040247,6855,3939,B03,E009,2011-07-31
C00778,山田 浩,イシカワ ソウタロウ,1977-12-16,男性,48,税理士,300-500万,マス,940-7476,茨城県日立市丸の内ＪＰタワー2-6,0288-61-4730,534489300853,644,0,B01,E066,2019-01-03
C00779,加藤 さゆり,イトウ ヨウコ,1982-05-24,女性,44,不動産賃貸業,800-1000万,マスリテール,468-6302,栃木県佐野市柿木沢3-6,029-27-2028,480078505384,705,1221,B13,E051,2018-12-21
C00780,加藤 あすか,サイトウ ケンイチ,1958-12-17,女性,67,医師,1500-3000万,準富裕層,643-8810,栃木県足利市羽折町3-19,0288-66-2079,390207509084,5558,0,B09,E036,2018-05-02
C00781,橋本 知実,カトウ ユイ,1951-03-08,女性,75,会社員,300-500万,マスリテール,377-1253,茨城県古河市南郷屋4-15,0285-61-7606,610667701246,500,409,B07,E030,2015-02-02
C00782,加藤 さゆり,タナカ アスカ,1968-07-26,女性,58,公務員,500-800万,マス,074-7567,茨城県取手市芝浦2-5,0283-43-4555,117587230544,137,0,B02,E067,2011-11-16
C00783,石井 真綾,サトウ カズヤ,1981-02-28,女性,45,会社員,3000万以上,マス,139-5359,茨城県筑西市今戸3-8,0280-82-9177,578600473268,152,0,B08,E032,2014-09-11
C00784,鈴木 稔,ヤマシタ トモヤ,1952-02-26,男性,74,会社員,3000万以上,マス,840-4573,茨城県土浦市氏家新田4-16,029-59-3598,792943926857,173,86,B08,E033,2008-05-30
C00785,斎藤 さゆり,タカハシ マアヤ,1953-08-04,女性,73,不動産賃貸業,1000-1500万,富裕層,687-0183,栃木県小山市上広谷3-19,0285-28-1290,505647112111,7188,0,B10,E041,2008-01-27
C00786,田中 あすか,ヨシダ アツシ,1987-08-29,女性,38,経営者,1000-1500万,準富裕層,830-8566,茨城県古河市南郷屋5-11,0287-44-3082,456333997089,8053,0,B03,E068,2012-10-24
C00787,吉田 学,サトウ タクマ,1984-02-14,男性,42,経営者,800-1000万,マスリテール,951-4091,栃木県宇都宮市北青山3-17,029-69-3430,454865689935,1157,0,B09,E034,2023-03-05
C00788,鈴木 舞,オカモト タイチ,1986-11-05,女性,39,不動産賃貸業,300-500万,マスリテール,696-1035,栃木県宇都宮市神明内4-8,0280-20-6361,630946659683,486,453,B09,E074,2024-03-04
C00789,小川 さゆり,サトウ ナオト,1950-06-29,女性,76,会社員,1000-1500万,マスリテール,334-5286,茨城県ひたちなか市鍛冶ケ沢2-13,0285-21-5885,324459233803,835,397,B02,E007,2017-06-29
C00790,福田 和也,タナカ タロウ,1961-06-28,男性,65,年金生活者,800-1000万,マスリテール,015-6588,茨城県古河市外神田1-9,0285-55-4240,768753452247,893,393,B04,E069,2005-03-29
C00791,山田 治,アベ ハルカ,1947-03-30,男性,79,会社員,1500-3000万,準富裕層,906-3580,茨城県筑西市虎ノ門虎ノ門ヒルズ森タワー1-14,0287-61-7480,457246783017,2685,0,B03,E013,2011-01-12
C00792,岡本 和也,ワタナベ カズヤ,1975-08-05,男性,51,年金生活者,800-1000万,マスリテール,646-6366,栃木県小山市湯宮4-3,029-37-3483,671669824595,376,0,B13,E052,2011-08-23
C00793,松田 稔,スズキ アケミ,1976-01-13,男性,50,医師,1500-3000万,富裕層,599-7354,栃木県日光市芝浦4-13,0287-39-9980,198023376979,11066,4344,B15,E059,2015-03-22
C00794,山口 裕樹,イトウ マナブ,1983-09-15,男性,42,税理士,300-500万,マス,127-5060,茨城県つくば市戸島5-11,0282-69-7484,658428451207,159,77,B07,E029,2019-10-04
C00795,清水 あすか,コバヤシ ソウタロウ,1955-04-21,女性,71,農業,1000-1500万,マス,384-3348,茨城県石岡市中小来川3-17,0288-41-7507,264122633242,164,0,B08,E031,2009-10-05
C00796,中島 花子,ワタナベ ミツル,1985-02-18,女性,41,税理士,300-500万,マスリテール,040-8533,栃木県佐野市大京町4-4,0287-56-8399,589750041858,586,422,B14,E079,2017-12-17
C00797,中島 千代,ナカムラ サトミ,1972-07-03,女性,54,弁護士,3000万以上,マス,928-4068,栃木県栃木市神明内2-19,0287-58-4511,752348203681,174,0,B16,E063,2017-02-28
C00798,松本 健一,シミズ カオリ,1989-05-12,男性,37,年金生活者,300万未満,マスリテール,071-3153,茨城県つくば市西小来川3-7,0285-69-6363,763103240905,1019,0,B05,E018,2017-09-08
C00799,福田 くみ子,タナカ ヒデキ,1987-05-23,女性,39,農業,3000万以上,マスリテール,954-3348,栃木県宇都宮市戸島3-15,0285-92-3613,156252185989,1052,763,B15,E060,2015-02-24
C00800,石川 聡太郎,ヤマシタ ショウタ,1966-08-16,男性,60,公務員,500-800万,マスリテール,620-4079,茨城県土浦市皇居外苑1-1,0285-42-1235,194972837023,651,555,B03,E068,2010-09-16
C00801,藤原 知実,イシイ ミキ,1949-01-30,女性,77,税理士,1500-3000万,準富裕層,995-5891,茨城県鹿嶋市白金台4-6,029-93-1721,171539595344,3493,1246,B03,E011,2012-07-21
C00802,吉田 桃子,マエダ ミキ,1946-01-04,女性,80,弁護士,300万未満,富裕層,390-7002,栃木県宇都宮市細竹5-14,0283-82-4793,154728732297,,1347,B10,E040,2020-03-05
C00803,林 くみ子,ワタナベ トモヤ,1960-08-06,女性,66,自営業,500-800万,マスリテール,290-6146,茨城県古河市北上野4-6,0283-71-7096,943305821081,744,505,B05,E019,2006-06-10
C00804,山下 知実,フジイ アキラ,1945-08-27,女性,81,年金生活者,3000万以上,マスリテール,512-6131,茨城県鹿嶋市千束4-18,0288-41-1700,655525903859,435,0,B02,E007,2013-02-02
C00805,太田 裕太,コバヤシ ナナミ,1977-09-10,男性,48,不動産賃貸業,1500-3000万,準富裕層,602-1167,栃木県佐野市虎ノ門5-6,0287-49-6486,226655063678,3965,1116,B09,E036,2022-09-13
C00806,小林 裕美子,タナカ ツバサ,1993-10-22,女性,32,農業,500-800万,マスリテール,789-5711,栃木県大田原市橋場1-8,0287-78-3551,863792714260,781,0,B10,E039,2019-03-08
C00807,橋本 充,ニシムラ チヨ,1957-05-11,男性,69,自営業,800-1000万,準富裕層,035-5921,栃木県足利市轟2-1,029-23-5846,328153282163,1267,0,B10,E039,2018-12-13
C00808,渡辺 智也,ワタナベ マナブ,1974-06-30,男性,52,医師,1000-1500万,富裕層,678-2644,栃木県佐野市東和町4-20,0283-81-1686,639787699126,5729,2868,B12,E048,2007-05-03
C00809,山崎 真綾,ハシモト カオリ,1971-06-12,女性,55,会社役員,1500-3000万,富裕層,193-6929,茨城県石岡市卯の里3-16,029-68-1633,636711002886,20726,2527,B08,E031,2021-08-05
C00810,池田 直人,ハヤシ マイ,1983-05-17,男性,43,医師,500-800万,マス,946-1456,茨城県鹿嶋市美原町1-11,0282-90-8392,775239963621,590,96,B08,E073,2017-09-21
C00811,岡田 淳,フクダ タクマ,1980-08-24,男性,46,不動産賃貸業,3000万以上,マスリテール,006-2759,茨城県水戸市千束3-19,029-86-9046,424062695319,636,412,B01,E002,2005-01-12
C00812,藤田 舞,アベ マイ,1953-09-13,女性,72,公務員,1000-1500万,準富裕層,383-3053,茨城県つくば市湯宮4-2,0282-43-4660,742883732066,1240,0,B01,E004,2008-12-17
C00813,山口 加奈,キムラ サトミ,1954-06-20,女性,72,経営者,1500-3000万,富裕層,060-2993,茨城県水戸市上高野5-12,0287-89-2742,621489021754,6603,0,B03,E009,2010-03-10
C00814,吉田 陽子,エンドウ ケンイチ,1949-01-26,女性,77,医師,1000-1500万,富裕層,087-6188,茨城県つくば市箭坪1-1,0280-31-4060,317602975962,7851,0,B03,E012,2010-07-15
C00815,佐藤 千代,ササキ カナ,1945-06-26,女性,81,農業,300-500万,富裕層,272-0118,栃木県栃木市長畑2-10,0280-70-1183,166021629805,3128,2683,B10,E042,2006-12-09
C00816,小林 直人,フクダ ミキ,1983-08-08,男性,43,農業,1500-3000万,マスリテール,618-7036,栃木県那須塩原市平河町2-16,0288-47-4091,622543057230,456,0,B11,E046,2012-06-01
C00817,中川 洋介,オオタ ミノル,1965-04-27,男性,61,歯科医師,1500-3000万,富裕層,625-0937,茨城県鹿嶋市明石町5-3,0283-41-5047,927326411653,6778,3968,B08,E073,2022-06-17
C00818,佐藤 真綾,サトウ カズヤ,1989-04-26,女性,37,弁護士,500-800万,マスリテール,286-4072,栃木県大田原市月島1-7,0287-67-7402,767651928894,506,0,B13,E052,2014-01-14
C00819,山口 稔,サトウ ミツル,1993-10-31,男性,32,自営業,500-800万,マスリテール,832-5278,栃木県日光市所野3-16,0288-29-8090,132640986019,1536,952,B10,E041,2017-09-04
C00820,藤原 裕太,モリ チヨ,1975-12-11,男性,50,経営者,3000万以上,富裕層,409-1333,茨城県石岡市四番町3-10,0288-80-9379,523001826409,4600,5829,B01,E066,2013-07-23
C00821,岡本 亮介,イシカワ ソウタロウ,1975-12-19,男性,50,自営業,1500-3000万,富裕層,729-2345,栃木県足利市東上野3-9,0282-56-9413,444575958611,3017,0,B09,E036,2022-07-11
C00822,高橋 陽一,ヤマモト ミノル,1995-10-23,男性,30,会社員,1000-1500万,マスリテール,895-7648,栃木県栃木市小入5-5,0288-57-4112,854570363333,470,144,B14,E056,2022-12-05
C00823,佐々木 結衣,イトウ ケンイチ,1983-06-01,女性,43,弁護士,500-800万,マスリテール,675-1465,栃木県那須塩原市美原町2-16,0282-51-7416,888059253876,761,977,B10,E040,2013-09-12
C00824,高橋 花子,フジタ チヨ,1981-09-04,女性,44,農業,3000万以上,マスリテール,681-7803,栃木県日光市箭坪4-1,029-44-5174,645150774473,324,0,B15,E080,2018-04-23
C00825,鈴木 花子,フクダ ヤスヒロ,1992-02-11,女性,34,農業,300-500万,マスリテール,066-5623,栃木県大田原市港南4-11,029-37-3967,495664914015,637,378,B15,E058,2023-03-15
C00826,阿部 陽一,オカダ チヨ,1958-03-19,男性,68,税理士,1000-1500万,準富裕層,297-1436,茨城県石岡市無栗屋3-10,0285-50-4776,779551605085,,1084,B01,E005,2006-10-14
C00827,中島 加奈,タカハシ ハナコ,1993-08-27,女性,32,農業,1500-3000万,マスリテール,590-0027,栃木県大田原市猿楽町2-18,0283-22-3627,727456830664,987,211,B09,E074,2006-03-29
C00828,近藤 舞,フジタ クミコ,1971-07-04,女性,55,自営業,300-500万,マス,616-9679,栃木県栃木市神明内3-4,029-50-6054,737524300723,192,0,B16,E065,2007-02-18
C00829,松本 美加子,タカハシ ナナミ,1987-09-11,女性,38,弁護士,500-800万,マス,511-7467,栃木県日光市横林3-7,0287-82-8154,475912440074,415,83,B13,E053,2017-01-11
C00830,中島 あすか,ヤマモト カナ,1958-12-11,女性,67,自営業,1500-3000万,マスリテール,868-9403,茨城県取手市雷門2-13,0280-47-6148,543898895211,521,0,B01,E003,2017-08-15
C00831,佐々木 真綾,オカモト タイチ,1952-10-14,女性,73,弁護士,3000万以上,富裕層,733-3450,茨城県土浦市外国府間1-15,0287-22-7371,480412368089,7058,0,B03,E011,2019-01-03
C00832,西村 さゆり,イシカワ ナナミ,1995-03-15,女性,31,公務員,1500-3000万,マスリテール,675-2608,茨城県ひたちなか市土沢4-6,0280-48-9473,682393722301,645,218,B06,E023,2015-12-17
C00833,吉田 幹,マエダ マアヤ,1948-08-30,女性,78,会社員,500-800万,マス,744-4637,栃木県大田原市脚折町3-6,0280-72-6105,671946315598,383,309,B13,E051,2018-12-05
C00834,橋本 英樹,スズキ ハナコ,1983-05-13,男性,43,不動産賃貸業,1000-1500万,準富裕層,594-0886,茨城県つくば市皇居外苑2-1,0288-45-2262,946397961231,3331,618,B03,E009,2014-02-24
C00835,木村 智也,ヤマモト クミコ,1955-09-12,男性,70,農業,800-1000万,準富裕層,823-3205,茨城県筑西市手岡2-8,0288-21-6332,288357540247,4272,0,B03,E011,2012-03-30
C00836,森 亮介,コバヤシ ツバサ,1979-08-26,男性,47,農業,800-1000万,マスリテール,172-0922,栃木県小山市松浦町2-20,0288-67-5575,368273987631,1223,0,B09,E037,2012-02-11
C00837,田中 篤司,オカモト ミツル,1962-04-06,男性,64,経営者,3000万以上,富裕層,444-2434,茨城県つくば市高輪1-10,0285-87-9027,931838637614,2875,0,B03,E012,2009-11-25
C00838,伊藤 幹,イケダ サユリ,1978-04-16,女性,48,農業,800-1000万,マスリテール,384-1468,栃木県大田原市今戸2-17,0288-83-3068,142111461674,509,934,B09,E035,2022-04-19
C00839,渡辺 里佳,コバヤシ カナ,1950-12-12,女性,75,税理士,1000-1500万,準富裕層,124-8015,茨城県古河市橋場4-7,0288-22-4531,952274144084,2911,0,B01,E066,2009-07-01
C00840,渡辺 加奈,コバヤシ ミツル,1980-11-02,女性,45,不動産賃貸業,500-800万,マスリテール,305-9362,栃木県真岡市山中新田3-7,0285-36-7812,159956104346,631,535,B11,E044,2006-12-28
C00841,山下 亮介,カトウ ユウキ,1946-01-03,男性,80,税理士,800-1000万,マスリテール,569-8788,栃木県那須塩原市三筋5-18,0285-25-8855,486838064966,341,387,B15,E060,2014-10-09
C00842,前田 修平,タナカ マナブ,1980-06-15,男性,46,会社役員,300-500万,準富裕層,005-9088,茨城県土浦市秋葉原5-12,029-77-7609,977608023259,873,0,B03,E013,2021-01-03
C00843,佐藤 裕美子,アベ オサム,1973-09-08,女性,52,税理士,500-800万,マスリテール,871-0573,茨城県鹿嶋市細竹4-17,029-90-9289,271661808912,315,0,B08,E073,2024-08-06
C00844,小林 結衣,ヨシダ ミノル,1945-01-02,女性,81,経営者,500-800万,マスリテール,307-0756,茨城県土浦市東浅草1-2,0282-21-3178,560396843660,801,108,B04,E015,2023-02-03
C00845,阿部 智也,キムラ ユウキ,1960-12-16,男性,65,公務員,1500-3000万,マスリテール,932-5769,茨城県つくば市元浅草4-4,029-78-6615,901513045804,1748,0,B07,E029,2015-03-19
C00846,阿部 あすか,サトウ キョウスケ,1960-04-14,女性,66,不動産賃貸業,300-500万,マスリテール,852-3526,栃木県鹿沼市湯宮5-9,0288-96-5018,994324714405,1061,354,B13,E051,2017-01-16
C00847,林 直子,イシカワ ツバサ,1948-10-16,女性,77,会社員,1500-3000万,マスリテール,261-4270,茨城県筑西市芝浦2-8,0280-79-3510,211351543888,1040,0,B07,E072,2017-12-29
C00848,加藤 香織,モリ クミコ,1972-04-30,女性,54,経営者,800-1000万,超富裕層,072-4413,栃木県真岡市上高野1-11,029-75-7650,575947062201,13524,0,B09,E035,2019-04-16
C00849,吉田 京助,ナカガワ マイ,1964-04-28,男性,62,会社員,800-1000万,マスリテール,987-9889,茨城県取手市西関宿4-8,0282-51-3701,273242278825,456,221,B06,E026,2006-07-21
C00850,松本 結衣,スズキ リカ,1949-07-15,女性,77,医師,3000万以上,準富裕層,931-5464,茨城県水戸市上広谷4-6,029-37-5774,844604594423,2482,2860,B04,E016,2007-12-05
C00851,渡辺 和也,マツダ チヨ,1964-04-23,男性,62,会社役員,1500-3000万,富裕層,107-2023,栃木県宇都宮市大中5-1,0288-44-3784,533349556366,9922,0,B10,E041,2015-07-13
C00852,林 幹,マツモト ユウキ,1974-03-07,女性,52,不動産賃貸業,1000-1500万,準富裕層,288-9036,茨城県ひたちなか市上広谷2-17,029-83-4666,412197015338,968,0,B01,E001,2017-02-23
C00853,田中 真綾,ナカムラ ユウタ,1979-07-26,女性,47,年金生活者,1000-1500万,マス,807-8711,茨城県取手市高輪4-8,0288-59-6351,362897298764,724,121,B06,E025,2014-07-15
C00854,渡辺 稔,アベ キョウスケ,1964-04-26,男性,62,会社役員,800-1000万,準富裕層,753-4380,茨城県鹿嶋市西小来川4-14,029-90-5956,881415338391,1890,0,B02,E007,2023-05-15
C00855,橋本 翔太,ハシモト サユリ,1967-05-21,男性,59,会社員,1500-3000万,マス,362-7678,栃木県佐野市西浅草4-6,0288-83-8594,960700664162,260,0,B14,E056,2010-09-26
C00856,松本 千代,ヤマザキ カオリ,1993-04-26,女性,33,経営者,300万未満,マスリテール,416-5123,茨城県つくば市前弥六南町3-14,029-82-6481,143586048731,,365,B07,E028,2017-09-10
C00857,石川 香織,キムラ オサム,1982-11-29,女性,43,税理士,1500-3000万,マス,567-8074,茨城県古河市手岡3-1,029-81-9209,332794585716,415,207,B03,E010,2024-03-29
C00858,森 くみ子,ササキ ユイ,1980-08-03,女性,46,農業,800-1000万,マスリテール,415-0227,茨城県筑西市鍛冶ケ沢4-2,0282-62-1293,745994590467,897,230,B04,E014,2023-03-21
C00859,山下 結衣,イトウ モモコ,1979-11-20,女性,46,自営業,1500-3000万,マスリテール,043-9951,茨城県水戸市秋葉原2-19,0282-70-5347,679838988965,1560,178,B08,E032,2024-04-16
C00860,田中 春香,ヤマグチ アツシ,1966-07-23,女性,60,弁護士,1500-3000万,富裕層,388-2793,茨城県石岡市北青山1-16,0283-47-9750,708430601575,8106,7955,B01,E003,2024-05-23
C00861,藤井 翔太,ヤマモト ナオキ,1959-12-21,男性,66,公務員,500-800万,マスリテール,218-0036,栃木県栃木市白金4-1,029-36-5230,822280452385,885,100,B11,E045,2009-05-08
C00862,福田 里佳,フクダ リョウヘイ,1976-07-03,女性,50,歯科医師,3000万以上,超富裕層,499-0942,栃木県佐野市明石町5-18,0287-28-2248,271724876862,11072,0,B10,E038,2005-02-13
C00863,中村 太郎,サトウ リョウヘイ,1981-11-04,男性,44,弁護士,1000-1500万,マス,411-5808,栃木県日光市手岡4-17,029-81-5559,193567997158,959,112,B13,E053,2007-01-11
C00864,田中 桃子,カトウ レイ,1969-11-09,女性,56,歯科医師,300-500万,富裕層,159-4098,栃木県鹿沼市外国府間1-3,0280-38-6604,671919304683,10699,0,B11,E076,2014-05-31
C00865,山本 舞,マツモト ジュン,1950-07-18,女性,76,年金生活者,800-1000万,富裕層,449-7198,栃木県鹿沼市氏家新田4-19,0287-28-4715,825138703891,9337,4178,B09,E037,2007-10-19
C00866,佐藤 知実,タナカ アツシ,1951-10-26,女性,74,公務員,1000-1500万,富裕層,431-5426,栃木県宇都宮市土呂部5-12,029-67-6549,922123457099,6989,0,B09,E034,2008-03-16
C00867,太田 直子,ヨシダ ヒデキ,1970-04-10,女性,56,医師,1500-3000万,準富裕層,698-2087,栃木県日光市東神田3-4,0283-24-6194,440359139734,5166,586,B16,E065,2020-01-08
C00868,山口 真綾,スズキ カズヤ,1985-06-05,女性,41,会社役員,500-800万,マス,129-2548,栃木県小山市丸の内ＪＰタワー3-11,0288-72-2218,684008734505,173,66,B12,E050,2015-01-01
C00869,佐藤 花子,マツダ アケミ,1967-02-24,女性,59,経営者,800-1000万,超富裕層,296-4623,茨城県日立市蔵前2-17,0283-96-2640,226111115379,13818,0,B01,E001,2006-08-27
C00870,伊藤 くみ子,イトウ ヤスヒロ,1950-11-12,女性,75,会社員,1500-3000万,マス,269-4052,栃木県日光市津久戸町5-3,0288-90-9946,823926902828,212,76,B16,E063,2008-12-20
C00871,橋本 桃子,タナカ リョウスケ,1975-02-24,女性,51,会社役員,500-800万,超富裕層,649-2436,茨城県石岡市千塚1-4,0285-25-8687,498613769747,27872,4478,B01,E004,2007-05-30
C00872,佐藤 知実,ヨシダ マナブ,1955-03-08,女性,71,歯科医師,3000万以上,準富裕層,885-0834,栃木県足利市芝浦1-16,0280-36-3774,661276840846,1806,0,B09,E035,2013-02-22
C00873,橋本 翔太,ナカムラ ナオキ,1948-02-17,男性,78,年金生活者,500-800万,マスリテール,437-0846,栃木県大田原市皇居外苑2-20,0287-69-4153,683364041961,1496,628,B16,E063,2007-03-15
C00874,渡辺 春香,イトウ アスカ,1954-04-08,女性,72,不動産賃貸業,3000万以上,富裕層,000-0854,茨城県日立市隼町4-9,0287-97-9153,542873880781,9839,0,B05,E021,2009-03-29
C00875,渡辺 陽子,ヨシダ ジュン,1993-05-12,女性,33,経営者,3000万以上,準富裕層,372-5476,茨城県土浦市皇居外苑2-2,0280-51-1762,180450116855,3562,0,B03,E068,2007-03-26
C00876,池田 康弘,ナカムラ ユウタ,1986-04-23,男性,40,税理士,300-500万,マス,760-9648,茨城県日立市三筋3-11,0285-68-9501,403569639361,360,66,B06,E025,2017-02-03
C00877,阿部 修平,スズキ カナ,1951-08-28,男性,75,弁護士,3000万以上,富裕層,760-9860,栃木県大田原市百村1-9,029-75-8595,165105713167,,3516,B10,E038,2005-10-27
C00878,田中 美加子,スズキ ヒデキ,1976-07-26,女性,50,弁護士,800-1000万,富裕層,308-7769,栃木県宇都宮市木立4-17,029-95-8445,432206456028,3754,0,B10,E075,2015-09-03
C00879,佐藤 修平,イノウエ ナオコ,1990-06-20,男性,36,経営者,800-1000万,富裕層,777-9180,茨城県土浦市丸の内ＪＰタワー4-13,0280-90-9350,220880532416,4102,0,B03,E011,2022-11-24
C00880,清水 加奈,スズキ マイ,1971-09-17,女性,54,経営者,1000-1500万,富裕層,975-8255,栃木県佐野市土沢3-8,0288-91-9682,301527714518,3383,4833,B10,E075,2008-05-04
C00881,橋本 京助,サトウ ユミコ,1948-02-06,男性,78,歯科医師,1000-1500万,準富裕層,995-3116,茨城県取手市白金台3-9,0283-45-7585,765550941055,1551,661,B08,E033,2014-11-25
C00882,高橋 桃子,キムラ マアヤ,1965-06-10,女性,61,不動産賃貸業,1500-3000万,富裕層,278-3390,茨城県鹿嶋市柿木沢新田2-14,0283-22-2249,718918498665,9850,1176,B01,E002,2005-01-27
C00883,林 晃,ヤマグチ モモコ,1958-03-14,男性,68,弁護士,1500-3000万,富裕層,872-3609,茨城県土浦市藤金3-4,029-52-1191,748188748196,12458,0,B03,E012,2019-03-02
C00884,田中 あすか,ヤマモト ミツル,1952-07-21,女性,74,年金生活者,800-1000万,マスリテール,904-4550,茨城県土浦市湯宮1-16,0287-55-9864,822271927326,778,0,B01,E066,2010-05-30
C00885,山崎 千代,マツモト アキラ,1978-01-29,女性,48,弁護士,1000-1500万,マスリテール,647-9914,栃木県鹿沼市月島1-9,0280-42-3571,908459816970,702,303,B10,E038,2011-06-29
C00886,山下 翼,ナカムラ アスカ,1976-12-03,男性,49,弁護士,300-500万,マス,010-5824,栃木県栃木市神明内3-10,0288-75-3521,171674058328,167,82,B10,E039,2019-08-11
C00887,田中 晃,ヤマシタ ユウキ,1964-06-24,男性,62,歯科医師,800-1000万,富裕層,669-4216,茨城県日立市権現堂2-14,029-75-4756,996358332661,9966,0,B08,E032,2021-05-03
C00888,中村 知実,タカハシ チヨ,1982-03-21,女性,44,自営業,300-500万,マス,444-6039,茨城県鹿嶋市横林3-11,0282-97-4508,907136939376,601,64,B03,E009,2023-01-16
C00889,佐々木 美加子,ハセガワ ケンイチ,1954-08-19,女性,72,公務員,300-500万,マスリテール,502-2955,茨城県筑西市脚折町1-18,0285-70-3215,667162593482,677,421,B03,E010,2005-06-03
C00890,斉藤 洋介,イケダ サトミ,1948-07-17,男性,78,歯科医師,3000万以上,富裕層,073-6986,栃木県栃木市長間5-18,029-63-9602,201093078234,12227,0,B09,E036,2014-02-06
C00891,鈴木 直人,イシカワ ヨウイチ,1945-08-08,男性,81,歯科医師,3000万以上,富裕層,102-6191,茨城県土浦市芝公園1-17,0280-99-8247,564163279950,3966,0,B03,E068,2005-06-01
C00892,前田 充,タカハシ ヤスヒロ,1949-04-06,男性,77,経営者,300-500万,超富裕層,146-9824,栃木県宇都宮市東和町1-1,029-61-3702,919297475311,13501,4904,B10,E075,2020-11-05
C00893,三浦 和也,イシイ カオリ,1955-04-27,男性,71,経営者,3000万以上,富裕層,491-9221,栃木県那須塩原市戸山1-20,029-39-6789,517955482581,5512,0,B09,E034,2021-04-23
C00894,中村 くみ子,サトウ ユウキ,1958-08-22,女性,68,税理士,1000-1500万,マスリテール,556-2016,栃木県日光市土沢4-10,0285-86-2255,289625285397,367,0,B12,E050,2021-07-01
C00895,井上 和也,タカハシ チヨ,1946-03-23,男性,80,会社員,500-800万,富裕層,437-6314,栃木県宇都宮市横林1-9,0280-68-6658,476396622644,5683,0,B09,E034,2012-01-25
C00896,伊藤 真綾,ササキ カズヤ,1956-06-13,女性,70,農業,300-500万,マス,979-4617,茨城県ひたちなか市明石町5-8,0282-67-1802,440875279135,249,0,B05,E018,2006-07-12
C00897,鈴木 香織,サイトウ ケンイチ,1966-11-10,女性,59,経営者,1500-3000万,準富裕層,342-9824,栃木県鹿沼市柿木沢5-15,0283-65-1278,786217088824,2620,862,B11,E076,2018-08-03
C00898,坂本 稔,シミズ ナナミ,1962-10-07,男性,63,歯科医師,3000万以上,準富裕層,106-4441,栃木県小山市鳥越5-16,0285-51-9448,513149466470,1594,341,B15,E059,2018-03-27
C00899,岡田 裕樹,ゴトウ リョウスケ,1992-08-01,男性,34,公務員,500-800万,マスリテール,152-2401,栃木県佐野市西神田2-17,0283-59-7678,273076817116,355,0,B09,E034,2007-12-16
C00900,山下 幹,スズキ ツバサ,1993-12-08,女性,32,経営者,800-1000万,準富裕層,285-2370,茨城県ひたちなか市前弥六南町3-3,0285-25-7392,795708287579,1657,0,B03,E012,2011-06-18
C00901,田中 真綾,ヤマモト マイ,1969-07-18,女性,57,税理士,1500-3000万,マス,996-6782,茨城県水戸市日比谷公園1-16,0285-59-7736,408344694867,405,75,B02,E008,2007-10-07
C00902,小林 英樹,マツモト ミキ,1972-02-26,男性,54,弁護士,500-800万,マスリテール,841-3770,栃木県小山市芝公園4-20,0288-27-6569,417988817193,449,319,B09,E034,2006-09-03
C00903,松本 千代,イトウ アキラ,1955-05-14,女性,71,弁護士,500-800万,マス,871-0281,栃木県那須塩原市勝どき1-13,0287-48-3316,215130669958,471,43,B16,E061,2016-03-02
C00904,西村 あすか,コバヤシ クミコ,1960-01-11,女性,66,農業,1500-3000万,富裕層,147-9035,茨城県土浦市高田馬場2-19,029-45-9070,246959960770,14648,0,B01,E004,2009-11-07
C00905,佐藤 京助,フジワラ ユウキ,1952-04-18,男性,74,会社役員,1500-3000万,超富裕層,750-0431,栃木県那須塩原市箪笥町4-4,0285-84-7671,708935796067,,21877,B10,E075,2012-06-07
C00906,阿部 治,ムラカミ サユリ,1946-07-16,男性,80,会社役員,1000-1500万,準富裕層,374-2314,栃木県日光市方京2-20,0283-21-5004,515273501725,4759,0,B13,E053,2009-11-25
C00907,木村 舞,フジタ ナオキ,1982-12-02,女性,43,税理士,300-500万,マスリテール,766-8641,茨城県ひたちなか市九段南5-3,0288-35-9617,948854280407,798,419,B08,E033,2014-05-28
C00908,吉田 里佳,ヤマモト キョウスケ,1948-01-23,女性,78,弁護士,1000-1500万,準富裕層,657-0526,茨城県つくば市大中2-7,0283-97-9287,177944561085,2111,1532,B01,E002,2015-01-25
C00909,加藤 舞,イノウエ ナオコ,1991-11-16,女性,34,会社員,1000-1500万,マスリテール,513-5014,茨城県ひたちなか市千塚2-17,0283-72-1702,502994990719,429,0,B07,E027,2013-06-22
C00910,渡辺 香織,マツダ クミコ,1982-11-24,女性,43,弁護士,300-500万,マスリテール,410-0917,栃木県小山市神明内4-1,029-44-1907,496009652191,1346,514,B11,E046,2012-11-05
C00911,長谷川 智也,ヤマモト リカ,1965-08-29,男性,61,会社役員,1500-3000万,富裕層,389-2700,茨城県日立市西小来川2-7,0282-63-6829,997871726801,3478,0,B06,E025,2021-01-24
C00912,田中 和也,スズキ マナブ,1984-09-18,男性,41,公務員,300-500万,マスリテール,343-0459,栃木県栃木市中川崎5-9,0282-25-2897,431752293882,285,680,B09,E074,2010-08-24
C00913,佐藤 陽子,マエダ ソウタロウ,1954-07-29,女性,72,弁護士,800-1000万,富裕層,206-0530,茨城県水戸市中川崎2-8,0287-67-3033,211898502407,4311,4236,B01,E066,2010-05-21
C00914,木村 陽一,サトウ ハナコ,1949-10-02,男性,76,不動産賃貸業,1500-3000万,準富裕層,316-0138,茨城県水戸市明石町4-9,0283-41-7600,760377930936,6349,479,B05,E070,2020-01-13
C00915,山口 花子,イシカワ クミコ,1980-10-31,女性,45,不動産賃貸業,1000-1500万,マスリテール,099-5428,栃木県真岡市虎ノ門1-17,0282-38-9769,502797197529,1545,955,B09,E074,2022-12-06
C00916,山口 康弘,サトウ ヨウイチ,1964-06-26,男性,62,歯科医師,3000万以上,富裕層,600-0612,茨城県土浦市羽折町2-7,029-43-4654,955963066224,6496,7070,B06,E023,2008-03-23
C00917,鈴木 里佳,ミウラ ショウタ,1990-02-06,女性,36,公務員,300-500万,マスリテール,826-2307,栃木県大田原市氏家新田1-15,0280-47-6070,898841118819,1592,265,B11,E044,2024-11-12
C00918,山田 京助,ヤマモト ヨウコ,1988-08-25,男性,38,会社員,1000-1500万,マスリテール,441-0655,栃木県日光市芝大門1-10,0288-20-6647,550799855605,3178,759,B09,E034,2009-10-13
C00919,三浦 裕美子,スズキ アケミ,1952-04-10,女性,74,会社員,800-1000万,マス,891-5071,栃木県那須塩原市前弥六5-5,0285-54-2531,704660961443,396,0,B16,E064,2014-12-24
C00920,山本 七夏,スズキ ヒロシ,1963-07-12,女性,63,公務員,300-500万,マスリテール,091-1165,栃木県栃木市押上5-11,0283-63-2969,951228333999,313,540,B09,E036,2019-03-19
C00921,渡辺 直樹,マエダ ミカコ,1978-03-01,男性,48,弁護士,300万未満,マスリテール,143-2031,茨城県つくば市蔵前4-8,029-20-9419,758995077885,1012,327,B06,E025,2005-10-17
C00922,加藤 陽子,ヨシダ ナオト,1988-01-31,女性,38,医師,300-500万,マス,974-5138,栃木県鹿沼市北青山3-1,029-28-7147,162396479068,265,0,B14,E079,2006-09-02
C00923,山口 淳,シミズ ミツル,1947-11-29,男性,78,税理士,800-1000万,マスリテール,809-4011,栃木県小山市手岡5-7,0288-94-8263,553729249540,1331,0,B10,E075,2008-02-03
C00924,山本 さゆり,イシイ チヨ,1964-10-18,女性,61,弁護士,300-500万,マスリテール,473-1531,茨城県鹿嶋市四番町2-13,0288-72-3130,252884995963,694,0,B02,E008,2014-04-26
C00925,鈴木 健一,フジイ レイ,1965-03-30,男性,61,経営者,500-800万,超富裕層,443-3268,茨城県ひたちなか市台場1-13,0283-88-5305,315587036766,45477,19209,B01,E002,2011-07-29
C00926,中村 学,タナカ ミキ,1950-10-31,男性,75,歯科医師,3000万以上,富裕層,465-0627,茨城県つくば市吾妻橋1-3,0283-40-1007,221890439786,,2273,B07,E028,2008-02-12
C00927,高橋 修平,キムラ ヨウコ,1984-06-25,男性,42,農業,300-500万,マスリテール,063-5922,栃木県真岡市筑土八幡町1-18,0282-59-5335,154084612029,521,700,B11,E076,2024-07-27
C00928,佐藤 明美,ワタナベ リカ,1953-12-24,女性,72,会社役員,3000万以上,準富裕層,145-1134,栃木県大田原市五味ヶ谷3-10,029-50-8401,848204306714,3891,0,B16,E063,2013-02-06
C00929,遠藤 美加子,マツモト ナオコ,1954-05-22,女性,72,自営業,300万未満,マスリテール,055-1514,栃木県小山市津久戸町1-16,0288-95-9785,301121819924,601,172,B12,E048,2011-11-04
C00930,高橋 春香,ササキ ユイ,1980-02-17,女性,46,農業,800-1000万,マスリテール,164-7156,栃木県栃木市六番町4-8,0288-89-4981,228319204895,376,269,B10,E042,2023-04-02
C00931,長谷川 結衣,スズキ ミノル,1974-07-02,女性,52,公務員,1500-3000万,準富裕層,148-5304,茨城県鹿嶋市西神田5-18,0287-74-7599,233120225098,1808,0,B03,E012,2005-04-14
C00932,福田 直樹,スズキ マイ,1958-05-27,男性,68,公務員,1500-3000万,マスリテール,739-0060,茨城県つくば市浅草2-12,0282-40-2412,533757984846,478,295,B08,E033,2023-11-13
C00933,山崎 里佳,サトウ ユウタ,1994-12-05,女性,31,農業,1000-1500万,マスリテール,430-8947,茨城県つくば市卯の里1-19,0280-61-7519,602377671170,635,0,B01,E005,2017-01-07
C00934,中村 知実,コバヤシ タロウ,1945-10-29,女性,80,弁護士,1000-1500万,マスリテール,918-5029,栃木県佐野市西浅草5-10,0287-36-5884,769510201586,881,210,B15,E060,2021-05-19
C00935,橋本 充,カトウ ハルカ,1962-12-17,男性,63,年金生活者,1500-3000万,マス,555-6977,栃木県真岡市東上野1-12,0280-50-9912,591351359655,213,91,B13,E078,2024-06-24
C00936,鈴木 健一,ヨシダ サユリ,1973-03-10,男性,53,会社役員,800-1000万,マスリテール,166-8892,茨城県鹿嶋市戸塚町4-20,0283-83-7299,265536529800,654,0,B08,E073,2012-08-18
C00937,山崎 裕樹,ナカガワ ヨウイチ,1987-09-12,男性,38,歯科医師,1000-1500万,富裕層,091-0269,栃木県小山市虎ノ門虎ノ門ヒルズ森タワー2-12,029-54-1489,498864110266,6104,1516,B09,E037,2007-01-28
C00938,山崎 桃子,モリ リョウスケ,1966-06-14,女性,60,年金生活者,500-800万,マスリテール,228-7448,茨城県筑西市芝浦2-11,0288-67-5396,298647416036,744,0,B06,E026,2007-04-17
C00939,三浦 春香,カトウ リカ,1980-11-22,女性,45,弁護士,800-1000万,マス,758-6484,茨城県つくば市中宮祠5-19,0288-54-7412,314493266194,151,0,B06,E026,2023-10-16
C00940,山口 淳,ヤマモト マイ,1979-05-03,男性,47,会社員,500-800万,マスリテール,004-6792,栃木県小山市土呂部5-6,0285-95-4631,863938678785,881,221,B16,E062,2005-04-24
C00941,小川 桃子,ナカムラ ユミコ,1995-08-19,女性,31,医師,3000万以上,マス,247-9105,茨城県筑西市白金3-1,0283-61-8991,850644333134,267,201,B05,E019,2008-11-08
C00942,村上 陽一,タカハシ リカ,1964-11-28,男性,61,会社役員,800-1000万,準富裕層,745-2846,栃木県栃木市高輪5-11,0283-50-5409,142062553893,1609,3453,B12,E048,2023-01-31
C00943,吉田 和也,ヤマグチ ミツル,1974-06-03,男性,52,公務員,1500-3000万,マスリテール,401-4263,栃木県栃木市氏家1-7,0287-42-6998,998569296185,424,0,B13,E078,2023-12-22
C00944,鈴木 晃,サトウ ユミコ,1952-10-21,男性,73,弁護士,800-1000万,マスリテール,632-8907,茨城県つくば市方京1-10,0288-31-1576,489881384515,655,0,B08,E032,2016-06-08
C00945,中島 京助,ヤマザキ ハルカ,1954-07-07,男性,72,経営者,300万未満,マスリテール,668-3633,茨城県古河市九段南2-8,0288-85-9630,485546268803,733,1473,B07,E030,2008-11-16
C00946,石川 陽一,フジタ アスカ,1959-01-09,男性,67,会社員,1000-1500万,マスリテール,957-2355,茨城県筑西市土沢4-15,0283-76-5579,251043648349,655,0,B02,E067,2017-10-07
C00947,鈴木 陽子,スズキ ソウタロウ,1958-05-12,女性,68,経営者,3000万以上,準富裕層,184-1520,栃木県鹿沼市二つ室3-6,0283-36-5989,778424466131,1495,863,B10,E038,2014-11-19
C00948,藤井 知実,スズキ アケミ,1966-02-06,女性,60,会社員,800-1000万,マス,498-1250,栃木県栃木市幸手1-8,0280-34-6340,451622466054,453,0,B16,E061,2018-09-30
C00949,坂本 里佳,オカダ サユリ,1960-03-27,女性,66,会社員,500-800万,富裕層,925-2927,茨城県ひたちなか市土呂部3-17,0283-98-7276,745902202921,7755,0,B03,E013,2007-05-07
C00950,中川 幹,タカハシ ユウタ,1957-12-23,女性,68,歯科医師,1000-1500万,富裕層,124-3159,栃木県大田原市轟2-1,0280-66-9442,915978459671,11484,8259,B16,E081,2015-09-20
C00951,伊藤 春香,アオキ アキラ,1961-09-14,女性,64,税理士,800-1000万,準富裕層,225-1367,茨城県日立市山中新田2-7,0283-38-1116,437700015468,,1511,B03,E013,2010-05-09
C00952,田中 香織,ハシモト リカ,1960-01-04,女性,66,経営者,1000-1500万,富裕層,763-8123,茨城県土浦市戸塚町5-15,0282-23-9724,942522513630,11941,0,B01,E004,2015-04-03
C00953,西村 淳,タナカ リョウスケ,1990-04-02,男性,36,年金生活者,3000万以上,マスリテール,287-6436,茨城県筑西市南郷屋3-16,0280-68-3535,730770655567,499,264,B06,E022,2016-09-02
C00954,高橋 修平,ヨシダ ミカコ,1966-08-11,男性,60,農業,300-500万,マスリテール,765-4451,茨城県つくば市西神田4-4,0287-80-3876,602783139290,979,198,B04,E015,2017-06-16
C00955,吉田 浩,コバヤシ リカ,1986-10-14,男性,39,不動産賃貸業,500-800万,マスリテール,460-2740,茨城県つくば市土呂部1-14,0288-61-2234,433462796383,763,523,B03,E010,2024-02-28
C00956,林 聡太郎,カトウ カナ,1954-03-05,男性,72,弁護士,3000万以上,準富裕層,330-7035,栃木県佐野市柿木沢新田4-4,0285-79-9078,277033681550,1974,1073,B09,E037,2012-02-26
C00957,伊藤 太郎,タカハシ ハナコ,1951-03-28,男性,75,不動産賃貸業,1500-3000万,超富裕層,326-0178,茨城県つくば市一ツ橋4-20,0288-94-8189,301875008130,11396,14026,B03,E013,2009-04-11
C00958,青木 英樹,コバヤシ マナブ,1955-10-27,男性,70,歯科医師,1500-3000万,富裕層,222-1686,茨城県鹿嶋市脚折1-7,0285-61-3265,670865495527,3884,0,B03,E010,2019-04-29
C00959,木村 充,イケダ マイ,1961-03-16,男性,65,年金生活者,300-500万,マス,327-3246,茨城県水戸市上吉羽1-9,0288-90-9010,991663471362,183,159,B02,E067,2005-12-29
C00960,山口 直子,スズキ ミカコ,1953-09-23,女性,72,会社員,300-500万,マスリテール,334-9685,栃木県日光市芝公園4-2,0288-25-4309,405017139958,269,204,B09,E036,2009-09-23
C00961,渡辺 里佳,フジイ ソウタロウ,1951-09-07,女性,74,年金生活者,3000万以上,準富裕層,990-6599,茨城県つくば市中小来川2-19,0288-31-1374,266554299833,2684,0,B03,E068,2022-12-01
C00962,中村 明美,ヤマダ ヨウスケ,1985-12-04,女性,40,年金生活者,1500-3000万,マス,740-4931,栃木県日光市五味ヶ谷2-2,0283-45-1080,557742793218,193,0,B09,E037,2011-05-06
C00963,加藤 結衣,ササキ アスカ,1965-01-21,女性,61,医師,1500-3000万,準富裕層,713-7447,茨城県鹿嶋市台東4-15,0288-37-1876,766214564707,1715,0,B01,E066,2021-12-21
C00964,近藤 学,サトウ アツシ,1987-02-04,男性,39,医師,800-1000万,富裕層,142-1722,栃木県宇都宮市隼町4-5,0287-63-9669,584300306104,5451,0,B10,E039,2022-03-24
C00965,伊藤 治,ヤマシタ ヨウイチ,1963-10-24,男性,62,会社役員,1500-3000万,超富裕層,924-8807,茨城県つくば市中宮祠4-10,0288-86-2697,938161286286,16718,0,B03,E011,2023-09-06
C00966,渡辺 陽一,スズキ ソウタロウ,1948-10-29,男性,77,税理士,800-1000万,準富裕層,337-6218,茨城県古河市上広谷1-19,0287-61-3205,753479824163,5477,0,B03,E011,2018-12-22
C00967,林 和也,ヤマモト キョウスケ,1983-05-28,男性,43,不動産賃貸業,300-500万,マス,909-6771,茨城県水戸市秋葉原2-19,0283-64-3100,863555931057,393,630,B06,E026,2018-05-13
C00968,木村 稔,マツダ ハナコ,1984-05-27,男性,42,医師,500-800万,マス,494-3700,茨城県つくば市前弥六南町2-1,0282-29-3558,254728969459,214,86,B08,E073,2010-04-11
C00969,山下 春香,アベ ユウタ,1988-08-24,女性,38,医師,800-1000万,マスリテール,711-1278,栃木県真岡市二つ室1-14,0285-95-1366,350879094898,844,203,B15,E059,2024-06-07
C00970,田中 知実,ハセガワ サトミ,1969-11-13,女性,56,農業,300-500万,マスリテール,348-3418,茨城県水戸市三筋5-12,0285-83-8396,565439447306,2548,0,B02,E008,2015-04-12
C00971,前田 七夏,アベ モモコ,1950-05-22,女性,76,自営業,500-800万,マスリテール,133-3584,栃木県真岡市京橋1-5,0288-52-8565,101864809852,578,0,B09,E034,2012-09-17
C00972,遠藤 直人,ゴトウ シュウヘイ,1948-07-02,男性,78,医師,800-1000万,準富裕層,433-2690,茨城県鹿嶋市麹町4-9,0288-31-9011,564551713042,1661,1622,B01,E005,2024-01-11
C00973,高橋 涼平,ナカジマ ショウタ,1945-11-05,男性,80,農業,800-1000万,準富裕層,471-3064,茨城県水戸市太田ヶ谷1-11,0287-27-8593,315111010316,5632,0,B01,E005,2005-07-28
C00974,中村 加奈,ナカムラ シュウヘイ,1952-09-06,女性,73,医師,800-1000万,富裕層,514-7059,茨城県取手市橋場2-4,0287-45-1406,718550150221,8746,7018,B01,E004,2011-09-04
C00975,渡辺 加奈,ヤマザキ ユウタ,1992-04-29,女性,34,自営業,500-800万,マスリテール,198-4816,茨城県土浦市鍛冶ケ沢5-13,0280-76-5165,580341972855,1078,124,B03,E012,2013-01-20
C00976,松本 直樹,スズキ アスカ,1977-12-17,男性,48,医師,300万未満,マスリテール,981-1819,茨城県ひたちなか市神明内4-14,0285-32-6088,464922243969,816,441,B07,E072,2007-04-22
C00977,木村 翔太,マツモト ジュン,1956-07-19,男性,70,医師,3000万以上,富裕層,635-6628,茨城県水戸市白金1-9,0283-50-9910,175385414743,5491,0,B01,E066,2012-11-09
C00978,石川 直子,タナカ サトミ,1962-09-23,女性,63,不動産賃貸業,1000-1500万,富裕層,294-9769,栃木県鹿沼市鶴ヶ丘5-2,0288-95-5876,537711180656,3722,1839,B09,E074,2019-09-05
C00979,田中 陽子,ナカジマ チヨ,1953-09-06,女性,72,年金生活者,1500-3000万,準富裕層,697-1137,栃木県大田原市卯の里4-20,0283-57-2672,263636436203,2929,0,B09,E035,2008-09-30
C00980,高橋 晃,ヨシダ アケミ,1954-01-20,男性,72,自営業,500-800万,マスリテール,270-1261,茨城県筑西市小入5-20,0282-94-2866,774291270708,759,489,B08,E073,2018-08-01
C00981,林 直樹,ササキ ショウタ,1969-02-05,男性,57,経営者,1000-1500万,富裕層,046-0284,栃木県日光市羽折町4-18,0288-41-2731,551353916188,3622,2924,B12,E048,2021-09-15
C00982,前田 康弘,スズキ ヨウイチ,1982-07-18,男性,44,年金生活者,1000-1500万,マスリテール,463-8039,栃木県鹿沼市四番町5-17,0283-84-8349,262782835912,790,447,B13,E051,2024-10-17
C00983,阿部 直子,ヤマダ ハルカ,1960-05-10,女性,66,会社役員,1000-1500万,準富裕層,341-8484,茨城県筑西市北上野1-3,0283-71-5260,685421712263,4470,0,B01,E002,2007-04-04
C00984,高橋 翼,アベ キョウスケ,1963-03-20,男性,63,自営業,3000万以上,マスリテール,031-4003,茨城県筑西市筑土八幡町3-15,029-89-3827,989323291936,752,0,B02,E006,2012-03-10
C00985,田中 拓真,フジワラ リョウヘイ,1976-12-20,男性,49,公務員,800-1000万,マスリテール,557-7360,茨城県ひたちなか市松が谷5-13,029-30-3585,840880502816,440,174,B03,E013,2008-07-01
C00986,坂本 拓真,オオタ ナオコ,1960-10-10,男性,65,不動産賃貸業,1500-3000万,準富裕層,042-9494,茨城県取手市東上野5-16,0287-26-5376,744430356495,1263,0,B03,E011,2019-01-14
C00987,吉田 智也,ヤマモト アケミ,1970-06-12,男性,56,税理士,500-800万,準富裕層,701-2410,茨城県筑西市入谷2-6,0285-56-4672,896000492037,3849,0,B03,E012,2018-08-14
C00988,清水 さゆり,ササキ カオリ,1985-10-14,女性,40,不動産賃貸業,300万未満,マスリテール,015-7436,茨城県石岡市長畑4-10,0288-98-7165,698648564849,891,0,B05,E018,2009-05-07
C00989,佐藤 七夏,ヨシダ ミノル,1987-07-16,女性,39,会社役員,300-500万,富裕層,051-4119,栃木県日光市豊町3-4,0285-38-3618,737182327182,5658,0,B10,E039,2012-01-02
C00990,後藤 桃子,ミウラ ユウキ,1958-10-21,女性,67,税理士,300万未満,マスリテール,750-3223,栃木県大田原市筑土八幡町2-9,0285-81-3479,678759278255,969,380,B12,E077,2016-09-14
C00991,山本 篤司,フクダ チヨ,1986-05-24,男性,40,公務員,500-800万,マス,652-6328,栃木県足利市箪笥町5-8,0282-96-3674,327088376210,335,0,B09,E037,2012-12-25
C00992,坂本 零,ハヤシ サユリ,1973-10-04,男性,52,自営業,500-800万,マスリテール,695-5283,茨城県水戸市豊町2-12,0282-58-9119,388384052481,489,180,B01,E001,2018-08-31
C00993,伊藤 舞,ヤマモト オサム,1960-02-29,女性,66,会社員,1000-1500万,マスリテール,949-7555,栃木県真岡市吾妻橋1-17,0280-53-9818,927095744590,770,0,B09,E074,2008-09-01
C00994,鈴木 直人,イケダ モモコ,1992-09-04,男性,33,公務員,500-800万,マスリテール,729-5858,栃木県大田原市入谷5-4,0288-48-6348,304537284131,978,0,B10,E041,2012-02-01
C00995,吉田 舞,サトウ ユイ,1946-05-07,女性,80,農業,1000-1500万,富裕層,785-6896,栃木県日光市前弥六4-19,0282-31-6362,745706607307,7449,1728,B10,E040,2020-02-12
C00996,後藤 浩,タカハシ ユイ,1990-11-22,男性,35,医師,1000-1500万,マス,898-4806,栃木県大田原市西小来川1-12,029-29-8773,564194079564,426,115,B16,E081,2020-02-08
C00997,高橋 稔,ヤマダ ヤスヒロ,1989-08-14,男性,37,不動産賃貸業,3000万以上,マスリテール,471-0890,栃木県小山市細竹1-17,0283-53-6368,758729392173,1139,246,B10,E038,2006-02-04
C00998,中村 和也,キムラ ハナコ,1989-01-28,男性,37,会社役員,300-500万,マス,124-9578,茨城県筑西市橋場5-9,0280-26-5805,516270414082,378,0,B06,E025,2019-10-15
C00999,橋本 桃子,キムラ ナオキ,1951-12-16,女性,74,経営者,1000-1500万,準富裕層,916-2535,栃木県大田原市皇居外苑3-6,029-59-6156,638435085484,2966,0,B10,E041,2017-07-25
C01000,岡田 学,スズキ アキラ,1952-10-20,男性,73,不動産賃貸業,800-1000万,富裕層,901-1983,茨城県筑西市東上野5-1,0285-36-4973,962674406483,8518,0,B05,E019,2006-12-09
